{
  "type": "FeatureCollection",
  "metadata": {
    "title": "Hyderabad Metropolitan Road Network Digital Twin",
    "subtitle": "120 Intersections \u00b7 436 Directed Arterial & Collector Corridors",
    "nodes_count": 120,
    "segments_count": 436,
    "bottlenecks_count": 16,
    "center": [
      17.418,
      78.472
    ],
    "bounds": {
      "min_lon": 78.341935,
      "max_lon": 78.5851,
      "min_lat": 17.3425033,
      "max_lat": 17.4933964
    }
  },
  "features": [
    {
      "type": "Feature",
      "geometry": {
        "type": "LineString",
        "coordinates": [
          [
            78.3666303,
            17.3439514
          ],
          [
            78.3675591,
            17.3436968
          ],
          [
            78.3685379,
            17.3435902
          ],
          [
            78.3695524,
            17.3435173
          ],
          [
            78.3705922,
            17.343442
          ],
          [
            78.3716481,
            17.3433468
          ],
          [
            78.3727119,
            17.3432418
          ],
          [
            78.3737767,
            17.3431571
          ],
          [
            78.3748357,
            17.3431242
          ],
          [
            78.375881,
            17.343156
          ],
          [
            78.3769033,
            17.3432381
          ],
          [
            78.3778924,
            17.3433358
          ],
          [
            78.378834,
            17.3433334
          ]
        ]
      },
      "properties": {
        "segment_id": "R0001",
        "source_node": "N001",
        "target_node": "N002",
        "road_class": "collector",
        "lanes": 3,
        "free_flow_speed_kmh": 60.0,
        "capacity_vph": 2700.0,
        "length_km": 1.69,
        "grade_pct": 3.45,
        "structural_bottleneck": false,
        "importance": 0.7305336154401664,
        "signal_id": "SIG069"
      }
    },
    {
      "type": "Feature",
      "geometry": {
        "type": "LineString",
        "coordinates": [
          [
            78.3788118,
            17.342894
          ],
          [
            78.3778644,
            17.3427821
          ],
          [
            78.3768796,
            17.3427703
          ],
          [
            78.3758611,
            17.3427634
          ],
          [
            78.3748164,
            17.3427433
          ],
          [
            78.3737546,
            17.3427193
          ],
          [
            78.3726855,
            17.3427206
          ],
          [
            78.3716192,
            17.3427777
          ],
          [
            78.3705649,
            17.342902
          ],
          [
            78.3695301,
            17.3430778
          ],
          [
            78.3685217,
            17.3432692
          ],
          [
            78.3675461,
            17.3434395
          ],
          [
            78.3666081,
            17.343512
          ]
        ]
      },
      "properties": {
        "segment_id": "R0002",
        "source_node": "N002",
        "target_node": "N001",
        "road_class": "collector",
        "lanes": 3,
        "free_flow_speed_kmh": 30.0,
        "capacity_vph": 2700.0,
        "length_km": 1.78,
        "grade_pct": 3.69,
        "structural_bottleneck": false,
        "importance": 0.8619939550461722,
        "signal_id": "SIG088"
      }
    },
    {
      "type": "Feature",
      "geometry": {
        "type": "LineString",
        "coordinates": [
          [
            78.366417,
            17.3436451
          ],
          [
            78.3662033,
            17.3444244
          ],
          [
            78.3659666,
            17.3452331
          ],
          [
            78.3657275,
            17.3460723
          ],
          [
            78.3654797,
            17.3469312
          ],
          [
            78.3651986,
            17.3477917
          ],
          [
            78.3648592,
            17.348635
          ],
          [
            78.3644536,
            17.34945
          ],
          [
            78.3639994,
            17.3502363
          ],
          [
            78.3635322,
            17.3510013
          ],
          [
            78.3630884,
            17.3517528
          ],
          [
            78.362687,
            17.352491
          ],
          [
            78.3623234,
            17.3532061
          ]
        ]
      },
      "properties": {
        "segment_id": "R0003",
        "source_node": "N001",
        "target_node": "N013",
        "road_class": "collector",
        "lanes": 2,
        "free_flow_speed_kmh": 30.0,
        "capacity_vph": 1800.0,
        "length_km": 0.893,
        "grade_pct": -2.95,
        "structural_bottleneck": false,
        "importance": 0.8582665066556621,
        "signal_id": "SIG061"
      }
    },
    {
      "type": "Feature",
      "geometry": {
        "type": "LineString",
        "coordinates": [
          [
            78.3627278,
            17.3533793
          ],
          [
            78.3631295,
            17.3526805
          ],
          [
            78.363601,
            17.3519723
          ],
          [
            78.3640789,
            17.3512354
          ],
          [
            78.3645329,
            17.3504647
          ],
          [
            78.3649324,
            17.349655
          ],
          [
            78.3652646,
            17.3488086
          ],
          [
            78.3655415,
            17.3479385
          ],
          [
            78.3657937,
            17.3470657
          ],
          [
            78.3660518,
            17.3462111
          ],
          [
            78.3663288,
            17.3453882
          ],
          [
            78.3666125,
            17.3445996
          ],
          [
            78.3668214,
            17.3438183
          ]
        ]
      },
      "properties": {
        "segment_id": "R0004",
        "source_node": "N013",
        "target_node": "N001",
        "road_class": "collector",
        "lanes": 3,
        "free_flow_speed_kmh": 60.0,
        "capacity_vph": 2700.0,
        "length_km": 1.311,
        "grade_pct": -2.86,
        "structural_bottleneck": false,
        "importance": 0.6130158643805834,
        "signal_id": "SIG088"
      }
    },
    {
      "type": "Feature",
      "geometry": {
        "type": "LineString",
        "coordinates": [
          [
            78.3788292,
            17.3433336
          ],
          [
            78.3804592,
            17.3431605
          ],
          [
            78.382161,
            17.3429164
          ],
          [
            78.3839228,
            17.3427114
          ],
          [
            78.385731,
            17.3425759
          ],
          [
            78.3875709,
            17.3425206
          ],
          [
            78.3894274,
            17.3425292
          ],
          [
            78.3912847,
            17.3425656
          ],
          [
            78.3931271,
            17.3425937
          ],
          [
            78.3949392,
            17.342597
          ],
          [
            78.3967066,
            17.3425862
          ],
          [
            78.3984155,
            17.3425915
          ],
          [
            78.4000543,
            17.3427232
          ]
        ]
      },
      "properties": {
        "segment_id": "R0005",
        "source_node": "N002",
        "target_node": "N003",
        "road_class": "collector",
        "lanes": 3,
        "free_flow_speed_kmh": 40.0,
        "capacity_vph": 2700.0,
        "length_km": 0.794,
        "grade_pct": -2.1,
        "structural_bottleneck": false,
        "importance": 0.6536189296020534,
        "signal_id": "SIG065"
      }
    },
    {
      "type": "Feature",
      "geometry": {
        "type": "LineString",
        "coordinates": [
          [
            78.4000417,
            17.3422834
          ],
          [
            78.3984025,
            17.3421382
          ],
          [
            78.3966894,
            17.3419859
          ],
          [
            78.3949195,
            17.3419116
          ],
          [
            78.3931078,
            17.3419248
          ],
          [
            78.3912687,
            17.3420077
          ],
          [
            78.3894157,
            17.342123
          ],
          [
            78.3875627,
            17.3422339
          ],
          [
            78.3857237,
            17.3423231
          ],
          [
            78.3839139,
            17.3424008
          ],
          [
            78.3821489,
            17.3424963
          ],
          [
            78.3804442,
            17.3426388
          ],
          [
            78.3788166,
            17.3428938
          ]
        ]
      },
      "properties": {
        "segment_id": "R0006",
        "source_node": "N003",
        "target_node": "N002",
        "road_class": "collector",
        "lanes": 3,
        "free_flow_speed_kmh": 40.0,
        "capacity_vph": 2700.0,
        "length_km": 0.825,
        "grade_pct": 3.32,
        "structural_bottleneck": false,
        "importance": 0.7006395142957513,
        "signal_id": "SIG069"
      }
    },
    {
      "type": "Feature",
      "geometry": {
        "type": "LineString",
        "coordinates": [
          [
            78.3786033,
            17.3431271
          ],
          [
            78.3789021,
            17.34379
          ],
          [
            78.379119,
            17.3444886
          ],
          [
            78.379246,
            17.3452173
          ],
          [
            78.3793005,
            17.3459689
          ],
          [
            78.3793192,
            17.346735
          ],
          [
            78.3793381,
            17.3475071
          ],
          [
            78.3793735,
            17.3482783
          ],
          [
            78.3794142,
            17.349043
          ],
          [
            78.3794301,
            17.3497969
          ],
          [
            78.3793917,
            17.3505357
          ],
          [
            78.3792891,
            17.3512539
          ],
          [
            78.3791416,
            17.351944
          ]
        ]
      },
      "properties": {
        "segment_id": "R0007",
        "source_node": "N002",
        "target_node": "N014",
        "road_class": "collector",
        "lanes": 2,
        "free_flow_speed_kmh": 50.0,
        "capacity_vph": 1800.0,
        "length_km": 0.795,
        "grade_pct": 3.99,
        "structural_bottleneck": false,
        "importance": 0.8537533427506035,
        "signal_id": null
      }
    },
    {
      "type": "Feature",
      "geometry": {
        "type": "LineString",
        "coordinates": [
          [
            78.3795808,
            17.3519172
          ],
          [
            78.3798276,
            17.351221
          ],
          [
            78.3799171,
            17.3505036
          ],
          [
            78.3799264,
            17.3497666
          ],
          [
            78.3798931,
            17.3490138
          ],
          [
            78.3798541,
            17.348249
          ],
          [
            78.3798261,
            17.3474773
          ],
          [
            78.3797984,
            17.3467057
          ],
          [
            78.3797419,
            17.345942
          ],
          [
            78.3796278,
            17.345194
          ],
          [
            78.3794479,
            17.3444686
          ],
          [
            78.3792208,
            17.3437706
          ],
          [
            78.3790425,
            17.3431003
          ]
        ]
      },
      "properties": {
        "segment_id": "R0008",
        "source_node": "N014",
        "target_node": "N002",
        "road_class": "collector",
        "lanes": 2,
        "free_flow_speed_kmh": 50.0,
        "capacity_vph": 1800.0,
        "length_km": 1.592,
        "grade_pct": -2.2,
        "structural_bottleneck": false,
        "importance": 0.7043864528609101,
        "signal_id": "SIG069"
      }
    },
    {
      "type": "Feature",
      "geometry": {
        "type": "LineString",
        "coordinates": [
          [
            78.399995,
            17.3428189
          ],
          [
            78.4019895,
            17.3428782
          ],
          [
            78.4040446,
            17.3431143
          ],
          [
            78.4061625,
            17.3434082
          ],
          [
            78.4083313,
            17.3437211
          ],
          [
            78.4105364,
            17.344034
          ],
          [
            78.4127582,
            17.3443549
          ],
          [
            78.4149742,
            17.3447104
          ],
          [
            78.417162,
            17.3451257
          ],
          [
            78.4193028,
            17.345606
          ],
          [
            78.4213821,
            17.3461296
          ],
          [
            78.4233885,
            17.3466565
          ],
          [
            78.4253236,
            17.3470689
          ]
        ]
      },
      "properties": {
        "segment_id": "R0009",
        "source_node": "N003",
        "target_node": "N004",
        "road_class": "arterial",
        "lanes": 1,
        "free_flow_speed_kmh": 50.0,
        "capacity_vph": 1035.0,
        "length_km": 1.12,
        "grade_pct": 2.79,
        "structural_bottleneck": false,
        "importance": 1.0604338859921203,
        "signal_id": null
      }
    },
    {
      "type": "Feature",
      "geometry": {
        "type": "LineString",
        "coordinates": [
          [
            78.4254296,
            17.3464377
          ],
          [
            78.4235326,
            17.3457978
          ],
          [
            78.4215182,
            17.3453187
          ],
          [
            78.4194225,
            17.3448925
          ],
          [
            78.4172699,
            17.344483
          ],
          [
            78.4150818,
            17.3440687
          ],
          [
            78.4128757,
            17.3436547
          ],
          [
            78.4106648,
            17.3432687
          ],
          [
            78.4084617,
            17.342944
          ],
          [
            78.4062815,
            17.342699
          ],
          [
            78.4041434,
            17.3425255
          ],
          [
            78.4020709,
            17.342393
          ],
          [
            78.400101,
            17.3421877
          ]
        ]
      },
      "properties": {
        "segment_id": "R0010",
        "source_node": "N004",
        "target_node": "N003",
        "road_class": "arterial",
        "lanes": 2,
        "free_flow_speed_kmh": 30.0,
        "capacity_vph": 2070.0,
        "length_km": 1.179,
        "grade_pct": -0.38,
        "structural_bottleneck": false,
        "importance": 1.0040839664778936,
        "signal_id": "SIG065"
      }
    },
    {
      "type": "Feature",
      "geometry": {
        "type": "LineString",
        "coordinates": [
          [
            78.3997429,
            17.3424068
          ],
          [
            78.3997381,
            17.3433314
          ],
          [
            78.3995896,
            17.3442524
          ],
          [
            78.3994011,
            17.3451941
          ],
          [
            78.3991984,
            17.3461564
          ],
          [
            78.3989815,
            17.3471309
          ],
          [
            78.398729,
            17.3481025
          ],
          [
            78.3984142,
            17.3490544
          ],
          [
            78.3980249,
            17.3499743
          ],
          [
            78.3975748,
            17.3508583
          ],
          [
            78.3970991,
            17.3517092
          ],
          [
            78.3966384,
            17.3525314
          ],
          [
            78.3962817,
            17.3533447
          ]
        ]
      },
      "properties": {
        "segment_id": "R0011",
        "source_node": "N003",
        "target_node": "N015",
        "road_class": "arterial",
        "lanes": 2,
        "free_flow_speed_kmh": 50.0,
        "capacity_vph": 2070.0,
        "length_km": 1.17,
        "grade_pct": -3.4,
        "structural_bottleneck": false,
        "importance": 1.2379449586344993,
        "signal_id": "SIG001"
      }
    },
    {
      "type": "Feature",
      "geometry": {
        "type": "LineString",
        "coordinates": [
          [
            78.3968919,
            17.3535377
          ],
          [
            78.3973702,
            17.3527629
          ],
          [
            78.3978102,
            17.3519342
          ],
          [
            78.3982467,
            17.351071
          ],
          [
            78.3986746,
            17.3501799
          ],
          [
            78.3990675,
            17.3492611
          ],
          [
            78.3993942,
            17.348313
          ],
          [
            78.3996383,
            17.3473387
          ],
          [
            78.3998091,
            17.3463496
          ],
          [
            78.3999374,
            17.3453638
          ],
          [
            78.4000589,
            17.3444009
          ],
          [
            78.4001945,
            17.3434758
          ],
          [
            78.4003531,
            17.3425998
          ]
        ]
      },
      "properties": {
        "segment_id": "R0012",
        "source_node": "N015",
        "target_node": "N003",
        "road_class": "arterial",
        "lanes": 2,
        "free_flow_speed_kmh": 40.0,
        "capacity_vph": 2070.0,
        "length_km": 0.825,
        "grade_pct": 2.42,
        "structural_bottleneck": false,
        "importance": 1.3032686541034266,
        "signal_id": "SIG065"
      }
    },
    {
      "type": "Feature",
      "geometry": {
        "type": "LineString",
        "coordinates": [
          [
            78.4253603,
            17.3469727
          ],
          [
            78.427287,
            17.3469177
          ],
          [
            78.4293018,
            17.3468438
          ],
          [
            78.4313839,
            17.3467986
          ],
          [
            78.4335141,
            17.3468059
          ],
          [
            78.435673,
            17.3468944
          ],
          [
            78.4378422,
            17.347077
          ],
          [
            78.4400055,
            17.3473396
          ],
          [
            78.4421482,
            17.3476458
          ],
          [
            78.4442561,
            17.3479543
          ],
          [
            78.4463136,
            17.3482399
          ],
          [
            78.4483033,
            17.348504
          ],
          [
            78.4502027,
            17.3488165
          ]
        ]
      },
      "properties": {
        "segment_id": "R0013",
        "source_node": "N004",
        "target_node": "N005",
        "road_class": "collector",
        "lanes": 3,
        "free_flow_speed_kmh": 30.0,
        "capacity_vph": 2700.0,
        "length_km": 1.052,
        "grade_pct": -0.13,
        "structural_bottleneck": false,
        "importance": 0.8597574733637837,
        "signal_id": "SIG062"
      }
    },
    {
      "type": "Feature",
      "geometry": {
        "type": "LineString",
        "coordinates": [
          [
            78.4502353,
            17.3483777
          ],
          [
            78.4483395,
            17.3480164
          ],
          [
            78.446361,
            17.3476008
          ],
          [
            78.4443094,
            17.3472362
          ],
          [
            78.4421996,
            17.3469536
          ],
          [
            78.4400479,
            17.3467679
          ],
          [
            78.4378726,
            17.3466671
          ],
          [
            78.4356936,
            17.3466169
          ],
          [
            78.4335309,
            17.3465786
          ],
          [
            78.4314038,
            17.3465296
          ],
          [
            78.4293292,
            17.3464743
          ],
          [
            78.4273225,
            17.3464391
          ],
          [
            78.4253929,
            17.3465339
          ]
        ]
      },
      "properties": {
        "segment_id": "R0014",
        "source_node": "N005",
        "target_node": "N004",
        "road_class": "collector",
        "lanes": 2,
        "free_flow_speed_kmh": 40.0,
        "capacity_vph": 1800.0,
        "length_km": 0.882,
        "grade_pct": 2.56,
        "structural_bottleneck": false,
        "importance": 0.7874337140951665,
        "signal_id": null
      }
    },
    {
      "type": "Feature",
      "geometry": {
        "type": "LineString",
        "coordinates": [
          [
            78.4251606,
            17.3467115
          ],
          [
            78.4251287,
            17.3474483
          ],
          [
            78.425132,
            17.3482253
          ],
          [
            78.4250764,
            17.3490178
          ],
          [
            78.4249473,
            17.3498162
          ],
          [
            78.4247563,
            17.350616
          ],
          [
            78.4245372,
            17.3514171
          ],
          [
            78.4243274,
            17.35222
          ],
          [
            78.4241486,
            17.3530222
          ],
          [
            78.4239956,
            17.3538159
          ],
          [
            78.4238417,
            17.3545894
          ],
          [
            78.4236561,
            17.3553299
          ],
          [
            78.4233607,
            17.3560157
          ]
        ]
      },
      "properties": {
        "segment_id": "R0015",
        "source_node": "N004",
        "target_node": "N016",
        "road_class": "collector",
        "lanes": 2,
        "free_flow_speed_kmh": 60.0,
        "capacity_vph": 1800.0,
        "length_km": 0.995,
        "grade_pct": -1.77,
        "structural_bottleneck": false,
        "importance": 0.8412174458379911,
        "signal_id": "SIG006"
      }
    },
    {
      "type": "Feature",
      "geometry": {
        "type": "LineString",
        "coordinates": [
          [
            78.4237927,
            17.3560993
          ],
          [
            78.4241054,
            17.3554169
          ],
          [
            78.4243768,
            17.3546929
          ],
          [
            78.4245792,
            17.3539288
          ],
          [
            78.4247225,
            17.3531332
          ],
          [
            78.4248382,
            17.3523188
          ],
          [
            78.4249612,
            17.3514991
          ],
          [
            78.4251106,
            17.3506846
          ],
          [
            78.4252785,
            17.3498803
          ],
          [
            78.4254357,
            17.3490873
          ],
          [
            78.425549,
            17.348306
          ],
          [
            78.4256016,
            17.3475397
          ],
          [
            78.4255926,
            17.3467951
          ]
        ]
      },
      "properties": {
        "segment_id": "R0016",
        "source_node": "N016",
        "target_node": "N004",
        "road_class": "collector",
        "lanes": 2,
        "free_flow_speed_kmh": 60.0,
        "capacity_vph": 1800.0,
        "length_km": 1.688,
        "grade_pct": -3.67,
        "structural_bottleneck": false,
        "importance": 0.7987052082373174,
        "signal_id": null
      }
    },
    {
      "type": "Feature",
      "geometry": {
        "type": "LineString",
        "coordinates": [
          [
            78.4502096,
            17.3488169
          ],
          [
            78.4519843,
            17.3486753
          ],
          [
            78.4538332,
            17.3486658
          ],
          [
            78.4557428,
            17.3487268
          ],
          [
            78.4576988,
            17.3488242
          ],
          [
            78.4596868,
            17.3489203
          ],
          [
            78.4616916,
            17.3489939
          ],
          [
            78.4636972,
            17.3490514
          ],
          [
            78.4656863,
            17.3491207
          ],
          [
            78.4676416,
            17.3492331
          ],
          [
            78.4695466,
            17.3494034
          ],
          [
            78.4713859,
            17.3496189
          ],
          [
            78.4731469,
            17.3497966
          ]
        ]
      },
      "properties": {
        "segment_id": "R0017",
        "source_node": "N005",
        "target_node": "N006",
        "road_class": "collector",
        "lanes": 2,
        "free_flow_speed_kmh": 60.0,
        "capacity_vph": 1800.0,
        "length_km": 0.942,
        "grade_pct": 0.34,
        "structural_bottleneck": false,
        "importance": 0.5978242125779955,
        "signal_id": "SIG072"
      }
    },
    {
      "type": "Feature",
      "geometry": {
        "type": "LineString",
        "coordinates": [
          [
            78.4731657,
            17.349357
          ],
          [
            78.4714092,
            17.3490725
          ],
          [
            78.4695666,
            17.3489362
          ],
          [
            78.4676586,
            17.3488354
          ],
          [
            78.4657028,
            17.3487336
          ],
          [
            78.463716,
            17.3486115
          ],
          [
            78.4617137,
            17.3484768
          ],
          [
            78.4597107,
            17.3483588
          ],
          [
            78.4577216,
            17.3482901
          ],
          [
            78.4557616,
            17.3482863
          ],
          [
            78.4538473,
            17.3483354
          ],
          [
            78.4519959,
            17.3484044
          ],
          [
            78.4502284,
            17.3483773
          ]
        ]
      },
      "properties": {
        "segment_id": "R0018",
        "source_node": "N006",
        "target_node": "N005",
        "road_class": "collector",
        "lanes": 1,
        "free_flow_speed_kmh": 50.0,
        "capacity_vph": 900.0,
        "length_km": 1.157,
        "grade_pct": 1.06,
        "structural_bottleneck": false,
        "importance": 0.5984338793362096,
        "signal_id": "SIG062"
      }
    },
    {
      "type": "Feature",
      "geometry": {
        "type": "LineString",
        "coordinates": [
          [
            78.450012,
            17.3485226
          ],
          [
            78.449923,
            17.349253
          ],
          [
            78.4497246,
            17.3499785
          ],
          [
            78.4495125,
            17.3507264
          ],
          [
            78.4493075,
            17.3514977
          ],
          [
            78.4491051,
            17.3522836
          ],
          [
            78.4488803,
            17.3530683
          ],
          [
            78.4486056,
            17.3538351
          ],
          [
            78.4482698,
            17.354573
          ],
          [
            78.4478872,
            17.3552803
          ],
          [
            78.4474923,
            17.3559625
          ],
          [
            78.4471222,
            17.3566262
          ],
          [
            78.4468566,
            17.357293
          ]
        ]
      },
      "properties": {
        "segment_id": "R0019",
        "source_node": "N005",
        "target_node": "N017",
        "road_class": "collector",
        "lanes": 2,
        "free_flow_speed_kmh": 40.0,
        "capacity_vph": 1800.0,
        "length_km": 1.172,
        "grade_pct": -2.35,
        "structural_bottleneck": false,
        "importance": 0.7260987197721256,
        "signal_id": null
      }
    },
    {
      "type": "Feature",
      "geometry": {
        "type": "LineString",
        "coordinates": [
          [
            78.4472706,
            17.357442
          ],
          [
            78.4477165,
            17.35684
          ],
          [
            78.4480468,
            17.356162
          ],
          [
            78.4483647,
            17.3554521
          ],
          [
            78.4486942,
            17.3547257
          ],
          [
            78.4490349,
            17.3539895
          ],
          [
            78.449363,
            17.3532419
          ],
          [
            78.4496457,
            17.3524781
          ],
          [
            78.4498613,
            17.3516969
          ],
          [
            78.450012,
            17.3509062
          ],
          [
            78.4501236,
            17.350122
          ],
          [
            78.4502309,
            17.3493638
          ],
          [
            78.450426,
            17.3486716
          ]
        ]
      },
      "properties": {
        "segment_id": "R0020",
        "source_node": "N017",
        "target_node": "N005",
        "road_class": "collector",
        "lanes": 2,
        "free_flow_speed_kmh": 60.0,
        "capacity_vph": 1800.0,
        "length_km": 1.644,
        "grade_pct": 0.93,
        "structural_bottleneck": false,
        "importance": 0.618171439656672,
        "signal_id": "SIG062"
      }
    },
    {
      "type": "Feature",
      "geometry": {
        "type": "LineString",
        "coordinates": [
          [
            78.4731019,
            17.3498922
          ],
          [
            78.4749477,
            17.3500455
          ],
          [
            78.4768663,
            17.3502666
          ],
          [
            78.4788505,
            17.3504989
          ],
          [
            78.4808843,
            17.3507378
          ],
          [
            78.4829472,
            17.3510033
          ],
          [
            78.4850175,
            17.3513243
          ],
          [
            78.4870752,
            17.3517182
          ],
          [
            78.4891048,
            17.352177
          ],
          [
            78.4910951,
            17.352668
          ],
          [
            78.4930363,
            17.3531496
          ],
          [
            78.4949168,
            17.3535918
          ],
          [
            78.4967249,
            17.3539636
          ]
        ]
      },
      "properties": {
        "segment_id": "R0021",
        "source_node": "N006",
        "target_node": "N007",
        "road_class": "arterial",
        "lanes": 2,
        "free_flow_speed_kmh": 40.0,
        "capacity_vph": 2070.0,
        "length_km": 1.625,
        "grade_pct": 0.32,
        "structural_bottleneck": false,
        "importance": 0.9726815671296084,
        "signal_id": null
      }
    },
    {
      "type": "Feature",
      "geometry": {
        "type": "LineString",
        "coordinates": [
          [
            78.4968337,
            17.3533328
          ],
          [
            78.4950375,
            17.3528917
          ],
          [
            78.4931643,
            17.3524071
          ],
          [
            78.4912249,
            17.3519151
          ],
          [
            78.4892316,
            17.3514412
          ],
          [
            78.4871955,
            17.3510199
          ],
          [
            78.4851296,
            17.3506737
          ],
          [
            78.4830512,
            17.3503998
          ],
          [
            78.480982,
            17.3501708
          ],
          [
            78.478945,
            17.3499506
          ],
          [
            78.4769614,
            17.3497149
          ],
          [
            78.4750478,
            17.3494651
          ],
          [
            78.4732107,
            17.3492614
          ]
        ]
      },
      "properties": {
        "segment_id": "R0022",
        "source_node": "N007",
        "target_node": "N006",
        "road_class": "arterial",
        "lanes": 2,
        "free_flow_speed_kmh": 50.0,
        "capacity_vph": 2070.0,
        "length_km": 1.375,
        "grade_pct": 0.2,
        "structural_bottleneck": false,
        "importance": 1.212835938130453,
        "signal_id": "SIG072"
      }
    },
    {
      "type": "Feature",
      "geometry": {
        "type": "LineString",
        "coordinates": [
          [
            78.4728489,
            17.3494878
          ],
          [
            78.4721581,
            17.3501268
          ],
          [
            78.4716667,
            17.3508615
          ],
          [
            78.4712705,
            17.3516539
          ],
          [
            78.4709299,
            17.3524852
          ],
          [
            78.4706174,
            17.3533397
          ],
          [
            78.4703302,
            17.3542092
          ],
          [
            78.4700892,
            17.355092
          ],
          [
            78.4699237,
            17.3559891
          ],
          [
            78.4698509,
            17.3568979
          ],
          [
            78.4698632,
            17.3578086
          ],
          [
            78.4699294,
            17.3587047
          ],
          [
            78.469937,
            17.3595459
          ]
        ]
      },
      "properties": {
        "segment_id": "R0023",
        "source_node": "N006",
        "target_node": "N018",
        "road_class": "arterial",
        "lanes": 3,
        "free_flow_speed_kmh": 40.0,
        "capacity_vph": 3105.0,
        "length_km": 1.726,
        "grade_pct": -0.47,
        "structural_bottleneck": false,
        "importance": 1.2441170810713975,
        "signal_id": "SIG004"
      }
    },
    {
      "type": "Feature",
      "geometry": {
        "type": "LineString",
        "coordinates": [
          [
            78.4705518,
            17.3597239
          ],
          [
            78.4703545,
            17.3588277
          ],
          [
            78.4703456,
            17.3579483
          ],
          [
            78.4704134,
            17.3570607
          ],
          [
            78.4705263,
            17.3561635
          ],
          [
            78.470678,
            17.3552624
          ],
          [
            78.4708856,
            17.35437
          ],
          [
            78.4711742,
            17.3535009
          ],
          [
            78.4715568,
            17.3526667
          ],
          [
            78.4720215,
            17.3518713
          ],
          [
            78.4725325,
            17.3511121
          ],
          [
            78.4730465,
            17.3503841
          ],
          [
            78.4734637,
            17.3496658
          ]
        ]
      },
      "properties": {
        "segment_id": "R0024",
        "source_node": "N018",
        "target_node": "N006",
        "road_class": "arterial",
        "lanes": 2,
        "free_flow_speed_kmh": 30.0,
        "capacity_vph": 2070.0,
        "length_km": 1.142,
        "grade_pct": -3.0,
        "structural_bottleneck": false,
        "importance": 1.0570759166773869,
        "signal_id": "SIG072"
      }
    },
    {
      "type": "Feature",
      "geometry": {
        "type": "LineString",
        "coordinates": [
          [
            78.4967414,
            17.3538649
          ],
          [
            78.4982467,
            17.3538553
          ],
          [
            78.4998084,
            17.3539109
          ],
          [
            78.5014061,
            17.3540708
          ],
          [
            78.503028,
            17.3543253
          ],
          [
            78.5046663,
            17.3546407
          ],
          [
            78.5063149,
            17.3549756
          ],
          [
            78.5079651,
            17.3553008
          ],
          [
            78.5096039,
            17.3556134
          ],
          [
            78.5112142,
            17.3559342
          ],
          [
            78.5127774,
            17.3562919
          ],
          [
            78.514277,
            17.3567027
          ],
          [
            78.5156971,
            17.3571798
          ]
        ]
      },
      "properties": {
        "segment_id": "R0025",
        "source_node": "N007",
        "target_node": "N008",
        "road_class": "collector",
        "lanes": 2,
        "free_flow_speed_kmh": 60.0,
        "capacity_vph": 1800.0,
        "length_km": 1.007,
        "grade_pct": -0.86,
        "structural_bottleneck": false,
        "importance": 0.5686080071650352,
        "signal_id": "SIG071"
      }
    },
    {
      "type": "Feature",
      "geometry": {
        "type": "LineString",
        "coordinates": [
          [
            78.5157729,
            17.3567464
          ],
          [
            78.5143685,
            17.3561793
          ],
          [
            78.5128739,
            17.3557399
          ],
          [
            78.5113103,
            17.3553847
          ],
          [
            78.5096964,
            17.3550844
          ],
          [
            78.5080523,
            17.3548018
          ],
          [
            78.5063958,
            17.3545128
          ],
          [
            78.5047401,
            17.354219
          ],
          [
            78.5030943,
            17.3539461
          ],
          [
            78.5014662,
            17.3537271
          ],
          [
            78.4998658,
            17.3535824
          ],
          [
            78.4983077,
            17.3535062
          ],
          [
            78.4968172,
            17.3534315
          ]
        ]
      },
      "properties": {
        "segment_id": "R0026",
        "source_node": "N008",
        "target_node": "N007",
        "road_class": "collector",
        "lanes": 2,
        "free_flow_speed_kmh": 60.0,
        "capacity_vph": 1800.0,
        "length_km": 1.297,
        "grade_pct": -2.72,
        "structural_bottleneck": false,
        "importance": 0.7953407523857293,
        "signal_id": null
      }
    },
    {
      "type": "Feature",
      "geometry": {
        "type": "LineString",
        "coordinates": [
          [
            78.4965684,
            17.3535857
          ],
          [
            78.4968405,
            17.3543756
          ],
          [
            78.4968944,
            17.3551328
          ],
          [
            78.4968399,
            17.3558835
          ],
          [
            78.4967201,
            17.356634
          ],
          [
            78.4965653,
            17.357387
          ],
          [
            78.4963802,
            17.3581374
          ],
          [
            78.496147,
            17.3588735
          ],
          [
            78.4958404,
            17.3595815
          ],
          [
            78.495448,
            17.3602512
          ],
          [
            78.4949828,
            17.3608802
          ],
          [
            78.4944806,
            17.3614727
          ],
          [
            78.4940584,
            17.3620568
          ]
        ]
      },
      "properties": {
        "segment_id": "R0027",
        "source_node": "N007",
        "target_node": "N019",
        "road_class": "collector",
        "lanes": 3,
        "free_flow_speed_kmh": 50.0,
        "capacity_vph": 2700.0,
        "length_km": 0.89,
        "grade_pct": 0.56,
        "structural_bottleneck": false,
        "importance": 0.7545468325671283,
        "signal_id": "SIG005"
      }
    },
    {
      "type": "Feature",
      "geometry": {
        "type": "LineString",
        "coordinates": [
          [
            78.4944802,
            17.3621818
          ],
          [
            78.4950918,
            17.3616538
          ],
          [
            78.4955374,
            17.3610446
          ],
          [
            78.4959231,
            17.360392
          ],
          [
            78.4962754,
            17.3597104
          ],
          [
            78.4965953,
            17.3590063
          ],
          [
            78.4968612,
            17.3582799
          ],
          [
            78.4970442,
            17.3575289
          ],
          [
            78.4971289,
            17.3567551
          ],
          [
            78.4971251,
            17.355968
          ],
          [
            78.4970654,
            17.3551834
          ],
          [
            78.4969894,
            17.3544197
          ],
          [
            78.4969902,
            17.3537107
          ]
        ]
      },
      "properties": {
        "segment_id": "R0028",
        "source_node": "N019",
        "target_node": "N007",
        "road_class": "collector",
        "lanes": 2,
        "free_flow_speed_kmh": 50.0,
        "capacity_vph": 1800.0,
        "length_km": 1.53,
        "grade_pct": -2.26,
        "structural_bottleneck": false,
        "importance": 0.6083821627730317,
        "signal_id": null
      }
    },
    {
      "type": "Feature",
      "geometry": {
        "type": "LineString",
        "coordinates": [
          [
            78.5157127,
            17.357182
          ],
          [
            78.5172923,
            17.3571165
          ],
          [
            78.518936,
            17.3571187
          ],
          [
            78.5206344,
            17.3571406
          ],
          [
            78.5223735,
            17.3571811
          ],
          [
            78.5241368,
            17.3572625
          ],
          [
            78.5259072,
            17.3574138
          ],
          [
            78.5276689,
            17.3576504
          ],
          [
            78.5294088,
            17.3579611
          ],
          [
            78.5311164,
            17.3583113
          ],
          [
            78.5327815,
            17.3586593
          ],
          [
            78.534393,
            17.3589774
          ],
          [
            78.5359387,
            17.3592445
          ]
        ]
      },
      "properties": {
        "segment_id": "R0029",
        "source_node": "N008",
        "target_node": "N009",
        "road_class": "collector",
        "lanes": 2,
        "free_flow_speed_kmh": 40.0,
        "capacity_vph": 1800.0,
        "length_km": 1.371,
        "grade_pct": 3.96,
        "structural_bottleneck": false,
        "importance": 0.7958421231837285,
        "signal_id": null
      }
    },
    {
      "type": "Feature",
      "geometry": {
        "type": "LineString",
        "coordinates": [
          [
            78.5359833,
            17.3588067
          ],
          [
            78.5344371,
            17.3585452
          ],
          [
            78.5328149,
            17.358332
          ],
          [
            78.5311379,
            17.3581002
          ],
          [
            78.5294207,
            17.3578451
          ],
          [
            78.5276752,
            17.3575882
          ],
          [
            78.5259123,
            17.3573641
          ],
          [
            78.5241432,
            17.3571999
          ],
          [
            78.5223819,
            17.3570987
          ],
          [
            78.5206449,
            17.3570371
          ],
          [
            78.5189502,
            17.356979
          ],
          [
            78.5173148,
            17.3568957
          ],
          [
            78.5157573,
            17.3567442
          ]
        ]
      },
      "properties": {
        "segment_id": "R0030",
        "source_node": "N009",
        "target_node": "N008",
        "road_class": "collector",
        "lanes": 2,
        "free_flow_speed_kmh": 30.0,
        "capacity_vph": 1800.0,
        "length_km": 1.099,
        "grade_pct": 3.48,
        "structural_bottleneck": false,
        "importance": 0.7419895747194283,
        "signal_id": "SIG071"
      }
    },
    {
      "type": "Feature",
      "geometry": {
        "type": "LineString",
        "coordinates": [
          [
            78.5155201,
            17.3569162
          ],
          [
            78.5157074,
            17.3577018
          ],
          [
            78.5158514,
            17.3585116
          ],
          [
            78.5159414,
            17.3593364
          ],
          [
            78.5159641,
            17.3601668
          ],
          [
            78.5158934,
            17.3609902
          ],
          [
            78.5157111,
            17.361796
          ],
          [
            78.5154226,
            17.3625786
          ],
          [
            78.5150589,
            17.3633381
          ],
          [
            78.5146637,
            17.3640773
          ],
          [
            78.5142731,
            17.3647974
          ],
          [
            78.5138991,
            17.3654942
          ],
          [
            78.5135058,
            17.3661531
          ]
        ]
      },
      "properties": {
        "segment_id": "R0031",
        "source_node": "N008",
        "target_node": "N020",
        "road_class": "collector",
        "lanes": 2,
        "free_flow_speed_kmh": 60.0,
        "capacity_vph": 1800.0,
        "length_km": 1.486,
        "grade_pct": -1.85,
        "structural_bottleneck": false,
        "importance": 0.7995034503140447,
        "signal_id": null
      }
    },
    {
      "type": "Feature",
      "geometry": {
        "type": "LineString",
        "coordinates": [
          [
            78.5139356,
            17.3662469
          ],
          [
            78.5144275,
            17.3656094
          ],
          [
            78.5149398,
            17.3649428
          ],
          [
            78.5153867,
            17.364235
          ],
          [
            78.5157393,
            17.3634865
          ],
          [
            78.5159768,
            17.3626995
          ],
          [
            78.5161022,
            17.3618813
          ],
          [
            78.5161441,
            17.3610449
          ],
          [
            78.5161434,
            17.3602059
          ],
          [
            78.516133,
            17.3593782
          ],
          [
            78.5161219,
            17.3585706
          ],
          [
            78.5160936,
            17.357786
          ],
          [
            78.5159499,
            17.35701
          ]
        ]
      },
      "properties": {
        "segment_id": "R0032",
        "source_node": "N020",
        "target_node": "N008",
        "road_class": "collector",
        "lanes": 3,
        "free_flow_speed_kmh": 40.0,
        "capacity_vph": 2700.0,
        "length_km": 1.595,
        "grade_pct": 2.01,
        "structural_bottleneck": false,
        "importance": 0.6931030341261197,
        "signal_id": "SIG071"
      }
    },
    {
      "type": "Feature",
      "geometry": {
        "type": "LineString",
        "coordinates": [
          [
            78.5358886,
            17.3593373
          ],
          [
            78.5377479,
            17.3596507
          ],
          [
            78.5397037,
            17.3599244
          ],
          [
            78.5417146,
            17.3602608
          ],
          [
            78.5437586,
            17.3606798
          ],
          [
            78.5458192,
            17.3611777
          ],
          [
            78.5478856,
            17.3617252
          ],
          [
            78.5499502,
            17.3622808
          ],
          [
            78.5520031,
            17.3628116
          ],
          [
            78.5540291,
            17.3633084
          ],
          [
            78.5560068,
            17.3637874
          ],
          [
            78.5579124,
            17.3642771
          ],
          [
            78.5597065,
            17.3648714
          ]
        ]
      },
      "properties": {
        "segment_id": "R0033",
        "source_node": "N009",
        "target_node": "N010",
        "road_class": "arterial",
        "lanes": 2,
        "free_flow_speed_kmh": 60.0,
        "capacity_vph": 2070.0,
        "length_km": 1.287,
        "grade_pct": -3.2,
        "structural_bottleneck": false,
        "importance": 1.09625306245233,
        "signal_id": "SIG064"
      }
    },
    {
      "type": "Feature",
      "geometry": {
        "type": "LineString",
        "coordinates": [
          [
            78.5598513,
            17.364248
          ],
          [
            78.5580602,
            17.3636408
          ],
          [
            78.5561822,
            17.3630324
          ],
          [
            78.5542205,
            17.3624846
          ],
          [
            78.5521915,
            17.3620007
          ],
          [
            78.550118,
            17.3615586
          ],
          [
            78.5480252,
            17.3611244
          ],
          [
            78.5459364,
            17.3606729
          ],
          [
            78.5438694,
            17.360203
          ],
          [
            78.5418359,
            17.3597387
          ],
          [
            78.5398451,
            17.3593158
          ],
          [
            78.537908,
            17.3589616
          ],
          [
            78.5360334,
            17.3587139
          ]
        ]
      },
      "properties": {
        "segment_id": "R0034",
        "source_node": "N010",
        "target_node": "N009",
        "road_class": "arterial",
        "lanes": 2,
        "free_flow_speed_kmh": 30.0,
        "capacity_vph": 2070.0,
        "length_km": 1.055,
        "grade_pct": 3.32,
        "structural_bottleneck": false,
        "importance": 1.0551922695023663,
        "signal_id": null
      }
    },
    {
      "type": "Feature",
      "geometry": {
        "type": "LineString",
        "coordinates": [
          [
            78.5356413,
            17.3590111
          ],
          [
            78.5358463,
            17.3598167
          ],
          [
            78.5359399,
            17.3606532
          ],
          [
            78.5359503,
            17.3615147
          ],
          [
            78.5359047,
            17.3623951
          ],
          [
            78.5358424,
            17.3632892
          ],
          [
            78.5357933,
            17.3641911
          ],
          [
            78.5357627,
            17.3650938
          ],
          [
            78.5357301,
            17.3659892
          ],
          [
            78.5356631,
            17.3668687
          ],
          [
            78.5355383,
            17.3677241
          ],
          [
            78.5353573,
            17.3685481
          ],
          [
            78.5351739,
            17.3693361
          ]
        ]
      },
      "properties": {
        "segment_id": "R0035",
        "source_node": "N009",
        "target_node": "N021",
        "road_class": "arterial",
        "lanes": 3,
        "free_flow_speed_kmh": 60.0,
        "capacity_vph": 3105.0,
        "length_km": 1.183,
        "grade_pct": 1.22,
        "structural_bottleneck": false,
        "importance": 0.995122010693682,
        "signal_id": "SIG007"
      }
    },
    {
      "type": "Feature",
      "geometry": {
        "type": "LineString",
        "coordinates": [
          [
            78.5358133,
            17.3693651
          ],
          [
            78.5361018,
            17.3685818
          ],
          [
            78.5362325,
            17.3677555
          ],
          [
            78.536305,
            17.3668978
          ],
          [
            78.5363581,
            17.3660177
          ],
          [
            78.5364209,
            17.3651236
          ],
          [
            78.5364979,
            17.364223
          ],
          [
            78.5365677,
            17.3633221
          ],
          [
            78.5365974,
            17.3624265
          ],
          [
            78.5365635,
            17.3615424
          ],
          [
            78.5364673,
            17.3606771
          ],
          [
            78.536336,
            17.3598389
          ],
          [
            78.5362807,
            17.3590401
          ]
        ]
      },
      "properties": {
        "segment_id": "R0036",
        "source_node": "N021",
        "target_node": "N009",
        "road_class": "arterial",
        "lanes": 3,
        "free_flow_speed_kmh": 50.0,
        "capacity_vph": 3105.0,
        "length_km": 1.172,
        "grade_pct": 2.41,
        "structural_bottleneck": false,
        "importance": 1.0063189536135229,
        "signal_id": null
      }
    },
    {
      "type": "Feature",
      "geometry": {
        "type": "LineString",
        "coordinates": [
          [
            78.5597342,
            17.3647751
          ],
          [
            78.5608091,
            17.3647745
          ],
          [
            78.5619022,
            17.3649199
          ],
          [
            78.5630274,
            17.3650976
          ],
          [
            78.5641814,
            17.3652768
          ],
          [
            78.5653558,
            17.3654513
          ],
          [
            78.5665369,
            17.3656397
          ],
          [
            78.567709,
            17.3658721
          ],
          [
            78.5688579,
            17.3661687
          ],
          [
            78.569975,
            17.3665254
          ],
          [
            78.5710566,
            17.3669131
          ],
          [
            78.5721014,
            17.3672913
          ],
          [
            78.5731213,
            17.3675559
          ]
        ]
      },
      "properties": {
        "segment_id": "R0037",
        "source_node": "N010",
        "target_node": "N011",
        "road_class": "collector",
        "lanes": 1,
        "free_flow_speed_kmh": 40.0,
        "capacity_vph": 900.0,
        "length_km": 0.781,
        "grade_pct": 1.31,
        "structural_bottleneck": false,
        "importance": 0.7351197254146169,
        "signal_id": null
      }
    },
    {
      "type": "Feature",
      "geometry": {
        "type": "LineString",
        "coordinates": [
          [
            78.5732107,
            17.3671251
          ],
          [
            78.5722141,
            17.3667487
          ],
          [
            78.5711583,
            17.3664236
          ],
          [
            78.5700652,
            17.3660915
          ],
          [
            78.5689449,
            17.3657501
          ],
          [
            78.5678024,
            17.3654224
          ],
          [
            78.5666404,
            17.3651417
          ],
          [
            78.5654636,
            17.3649321
          ],
          [
            78.564282,
            17.3647926
          ],
          [
            78.5631105,
            17.3646975
          ],
          [
            78.5619666,
            17.3646101
          ],
          [
            78.5608654,
            17.3645036
          ],
          [
            78.5598236,
            17.3643443
          ]
        ]
      },
      "properties": {
        "segment_id": "R0038",
        "source_node": "N011",
        "target_node": "N010",
        "road_class": "collector",
        "lanes": 2,
        "free_flow_speed_kmh": 50.0,
        "capacity_vph": 1800.0,
        "length_km": 1.624,
        "grade_pct": -3.96,
        "structural_bottleneck": false,
        "importance": 0.8447561705936653,
        "signal_id": "SIG064"
      }
    },
    {
      "type": "Feature",
      "geometry": {
        "type": "LineString",
        "coordinates": [
          [
            78.5595626,
            17.3645198
          ],
          [
            78.5595466,
            17.3653219
          ],
          [
            78.5595476,
            17.3661634
          ],
          [
            78.5595413,
            17.3670327
          ],
          [
            78.5595079,
            17.3679188
          ],
          [
            78.5594171,
            17.3688088
          ],
          [
            78.5592486,
            17.3696917
          ],
          [
            78.5590069,
            17.3705611
          ],
          [
            78.5587218,
            17.3714152
          ],
          [
            78.5584333,
            17.3722542
          ],
          [
            78.5581717,
            17.3730763
          ],
          [
            78.557942,
            17.3738753
          ],
          [
            78.5576952,
            17.3746348
          ]
        ]
      },
      "properties": {
        "segment_id": "R0039",
        "source_node": "N010",
        "target_node": "N022",
        "road_class": "collector",
        "lanes": 2,
        "free_flow_speed_kmh": 30.0,
        "capacity_vph": 1800.0,
        "length_km": 1.12,
        "grade_pct": 3.02,
        "structural_bottleneck": false,
        "importance": 0.5667663704057249,
        "signal_id": "SIG003"
      }
    },
    {
      "type": "Feature",
      "geometry": {
        "type": "LineString",
        "coordinates": [
          [
            78.5581278,
            17.3747146
          ],
          [
            78.5584415,
            17.3739675
          ],
          [
            78.5587526,
            17.3731835
          ],
          [
            78.5590625,
            17.3723703
          ],
          [
            78.5593564,
            17.3715323
          ],
          [
            78.5596029,
            17.3706711
          ],
          [
            78.5597745,
            17.3697888
          ],
          [
            78.5598652,
            17.3688915
          ],
          [
            78.5598957,
            17.3679904
          ],
          [
            78.5599028,
            17.3670995
          ],
          [
            78.5599201,
            17.3662322
          ],
          [
            78.5599594,
            17.3653981
          ],
          [
            78.5599952,
            17.3645996
          ]
        ]
      },
      "properties": {
        "segment_id": "R0040",
        "source_node": "N022",
        "target_node": "N010",
        "road_class": "collector",
        "lanes": 3,
        "free_flow_speed_kmh": 50.0,
        "capacity_vph": 2700.0,
        "length_km": 1.206,
        "grade_pct": 3.1,
        "structural_bottleneck": false,
        "importance": 0.6203590566997332,
        "signal_id": "SIG064"
      }
    },
    {
      "type": "Feature",
      "geometry": {
        "type": "LineString",
        "coordinates": [
          [
            78.5731117,
            17.3675537
          ],
          [
            78.5740712,
            17.3676266
          ],
          [
            78.5750848,
            17.3676605
          ],
          [
            78.5761248,
            17.3677288
          ],
          [
            78.5771756,
            17.3678591
          ],
          [
            78.5782223,
            17.3680746
          ],
          [
            78.5792556,
            17.3683775
          ],
          [
            78.5802728,
            17.3687436
          ],
          [
            78.5812754,
            17.3691326
          ],
          [
            78.5822637,
            17.3695084
          ],
          [
            78.5832326,
            17.3698561
          ],
          [
            78.5841705,
            17.3701872
          ],
          [
            78.5850457,
            17.3705912
          ]
        ]
      },
      "properties": {
        "segment_id": "R0041",
        "source_node": "N011",
        "target_node": "N012",
        "road_class": "collector",
        "lanes": 1,
        "free_flow_speed_kmh": 40.0,
        "capacity_vph": 900.0,
        "length_km": 0.877,
        "grade_pct": 1.41,
        "structural_bottleneck": false,
        "importance": 0.6622259406407673,
        "signal_id": null
      }
    },
    {
      "type": "Feature",
      "geometry": {
        "type": "LineString",
        "coordinates": [
          [
            78.5851543,
            17.3701648
          ],
          [
            78.5842867,
            17.3697306
          ],
          [
            78.5833889,
            17.3692422
          ],
          [
            78.5824421,
            17.3688075
          ],
          [
            78.5814482,
            17.3684539
          ],
          [
            78.5804145,
            17.3681871
          ],
          [
            78.5793551,
            17.3679866
          ],
          [
            78.578288,
            17.3678163
          ],
          [
            78.5772303,
            17.3676443
          ],
          [
            78.5761932,
            17.36746
          ],
          [
            78.5751818,
            17.3672794
          ],
          [
            78.5741966,
            17.3671339
          ],
          [
            78.5732203,
            17.3671273
          ]
        ]
      },
      "properties": {
        "segment_id": "R0042",
        "source_node": "N012",
        "target_node": "N011",
        "road_class": "collector",
        "lanes": 2,
        "free_flow_speed_kmh": 60.0,
        "capacity_vph": 1800.0,
        "length_km": 1.19,
        "grade_pct": 3.73,
        "structural_bottleneck": false,
        "importance": 0.7559906472715566,
        "signal_id": null
      }
    },
    {
      "type": "Feature",
      "geometry": {
        "type": "LineString",
        "coordinates": [
          [
            78.5729473,
            17.3673164
          ],
          [
            78.573131,
            17.3681685
          ],
          [
            78.5732856,
            17.3690549
          ],
          [
            78.5733405,
            17.3699604
          ],
          [
            78.5732933,
            17.3708771
          ],
          [
            78.5731686,
            17.3718003
          ],
          [
            78.5730066,
            17.3727269
          ],
          [
            78.572843,
            17.3736533
          ],
          [
            78.5726913,
            17.3745735
          ],
          [
            78.5725381,
            17.3754786
          ],
          [
            78.572354,
            17.3763577
          ],
          [
            78.5721144,
            17.3772007
          ],
          [
            78.571771,
            17.3779947
          ]
        ]
      },
      "properties": {
        "segment_id": "R0043",
        "source_node": "N011",
        "target_node": "N023",
        "road_class": "collector",
        "lanes": 2,
        "free_flow_speed_kmh": 60.0,
        "capacity_vph": 1800.0,
        "length_km": 1.586,
        "grade_pct": 1.58,
        "structural_bottleneck": false,
        "importance": 0.6516400507514856,
        "signal_id": "SIG002"
      }
    },
    {
      "type": "Feature",
      "geometry": {
        "type": "LineString",
        "coordinates": [
          [
            78.5722084,
            17.3780429
          ],
          [
            78.5726337,
            17.3772579
          ],
          [
            78.5729454,
            17.3764228
          ],
          [
            78.5731542,
            17.3755464
          ],
          [
            78.5732835,
            17.3746388
          ],
          [
            78.5733721,
            17.3737116
          ],
          [
            78.5734541,
            17.3727762
          ],
          [
            78.573541,
            17.3718413
          ],
          [
            78.5736176,
            17.3709128
          ],
          [
            78.5736532,
            17.3699948
          ],
          [
            78.5736216,
            17.3690919
          ],
          [
            78.5735196,
            17.3682113
          ],
          [
            78.5733847,
            17.3673646
          ]
        ]
      },
      "properties": {
        "segment_id": "R0044",
        "source_node": "N023",
        "target_node": "N011",
        "road_class": "collector",
        "lanes": 2,
        "free_flow_speed_kmh": 50.0,
        "capacity_vph": 1800.0,
        "length_km": 0.993,
        "grade_pct": 3.33,
        "structural_bottleneck": false,
        "importance": 0.7436083514467902,
        "signal_id": null
      }
    },
    {
      "type": "Feature",
      "geometry": {
        "type": "LineString",
        "coordinates": [
          [
            78.5848803,
            17.3703674
          ],
          [
            78.5852072,
            17.3710268
          ],
          [
            78.585353,
            17.3717065
          ],
          [
            78.5854088,
            17.3724051
          ],
          [
            78.5854152,
            17.3731187
          ],
          [
            78.5854073,
            17.3738433
          ],
          [
            78.5853976,
            17.3745736
          ],
          [
            78.5853718,
            17.3753031
          ],
          [
            78.5853001,
            17.3760245
          ],
          [
            78.5851578,
            17.376731
          ],
          [
            78.5849431,
            17.3774166
          ],
          [
            78.5846812,
            17.3780766
          ],
          [
            78.5844786,
            17.3787105
          ]
        ]
      },
      "properties": {
        "segment_id": "R0045",
        "source_node": "N012",
        "target_node": "N024",
        "road_class": "collector",
        "lanes": 2,
        "free_flow_speed_kmh": 40.0,
        "capacity_vph": 1800.0,
        "length_km": 1.126,
        "grade_pct": -1.81,
        "structural_bottleneck": false,
        "importance": 0.7731696081717877,
        "signal_id": "SIG063"
      }
    },
    {
      "type": "Feature",
      "geometry": {
        "type": "LineString",
        "coordinates": [
          [
            78.584918,
            17.3787317
          ],
          [
            78.5851082,
            17.3780972
          ],
          [
            78.5851678,
            17.3774274
          ],
          [
            78.5852121,
            17.3767336
          ],
          [
            78.5852726,
            17.3760232
          ],
          [
            78.5853578,
            17.3753024
          ],
          [
            78.5854496,
            17.3745761
          ],
          [
            78.5855144,
            17.3738484
          ],
          [
            78.5855246,
            17.373124
          ],
          [
            78.585475,
            17.3724083
          ],
          [
            78.5853875,
            17.3717082
          ],
          [
            78.5852992,
            17.3710312
          ],
          [
            78.5853197,
            17.3703886
          ]
        ]
      },
      "properties": {
        "segment_id": "R0046",
        "source_node": "N024",
        "target_node": "N012",
        "road_class": "collector",
        "lanes": 2,
        "free_flow_speed_kmh": 60.0,
        "capacity_vph": 1800.0,
        "length_km": 1.779,
        "grade_pct": -2.69,
        "structural_bottleneck": false,
        "importance": 0.8622590310684122,
        "signal_id": null
      }
    },
    {
      "type": "Feature",
      "geometry": {
        "type": "LineString",
        "coordinates": [
          [
            78.3625433,
            17.353512
          ],
          [
            78.3638305,
            17.3533004
          ],
          [
            78.3651812,
            17.3531473
          ],
          [
            78.3665778,
            17.3529789
          ],
          [
            78.3680078,
            17.3527874
          ],
          [
            78.369461,
            17.3525919
          ],
          [
            78.3709284,
            17.3524264
          ],
          [
            78.3724005,
            17.3523188
          ],
          [
            78.3738659,
            17.3522744
          ],
          [
            78.3753112,
            17.3522715
          ],
          [
            78.3767216,
            17.3522736
          ],
          [
            78.3780828,
            17.35225
          ],
          [
            78.3793789,
            17.3521499
          ]
        ]
      },
      "properties": {
        "segment_id": "R0047",
        "source_node": "N013",
        "target_node": "N014",
        "road_class": "collector",
        "lanes": 2,
        "free_flow_speed_kmh": 50.0,
        "capacity_vph": 1800.0,
        "length_km": 1.702,
        "grade_pct": -0.07,
        "structural_bottleneck": false,
        "importance": 0.8402055655965007,
        "signal_id": null
      }
    },
    {
      "type": "Feature",
      "geometry": {
        "type": "LineString",
        "coordinates": [
          [
            78.3793435,
            17.3517113
          ],
          [
            78.3780424,
            17.3517514
          ],
          [
            78.3766809,
            17.351771
          ],
          [
            78.3752713,
            17.3517785
          ],
          [
            78.3738268,
            17.3517911
          ],
          [
            78.3723618,
            17.3518409
          ],
          [
            78.3708902,
            17.3519536
          ],
          [
            78.3694238,
            17.3521318
          ],
          [
            78.3679725,
            17.3523517
          ],
          [
            78.3665451,
            17.3525746
          ],
          [
            78.3651505,
            17.352768
          ],
          [
            78.3637999,
            17.3529226
          ],
          [
            78.3625079,
            17.3530734
          ]
        ]
      },
      "properties": {
        "segment_id": "R0048",
        "source_node": "N014",
        "target_node": "N013",
        "road_class": "collector",
        "lanes": 2,
        "free_flow_speed_kmh": 50.0,
        "capacity_vph": 1800.0,
        "length_km": 0.891,
        "grade_pct": 2.28,
        "structural_bottleneck": false,
        "importance": 0.7056104972770318,
        "signal_id": "SIG061"
      }
    },
    {
      "type": "Feature",
      "geometry": {
        "type": "LineString",
        "coordinates": [
          [
            78.3623194,
            17.3532159
          ],
          [
            78.3620526,
            17.3541148
          ],
          [
            78.3618456,
            17.355081
          ],
          [
            78.3616201,
            17.3560763
          ],
          [
            78.3613483,
            17.3570814
          ],
          [
            78.3610083,
            17.3580791
          ],
          [
            78.3606001,
            17.3590605
          ],
          [
            78.3601489,
            17.3600259
          ],
          [
            78.3596932,
            17.3609805
          ],
          [
            78.3592655,
            17.3619276
          ],
          [
            78.3588764,
            17.362862
          ],
          [
            78.3585115,
            17.3637694
          ],
          [
            78.3580791,
            17.3646066
          ]
        ]
      },
      "properties": {
        "segment_id": "R0049",
        "source_node": "N013",
        "target_node": "N025",
        "road_class": "collector",
        "lanes": 3,
        "free_flow_speed_kmh": 40.0,
        "capacity_vph": 2700.0,
        "length_km": 1.651,
        "grade_pct": 2.18,
        "structural_bottleneck": false,
        "importance": 0.6078586195010012,
        "signal_id": "SIG068"
      }
    },
    {
      "type": "Feature",
      "geometry": {
        "type": "LineString",
        "coordinates": [
          [
            78.3584915,
            17.3647602
          ],
          [
            78.3589061,
            17.3639163
          ],
          [
            78.3593922,
            17.363054
          ],
          [
            78.359885,
            17.3621582
          ],
          [
            78.3603535,
            17.3612263
          ],
          [
            78.3607666,
            17.3602558
          ],
          [
            78.3611111,
            17.3592507
          ],
          [
            78.3613993,
            17.3582247
          ],
          [
            78.3616622,
            17.3571983
          ],
          [
            78.361931,
            17.3561921
          ],
          [
            78.362219,
            17.35522
          ],
          [
            78.3625136,
            17.3542865
          ],
          [
            78.3627318,
            17.3533695
          ]
        ]
      },
      "properties": {
        "segment_id": "R0050",
        "source_node": "N025",
        "target_node": "N013",
        "road_class": "collector",
        "lanes": 3,
        "free_flow_speed_kmh": 40.0,
        "capacity_vph": 2700.0,
        "length_km": 1.658,
        "grade_pct": 1.97,
        "structural_bottleneck": false,
        "importance": 0.8553808750249378,
        "signal_id": "SIG061"
      }
    },
    {
      "type": "Feature",
      "geometry": {
        "type": "LineString",
        "coordinates": [
          [
            78.379342,
            17.3521498
          ],
          [
            78.3807019,
            17.3518773
          ],
          [
            78.382122,
            17.351605
          ],
          [
            78.3835813,
            17.3514366
          ],
          [
            78.3850655,
            17.3513959
          ],
          [
            78.3865623,
            17.3514877
          ],
          [
            78.3880614,
            17.3516891
          ],
          [
            78.3895546,
            17.3519582
          ],
          [
            78.3910336,
            17.3522528
          ],
          [
            78.3924882,
            17.35255
          ],
          [
            78.393906,
            17.3528545
          ],
          [
            78.3952728,
            17.3531901
          ],
          [
            78.3965676,
            17.3536604
          ]
        ]
      },
      "properties": {
        "segment_id": "R0051",
        "source_node": "N014",
        "target_node": "N015",
        "road_class": "collector",
        "lanes": 3,
        "free_flow_speed_kmh": 40.0,
        "capacity_vph": 2700.0,
        "length_km": 1.177,
        "grade_pct": -0.45,
        "structural_bottleneck": false,
        "importance": 0.6826317787950602,
        "signal_id": "SIG001"
      }
    },
    {
      "type": "Feature",
      "geometry": {
        "type": "LineString",
        "coordinates": [
          [
            78.396606,
            17.353222
          ],
          [
            78.3953193,
            17.3526598
          ],
          [
            78.3939682,
            17.3521447
          ],
          [
            78.3925576,
            17.3517585
          ],
          [
            78.3910989,
            17.3515074
          ],
          [
            78.3896062,
            17.3513706
          ],
          [
            78.3880948,
            17.3513078
          ],
          [
            78.3865805,
            17.3512793
          ],
          [
            78.385077,
            17.3512647
          ],
          [
            78.3835958,
            17.3512709
          ],
          [
            78.3821467,
            17.3513241
          ],
          [
            78.3807393,
            17.3514502
          ],
          [
            78.3793804,
            17.3517114
          ]
        ]
      },
      "properties": {
        "segment_id": "R0052",
        "source_node": "N015",
        "target_node": "N014",
        "road_class": "collector",
        "lanes": 2,
        "free_flow_speed_kmh": 50.0,
        "capacity_vph": 1800.0,
        "length_km": 1.552,
        "grade_pct": 2.23,
        "structural_bottleneck": false,
        "importance": 0.817837672214252,
        "signal_id": null
      }
    },
    {
      "type": "Feature",
      "geometry": {
        "type": "LineString",
        "coordinates": [
          [
            78.3791509,
            17.3518659
          ],
          [
            78.3791299,
            17.3528115
          ],
          [
            78.3790167,
            17.3537717
          ],
          [
            78.3788062,
            17.3547364
          ],
          [
            78.378518,
            17.3557029
          ],
          [
            78.37819,
            17.3566744
          ],
          [
            78.3778595,
            17.3576537
          ],
          [
            78.3775446,
            17.3586378
          ],
          [
            78.3772377,
            17.3596157
          ],
          [
            78.3769126,
            17.3605709
          ],
          [
            78.3765437,
            17.3614868
          ],
          [
            78.3761245,
            17.3623529
          ],
          [
            78.3756761,
            17.3631671
          ]
        ]
      },
      "properties": {
        "segment_id": "R0053",
        "source_node": "N014",
        "target_node": "N026",
        "road_class": "collector",
        "lanes": 2,
        "free_flow_speed_kmh": 60.0,
        "capacity_vph": 1800.0,
        "length_km": 1.698,
        "grade_pct": -0.32,
        "structural_bottleneck": false,
        "importance": 0.7810147016888385,
        "signal_id": "SIG018"
      }
    },
    {
      "type": "Feature",
      "geometry": {
        "type": "LineString",
        "coordinates": [
          [
            78.3760967,
            17.3632965
          ],
          [
            78.3766401,
            17.3625115
          ],
          [
            78.3770468,
            17.3616415
          ],
          [
            78.3773878,
            17.360717
          ],
          [
            78.3776963,
            17.3597567
          ],
          [
            78.3780049,
            17.3587793
          ],
          [
            78.3783267,
            17.3577973
          ],
          [
            78.3786489,
            17.3568155
          ],
          [
            78.3789407,
            17.3558329
          ],
          [
            78.3791719,
            17.3548488
          ],
          [
            78.3793316,
            17.3538686
          ],
          [
            78.3794351,
            17.3529054
          ],
          [
            78.3795715,
            17.3519953
          ]
        ]
      },
      "properties": {
        "segment_id": "R0054",
        "source_node": "N026",
        "target_node": "N014",
        "road_class": "collector",
        "lanes": 3,
        "free_flow_speed_kmh": 30.0,
        "capacity_vph": 2700.0,
        "length_km": 1.273,
        "grade_pct": -1.51,
        "structural_bottleneck": false,
        "importance": 0.7431671395951088,
        "signal_id": null
      }
    },
    {
      "type": "Feature",
      "geometry": {
        "type": "LineString",
        "coordinates": [
          [
            78.3965559,
            17.3537597
          ],
          [
            78.3986595,
            17.3536908
          ],
          [
            78.4008409,
            17.3537945
          ],
          [
            78.4030928,
            17.3539519
          ],
          [
            78.4053999,
            17.354125
          ],
          [
            78.4077451,
            17.3542957
          ],
          [
            78.4101085,
            17.3544735
          ],
          [
            78.4124685,
            17.354686
          ],
          [
            78.4148037,
            17.3549601
          ],
          [
            78.4170945,
            17.3553021
          ],
          [
            78.4193239,
            17.3556914
          ],
          [
            78.4214768,
            17.3560885
          ],
          [
            78.4235458,
            17.356376
          ]
        ]
      },
      "properties": {
        "segment_id": "R0055",
        "source_node": "N015",
        "target_node": "N016",
        "road_class": "arterial",
        "lanes": 2,
        "free_flow_speed_kmh": 50.0,
        "capacity_vph": 2070.0,
        "length_km": 1.387,
        "grade_pct": -2.76,
        "structural_bottleneck": false,
        "importance": 0.9913321670744166,
        "signal_id": "SIG006"
      }
    },
    {
      "type": "Feature",
      "geometry": {
        "type": "LineString",
        "coordinates": [
          [
            78.4236076,
            17.355739
          ],
          [
            78.4215516,
            17.3553169
          ],
          [
            78.4193918,
            17.3549908
          ],
          [
            78.4171554,
            17.3546732
          ],
          [
            78.4148629,
            17.3543499
          ],
          [
            78.4125317,
            17.354034
          ],
          [
            78.4101779,
            17.3537571
          ],
          [
            78.4078175,
            17.353549
          ],
          [
            78.4054683,
            17.3534193
          ],
          [
            78.4031511,
            17.3533505
          ],
          [
            78.4008882,
            17.3533066
          ],
          [
            78.3987019,
            17.3532531
          ],
          [
            78.3966177,
            17.3531227
          ]
        ]
      },
      "properties": {
        "segment_id": "R0056",
        "source_node": "N016",
        "target_node": "N015",
        "road_class": "arterial",
        "lanes": 2,
        "free_flow_speed_kmh": 40.0,
        "capacity_vph": 2070.0,
        "length_km": 1.149,
        "grade_pct": 3.13,
        "structural_bottleneck": false,
        "importance": 1.0279194839549364,
        "signal_id": "SIG001"
      }
    },
    {
      "type": "Feature",
      "geometry": {
        "type": "LineString",
        "coordinates": [
          [
            78.3962673,
            17.3534591
          ],
          [
            78.3964954,
            17.3544096
          ],
          [
            78.3967096,
            17.3554043
          ],
          [
            78.3969199,
            17.356434
          ],
          [
            78.3971143,
            17.3574907
          ],
          [
            78.3972626,
            17.3585673
          ],
          [
            78.3973364,
            17.3596568
          ],
          [
            78.397328,
            17.3607509
          ],
          [
            78.3972569,
            17.3618398
          ],
          [
            78.3971608,
            17.3629127
          ],
          [
            78.3970755,
            17.363959
          ],
          [
            78.3970164,
            17.364969
          ],
          [
            78.3969661,
            17.3659351
          ]
        ]
      },
      "properties": {
        "segment_id": "R0057",
        "source_node": "N015",
        "target_node": "N027",
        "road_class": "arterial",
        "lanes": 3,
        "free_flow_speed_kmh": 30.0,
        "capacity_vph": 3105.0,
        "length_km": 1.022,
        "grade_pct": -3.08,
        "structural_bottleneck": false,
        "importance": 1.038602722858222,
        "signal_id": "SIG017"
      }
    },
    {
      "type": "Feature",
      "geometry": {
        "type": "LineString",
        "coordinates": [
          [
            78.3976051,
            17.3658993
          ],
          [
            78.3977147,
            17.3649299
          ],
          [
            78.3978703,
            17.3639145
          ],
          [
            78.398,
            17.3628657
          ],
          [
            78.3980746,
            17.361794
          ],
          [
            78.3980672,
            17.3607095
          ],
          [
            78.3979713,
            17.3596212
          ],
          [
            78.3978082,
            17.3585367
          ],
          [
            78.3976165,
            17.3574625
          ],
          [
            78.3974333,
            17.3564052
          ],
          [
            78.3972744,
            17.3553727
          ],
          [
            78.3971287,
            17.3543741
          ],
          [
            78.3969063,
            17.3534233
          ]
        ]
      },
      "properties": {
        "segment_id": "R0058",
        "source_node": "N027",
        "target_node": "N015",
        "road_class": "arterial",
        "lanes": 1,
        "free_flow_speed_kmh": 50.0,
        "capacity_vph": 1035.0,
        "length_km": 1.532,
        "grade_pct": 2.73,
        "structural_bottleneck": false,
        "importance": 1.403559623335915,
        "signal_id": "SIG001"
      }
    },
    {
      "type": "Feature",
      "geometry": {
        "type": "LineString",
        "coordinates": [
          [
            78.4235644,
            17.3562772
          ],
          [
            78.4253833,
            17.3561777
          ],
          [
            78.4272865,
            17.356034
          ],
          [
            78.4292516,
            17.3559544
          ],
          [
            78.4312607,
            17.3559652
          ],
          [
            78.4332971,
            17.3560717
          ],
          [
            78.4353458,
            17.3562519
          ],
          [
            78.4373927,
            17.3564662
          ],
          [
            78.4394233,
            17.3566774
          ],
          [
            78.4414223,
            17.3568693
          ],
          [
            78.4433726,
            17.3570528
          ],
          [
            78.4452564,
            17.3572568
          ],
          [
            78.4470513,
            17.3575872
          ]
        ]
      },
      "properties": {
        "segment_id": "R0059",
        "source_node": "N016",
        "target_node": "N017",
        "road_class": "collector",
        "lanes": 1,
        "free_flow_speed_kmh": 30.0,
        "capacity_vph": 900.0,
        "length_km": 1.008,
        "grade_pct": -3.81,
        "structural_bottleneck": false,
        "importance": 0.657535258419273,
        "signal_id": null
      }
    },
    {
      "type": "Feature",
      "geometry": {
        "type": "LineString",
        "coordinates": [
          [
            78.4470759,
            17.3571478
          ],
          [
            78.4452804,
            17.3568274
          ],
          [
            78.443406,
            17.3564544
          ],
          [
            78.4414633,
            17.3561339
          ],
          [
            78.4394668,
            17.3558967
          ],
          [
            78.4374322,
            17.3557573
          ],
          [
            78.4353764,
            17.3557032
          ],
          [
            78.4333179,
            17.3556998
          ],
          [
            78.431275,
            17.3557079
          ],
          [
            78.4292655,
            17.3557046
          ],
          [
            78.4273055,
            17.3556938
          ],
          [
            78.4254099,
            17.3557017
          ],
          [
            78.423589,
            17.3558378
          ]
        ]
      },
      "properties": {
        "segment_id": "R0060",
        "source_node": "N017",
        "target_node": "N016",
        "road_class": "collector",
        "lanes": 1,
        "free_flow_speed_kmh": 60.0,
        "capacity_vph": 900.0,
        "length_km": 1.122,
        "grade_pct": -2.48,
        "structural_bottleneck": false,
        "importance": 0.6970418640808305,
        "signal_id": "SIG006"
      }
    },
    {
      "type": "Feature",
      "geometry": {
        "type": "LineString",
        "coordinates": [
          [
            78.4233658,
            17.355995
          ],
          [
            78.4231915,
            17.3569654
          ],
          [
            78.4230451,
            17.3579901
          ],
          [
            78.4228361,
            17.3590332
          ],
          [
            78.4225513,
            17.3600816
          ],
          [
            78.4222036,
            17.3611297
          ],
          [
            78.4218271,
            17.3621785
          ],
          [
            78.4214598,
            17.36323
          ],
          [
            78.4211239,
            17.3642816
          ],
          [
            78.4208159,
            17.365323
          ],
          [
            78.4205108,
            17.3663376
          ],
          [
            78.4201799,
            17.3673077
          ],
          [
            78.4197484,
            17.3682019
          ]
        ]
      },
      "properties": {
        "segment_id": "R0061",
        "source_node": "N016",
        "target_node": "N028",
        "road_class": "collector",
        "lanes": 2,
        "free_flow_speed_kmh": 30.0,
        "capacity_vph": 1800.0,
        "length_km": 1.757,
        "grade_pct": 0.7,
        "structural_bottleneck": false,
        "importance": 0.6975298501923313,
        "signal_id": "SIG016"
      }
    },
    {
      "type": "Feature",
      "geometry": {
        "type": "LineString",
        "coordinates": [
          [
            78.4201702,
            17.3683269
          ],
          [
            78.4206187,
            17.3674378
          ],
          [
            78.4210334,
            17.3664925
          ],
          [
            78.4213858,
            17.3654919
          ],
          [
            78.4216844,
            17.3644477
          ],
          [
            78.4219585,
            17.3633778
          ],
          [
            78.4222412,
            17.3623012
          ],
          [
            78.4225496,
            17.3612322
          ],
          [
            78.4228748,
            17.3601774
          ],
          [
            78.4231869,
            17.3591372
          ],
          [
            78.4234523,
            17.3581108
          ],
          [
            78.4236533,
            17.3571022
          ],
          [
            78.4237876,
            17.35612
          ]
        ]
      },
      "properties": {
        "segment_id": "R0062",
        "source_node": "N028",
        "target_node": "N016",
        "road_class": "collector",
        "lanes": 3,
        "free_flow_speed_kmh": 50.0,
        "capacity_vph": 2700.0,
        "length_km": 1.603,
        "grade_pct": -1.33,
        "structural_bottleneck": false,
        "importance": 0.8411356847591269,
        "signal_id": "SIG006"
      }
    },
    {
      "type": "Feature",
      "geometry": {
        "type": "LineString",
        "coordinates": [
          [
            78.4470422,
            17.3575865
          ],
          [
            78.4488475,
            17.3575448
          ],
          [
            78.4507208,
            17.3576392
          ],
          [
            78.4526518,
            17.3578075
          ],
          [
            78.4546278,
            17.3580147
          ],
          [
            78.4566363,
            17.3582223
          ],
          [
            78.4586631,
            17.3584085
          ],
          [
            78.4606914,
            17.3585787
          ],
          [
            78.4627025,
            17.3587596
          ],
          [
            78.464677,
            17.3589818
          ],
          [
            78.4665974,
            17.3592588
          ],
          [
            78.4684488,
            17.3595774
          ],
          [
            78.470223,
            17.3598539
          ]
        ]
      },
      "properties": {
        "segment_id": "R0063",
        "source_node": "N017",
        "target_node": "N018",
        "road_class": "collector",
        "lanes": 2,
        "free_flow_speed_kmh": 60.0,
        "capacity_vph": 1800.0,
        "length_km": 1.583,
        "grade_pct": -0.09,
        "structural_bottleneck": false,
        "importance": 0.7642818162094516,
        "signal_id": "SIG004"
      }
    },
    {
      "type": "Feature",
      "geometry": {
        "type": "LineString",
        "coordinates": [
          [
            78.4702658,
            17.3594159
          ],
          [
            78.468502,
            17.3590332
          ],
          [
            78.466643,
            17.3587935
          ],
          [
            78.4647158,
            17.3585856
          ],
          [
            78.4627402,
            17.358374
          ],
          [
            78.4607343,
            17.3581404
          ],
          [
            78.4587135,
            17.3578934
          ],
          [
            78.456691,
            17.357663
          ],
          [
            78.4546798,
            17.3574826
          ],
          [
            78.4526947,
            17.3573686
          ],
          [
            78.450753,
            17.3573101
          ],
          [
            78.4488739,
            17.3572749
          ],
          [
            78.447085,
            17.3571485
          ]
        ]
      },
      "properties": {
        "segment_id": "R0064",
        "source_node": "N018",
        "target_node": "N017",
        "road_class": "collector",
        "lanes": 2,
        "free_flow_speed_kmh": 60.0,
        "capacity_vph": 1800.0,
        "length_km": 1.242,
        "grade_pct": 2.28,
        "structural_bottleneck": false,
        "importance": 0.73291467875579,
        "signal_id": null
      }
    },
    {
      "type": "Feature",
      "geometry": {
        "type": "LineString",
        "coordinates": [
          [
            78.4468575,
            17.3572907
          ],
          [
            78.4466934,
            17.3581991
          ],
          [
            78.4464168,
            17.3591094
          ],
          [
            78.4461239,
            17.3600486
          ],
          [
            78.4458361,
            17.361016
          ],
          [
            78.4455494,
            17.3620012
          ],
          [
            78.4452398,
            17.3629867
          ],
          [
            78.4448806,
            17.3639537
          ],
          [
            78.4444611,
            17.3648894
          ],
          [
            78.4439964,
            17.3657908
          ],
          [
            78.4435214,
            17.3666622
          ],
          [
            78.443074,
            17.3675088
          ],
          [
            78.442734,
            17.3683517
          ]
        ]
      },
      "properties": {
        "segment_id": "R0065",
        "source_node": "N017",
        "target_node": "N029",
        "road_class": "collector",
        "lanes": 2,
        "free_flow_speed_kmh": 60.0,
        "capacity_vph": 1800.0,
        "length_km": 0.968,
        "grade_pct": -1.07,
        "structural_bottleneck": false,
        "importance": 0.6842976298962707,
        "signal_id": "SIG015"
      }
    },
    {
      "type": "Feature",
      "geometry": {
        "type": "LineString",
        "coordinates": [
          [
            78.4431462,
            17.3685053
          ],
          [
            78.4435693,
            17.3676934
          ],
          [
            78.4439905,
            17.366837
          ],
          [
            78.4444325,
            17.3659534
          ],
          [
            78.4448852,
            17.3650476
          ],
          [
            78.4453191,
            17.3641171
          ],
          [
            78.4457017,
            17.3631589
          ],
          [
            78.4460174,
            17.3621757
          ],
          [
            78.4462758,
            17.3611799
          ],
          [
            78.4465067,
            17.3601913
          ],
          [
            78.4467419,
            17.3592306
          ],
          [
            78.4469972,
            17.3583124
          ],
          [
            78.4472697,
            17.3574443
          ]
        ]
      },
      "properties": {
        "segment_id": "R0066",
        "source_node": "N029",
        "target_node": "N017",
        "road_class": "collector",
        "lanes": 2,
        "free_flow_speed_kmh": 60.0,
        "capacity_vph": 1800.0,
        "length_km": 1.552,
        "grade_pct": -2.77,
        "structural_bottleneck": false,
        "importance": 0.8085158524156251,
        "signal_id": null
      }
    },
    {
      "type": "Feature",
      "geometry": {
        "type": "LineString",
        "coordinates": [
          [
            78.4702115,
            17.3599532
          ],
          [
            78.4720702,
            17.3600522
          ],
          [
            78.4740181,
            17.3601035
          ],
          [
            78.4760324,
            17.3601645
          ],
          [
            78.4780936,
            17.3602621
          ],
          [
            78.4801817,
            17.3604255
          ],
          [
            78.4822787,
            17.3606662
          ],
          [
            78.4843692,
            17.3609685
          ],
          [
            78.4864404,
            17.3612959
          ],
          [
            78.4884792,
            17.3616096
          ],
          [
            78.490471,
            17.3618884
          ],
          [
            78.4923984,
            17.3621383
          ],
          [
            78.4942364,
            17.3624376
          ]
        ]
      },
      "properties": {
        "segment_id": "R0067",
        "source_node": "N018",
        "target_node": "N019",
        "road_class": "arterial",
        "lanes": 3,
        "free_flow_speed_kmh": 30.0,
        "capacity_vph": 3105.0,
        "length_km": 1.432,
        "grade_pct": -2.88,
        "structural_bottleneck": false,
        "importance": 1.0070680001325925,
        "signal_id": "SIG005"
      }
    },
    {
      "type": "Feature",
      "geometry": {
        "type": "LineString",
        "coordinates": [
          [
            78.4943022,
            17.361801
          ],
          [
            78.4924655,
            17.3614898
          ],
          [
            78.4905527,
            17.361099
          ],
          [
            78.4885693,
            17.3607383
          ],
          [
            78.4865289,
            17.3604399
          ],
          [
            78.4844468,
            17.3602185
          ],
          [
            78.4823412,
            17.3600611
          ],
          [
            78.4802325,
            17.3599345
          ],
          [
            78.4781411,
            17.3598031
          ],
          [
            78.4760857,
            17.3596496
          ],
          [
            78.4740822,
            17.3594835
          ],
          [
            78.4721443,
            17.3593353
          ],
          [
            78.4702773,
            17.3593166
          ]
        ]
      },
      "properties": {
        "segment_id": "R0068",
        "source_node": "N019",
        "target_node": "N018",
        "road_class": "arterial",
        "lanes": 2,
        "free_flow_speed_kmh": 30.0,
        "capacity_vph": 2070.0,
        "length_km": 1.571,
        "grade_pct": -3.66,
        "structural_bottleneck": false,
        "importance": 1.3368096966211014,
        "signal_id": "SIG004"
      }
    },
    {
      "type": "Feature",
      "geometry": {
        "type": "LineString",
        "coordinates": [
          [
            78.4699453,
            17.359521
          ],
          [
            78.4692024,
            17.3603238
          ],
          [
            78.4685932,
            17.3612265
          ],
          [
            78.4680264,
            17.3621846
          ],
          [
            78.4674838,
            17.3631812
          ],
          [
            78.4669728,
            17.3642095
          ],
          [
            78.4665198,
            17.3652697
          ],
          [
            78.4661532,
            17.3663627
          ],
          [
            78.4658839,
            17.367483
          ],
          [
            78.4656976,
            17.3686153
          ],
          [
            78.4655605,
            17.369737
          ],
          [
            78.4654374,
            17.3708248
          ],
          [
            78.465254,
            17.3718407
          ]
        ]
      },
      "properties": {
        "segment_id": "R0069",
        "source_node": "N018",
        "target_node": "N030",
        "road_class": "arterial",
        "lanes": 2,
        "free_flow_speed_kmh": 50.0,
        "capacity_vph": 2070.0,
        "length_km": 1.341,
        "grade_pct": 1.19,
        "structural_bottleneck": false,
        "importance": 1.290846060624842,
        "signal_id": null
      }
    },
    {
      "type": "Feature",
      "geometry": {
        "type": "LineString",
        "coordinates": [
          [
            78.4658522,
            17.3720685
          ],
          [
            78.4658132,
            17.3709679
          ],
          [
            78.4659616,
            17.3698897
          ],
          [
            78.4661875,
            17.3688019
          ],
          [
            78.4664591,
            17.367702
          ],
          [
            78.4667691,
            17.3665973
          ],
          [
            78.4671332,
            17.3655032
          ],
          [
            78.4675746,
            17.3644386
          ],
          [
            78.4681048,
            17.3634177
          ],
          [
            78.4687111,
            17.3624453
          ],
          [
            78.4693577,
            17.3615177
          ],
          [
            78.4700012,
            17.360628
          ],
          [
            78.4705435,
            17.3597488
          ]
        ]
      },
      "properties": {
        "segment_id": "R0070",
        "source_node": "N030",
        "target_node": "N018",
        "road_class": "arterial",
        "lanes": 2,
        "free_flow_speed_kmh": 50.0,
        "capacity_vph": 2070.0,
        "length_km": 1.695,
        "grade_pct": 0.69,
        "structural_bottleneck": false,
        "importance": 1.228504773862681,
        "signal_id": "SIG004"
      }
    },
    {
      "type": "Feature",
      "geometry": {
        "type": "LineString",
        "coordinates": [
          [
            78.4942241,
            17.3623346
          ],
          [
            78.4957764,
            17.3623857
          ],
          [
            78.4973851,
            17.3625042
          ],
          [
            78.499028,
            17.3627286
          ],
          [
            78.5006931,
            17.3630486
          ],
          [
            78.5023735,
            17.3634302
          ],
          [
            78.5040638,
            17.3638317
          ],
          [
            78.5057561,
            17.3642236
          ],
          [
            78.5074371,
            17.3646025
          ],
          [
            78.5090884,
            17.3649883
          ],
          [
            78.51069,
            17.3654092
          ],
          [
            78.5122247,
            17.3658807
          ],
          [
            78.5136755,
            17.3664153
          ]
        ]
      },
      "properties": {
        "segment_id": "R0071",
        "source_node": "N019",
        "target_node": "N020",
        "road_class": "collector",
        "lanes": 2,
        "free_flow_speed_kmh": 50.0,
        "capacity_vph": 1800.0,
        "length_km": 1.357,
        "grade_pct": -3.55,
        "structural_bottleneck": false,
        "importance": 0.7671604740428125,
        "signal_id": null
      }
    },
    {
      "type": "Feature",
      "geometry": {
        "type": "LineString",
        "coordinates": [
          [
            78.5137659,
            17.3659847
          ],
          [
            78.5123338,
            17.3653607
          ],
          [
            78.5108051,
            17.3648608
          ],
          [
            78.5092029,
            17.3644424
          ],
          [
            78.5075474,
            17.3640769
          ],
          [
            78.5058601,
            17.3637278
          ],
          [
            78.5041603,
            17.3633719
          ],
          [
            78.5024614,
            17.3630112
          ],
          [
            78.5007721,
            17.3626718
          ],
          [
            78.4990996,
            17.3623871
          ],
          [
            78.4974536,
            17.3621778
          ],
          [
            78.4958492,
            17.3620388
          ],
          [
            78.4943145,
            17.361904
          ]
        ]
      },
      "properties": {
        "segment_id": "R0072",
        "source_node": "N020",
        "target_node": "N019",
        "road_class": "collector",
        "lanes": 2,
        "free_flow_speed_kmh": 60.0,
        "capacity_vph": 1800.0,
        "length_km": 1.337,
        "grade_pct": -1.14,
        "structural_bottleneck": false,
        "importance": 0.6312869392202213,
        "signal_id": "SIG005"
      }
    },
    {
      "type": "Feature",
      "geometry": {
        "type": "LineString",
        "coordinates": [
          [
            78.4940562,
            17.3620645
          ],
          [
            78.494249,
            17.3632197
          ],
          [
            78.4942207,
            17.3643679
          ],
          [
            78.4940827,
            17.3655278
          ],
          [
            78.4938789,
            17.3667007
          ],
          [
            78.4936403,
            17.3678846
          ],
          [
            78.4933724,
            17.369071
          ],
          [
            78.4930575,
            17.3702452
          ],
          [
            78.4926704,
            17.3713909
          ],
          [
            78.4921992,
            17.372495
          ],
          [
            78.4916574,
            17.3735511
          ],
          [
            78.4910817,
            17.3745585
          ],
          [
            78.4905906,
            17.3755378
          ]
        ]
      },
      "properties": {
        "segment_id": "R0073",
        "source_node": "N019",
        "target_node": "N031",
        "road_class": "collector",
        "lanes": 2,
        "free_flow_speed_kmh": 40.0,
        "capacity_vph": 1800.0,
        "length_km": 1.029,
        "grade_pct": -0.05,
        "structural_bottleneck": false,
        "importance": 0.6739805024198129,
        "signal_id": "SIG014"
      }
    },
    {
      "type": "Feature",
      "geometry": {
        "type": "LineString",
        "coordinates": [
          [
            78.4910168,
            17.3756474
          ],
          [
            78.4916956,
            17.3747164
          ],
          [
            78.4922126,
            17.3736939
          ],
          [
            78.492674,
            17.3726172
          ],
          [
            78.4931058,
            17.3715029
          ],
          [
            78.4935081,
            17.3703611
          ],
          [
            78.4938582,
            17.3691959
          ],
          [
            78.4941263,
            17.3680096
          ],
          [
            78.4942958,
            17.3668079
          ],
          [
            78.4943758,
            17.3656032
          ],
          [
            78.4943985,
            17.3644136
          ],
          [
            78.494403,
            17.3632593
          ],
          [
            78.4944824,
            17.3621741
          ]
        ]
      },
      "properties": {
        "segment_id": "R0074",
        "source_node": "N031",
        "target_node": "N019",
        "road_class": "collector",
        "lanes": 3,
        "free_flow_speed_kmh": 60.0,
        "capacity_vph": 2700.0,
        "length_km": 0.842,
        "grade_pct": 2.57,
        "structural_bottleneck": false,
        "importance": 0.6332195013504331,
        "signal_id": "SIG005"
      }
    },
    {
      "type": "Feature",
      "geometry": {
        "type": "LineString",
        "coordinates": [
          [
            78.5136892,
            17.3664177
          ],
          [
            78.5153973,
            17.3664372
          ],
          [
            78.5171723,
            17.3665277
          ],
          [
            78.5190057,
            17.366641
          ],
          [
            78.5208824,
            17.366775
          ],
          [
            78.5227839,
            17.3669512
          ],
          [
            78.5246907,
            17.3671978
          ],
          [
            78.5265852,
            17.3675292
          ],
          [
            78.5284537,
            17.3679335
          ],
          [
            78.5302859,
            17.3683756
          ],
          [
            78.5320724,
            17.3688132
          ],
          [
            78.5338019,
            17.3692181
          ],
          [
            78.5354621,
            17.3695683
          ]
        ]
      },
      "properties": {
        "segment_id": "R0075",
        "source_node": "N020",
        "target_node": "N021",
        "road_class": "collector",
        "lanes": 2,
        "free_flow_speed_kmh": 60.0,
        "capacity_vph": 1800.0,
        "length_km": 0.928,
        "grade_pct": 0.49,
        "structural_bottleneck": false,
        "importance": 0.7780224705168617,
        "signal_id": "SIG007"
      }
    },
    {
      "type": "Feature",
      "geometry": {
        "type": "LineString",
        "coordinates": [
          [
            78.5355251,
            17.3691329
          ],
          [
            78.5338775,
            17.3686955
          ],
          [
            78.5321572,
            17.3682271
          ],
          [
            78.5303734,
            17.3677711
          ],
          [
            78.5285377,
            17.3673532
          ],
          [
            78.5266609,
            17.367006
          ],
          [
            78.5247558,
            17.3667478
          ],
          [
            78.522839,
            17.3665705
          ],
          [
            78.5209305,
            17.3664428
          ],
          [
            78.5190511,
            17.366327
          ],
          [
            78.5172198,
            17.3661992
          ],
          [
            78.5154516,
            17.3660621
          ],
          [
            78.5137522,
            17.3659823
          ]
        ]
      },
      "properties": {
        "segment_id": "R0076",
        "source_node": "N021",
        "target_node": "N020",
        "road_class": "collector",
        "lanes": 2,
        "free_flow_speed_kmh": 30.0,
        "capacity_vph": 1800.0,
        "length_km": 0.991,
        "grade_pct": -0.66,
        "structural_bottleneck": false,
        "importance": 0.610192711589802,
        "signal_id": null
      }
    },
    {
      "type": "Feature",
      "geometry": {
        "type": "LineString",
        "coordinates": [
          [
            78.5135031,
            17.3661677
          ],
          [
            78.5137073,
            17.3671379
          ],
          [
            78.513923,
            17.3681522
          ],
          [
            78.5140531,
            17.3691877
          ],
          [
            78.5140711,
            17.370232
          ],
          [
            78.5139648,
            17.3712749
          ],
          [
            78.5137487,
            17.3723099
          ],
          [
            78.51346,
            17.3733341
          ],
          [
            78.5131423,
            17.3743456
          ],
          [
            78.5128251,
            17.3753401
          ],
          [
            78.5125112,
            17.3763098
          ],
          [
            78.5121805,
            17.377243
          ],
          [
            78.5117295,
            17.3781159
          ]
        ]
      },
      "properties": {
        "segment_id": "R0077",
        "source_node": "N020",
        "target_node": "N032",
        "road_class": "collector",
        "lanes": 1,
        "free_flow_speed_kmh": 30.0,
        "capacity_vph": 900.0,
        "length_km": 1.183,
        "grade_pct": -0.79,
        "structural_bottleneck": false,
        "importance": 0.7015479207211026,
        "signal_id": null
      }
    },
    {
      "type": "Feature",
      "geometry": {
        "type": "LineString",
        "coordinates": [
          [
            78.5121647,
            17.3781805
          ],
          [
            78.5126919,
            17.3773189
          ],
          [
            78.5132035,
            17.3764125
          ],
          [
            78.5136039,
            17.3754557
          ],
          [
            78.5138786,
            17.3744549
          ],
          [
            78.5140401,
            17.3734202
          ],
          [
            78.5141234,
            17.3723655
          ],
          [
            78.5141696,
            17.3713053
          ],
          [
            78.5142052,
            17.370252
          ],
          [
            78.5142304,
            17.369214
          ],
          [
            78.5142223,
            17.3681966
          ],
          [
            78.5141519,
            17.3672039
          ],
          [
            78.5139383,
            17.3662323
          ]
        ]
      },
      "properties": {
        "segment_id": "R0078",
        "source_node": "N032",
        "target_node": "N020",
        "road_class": "collector",
        "lanes": 2,
        "free_flow_speed_kmh": 50.0,
        "capacity_vph": 1800.0,
        "length_km": 1.744,
        "grade_pct": 2.02,
        "structural_bottleneck": false,
        "importance": 0.6633823494814692,
        "signal_id": null
      }
    },
    {
      "type": "Feature",
      "geometry": {
        "type": "LineString",
        "coordinates": [
          [
            78.5354197,
            17.3696619
          ],
          [
            78.5371846,
            17.3699053
          ],
          [
            78.5390183,
            17.3702059
          ],
          [
            78.540897,
            17.3705935
          ],
          [
            78.5428072,
            17.3710561
          ],
          [
            78.5447409,
            17.3715588
          ],
          [
            78.546691,
            17.3720615
          ],
          [
            78.5486472,
            17.3725383
          ],
          [
            78.550593,
            17.3729898
          ],
          [
            78.5525065,
            17.3734388
          ],
          [
            78.5543645,
            17.3739136
          ],
          [
            78.5561473,
            17.374428
          ],
          [
            78.5578376,
            17.374986
          ]
        ]
      },
      "properties": {
        "segment_id": "R0079",
        "source_node": "N021",
        "target_node": "N022",
        "road_class": "arterial",
        "lanes": 2,
        "free_flow_speed_kmh": 60.0,
        "capacity_vph": 2070.0,
        "length_km": 1.634,
        "grade_pct": 3.1,
        "structural_bottleneck": false,
        "importance": 1.2597987571040714,
        "signal_id": "SIG003"
      }
    },
    {
      "type": "Feature",
      "geometry": {
        "type": "LineString",
        "coordinates": [
          [
            78.5579854,
            17.3743634
          ],
          [
            78.556303,
            17.3737725
          ],
          [
            78.5545384,
            17.3731812
          ],
          [
            78.5526935,
            17.372651
          ],
          [
            78.5507841,
            17.372185
          ],
          [
            78.5488318,
            17.371761
          ],
          [
            78.5468611,
            17.3713451
          ],
          [
            78.5448945,
            17.370912
          ],
          [
            78.5429487,
            17.3704603
          ],
          [
            78.5410346,
            17.3700138
          ],
          [
            78.5391602,
            17.3696084
          ],
          [
            78.5373353,
            17.369271
          ],
          [
            78.5355675,
            17.3690393
          ]
        ]
      },
      "properties": {
        "segment_id": "R0080",
        "source_node": "N022",
        "target_node": "N021",
        "road_class": "arterial",
        "lanes": 2,
        "free_flow_speed_kmh": 30.0,
        "capacity_vph": 2070.0,
        "length_km": 1.301,
        "grade_pct": -3.86,
        "structural_bottleneck": false,
        "importance": 1.329927819515041,
        "signal_id": "SIG007"
      }
    },
    {
      "type": "Feature",
      "geometry": {
        "type": "LineString",
        "coordinates": [
          [
            78.5351749,
            17.3693221
          ],
          [
            78.5353136,
            17.3704765
          ],
          [
            78.5353384,
            17.3716723
          ],
          [
            78.5352779,
            17.3729016
          ],
          [
            78.5351598,
            17.3741567
          ],
          [
            78.5350237,
            17.3754308
          ],
          [
            78.5349003,
            17.3767164
          ],
          [
            78.5347954,
            17.3780036
          ],
          [
            78.534689,
            17.3792803
          ],
          [
            78.5345495,
            17.3805335
          ],
          [
            78.5343542,
            17.3817508
          ],
          [
            78.5341052,
            17.3829221
          ],
          [
            78.5338568,
            17.3840419
          ]
        ]
      },
      "properties": {
        "segment_id": "R0081",
        "source_node": "N021",
        "target_node": "N033",
        "road_class": "arterial",
        "lanes": 1,
        "free_flow_speed_kmh": 50.0,
        "capacity_vph": 1035.0,
        "length_km": 1.088,
        "grade_pct": -0.24,
        "structural_bottleneck": false,
        "importance": 1.2435579769861005,
        "signal_id": null
      }
    },
    {
      "type": "Feature",
      "geometry": {
        "type": "LineString",
        "coordinates": [
          [
            78.5344942,
            17.3840989
          ],
          [
            78.5348474,
            17.3829885
          ],
          [
            78.5350463,
            17.3818128
          ],
          [
            78.5351896,
            17.3805909
          ],
          [
            78.5353151,
            17.3793364
          ],
          [
            78.5354516,
            17.3780624
          ],
          [
            78.5356028,
            17.3767793
          ],
          [
            78.5357469,
            17.3754956
          ],
          [
            78.5358504,
            17.3742186
          ],
          [
            78.5358892,
            17.3729564
          ],
          [
            78.5358643,
            17.3717194
          ],
          [
            78.5358019,
            17.3705202
          ],
          [
            78.5358123,
            17.3693791
          ]
        ]
      },
      "properties": {
        "segment_id": "R0082",
        "source_node": "N033",
        "target_node": "N021",
        "road_class": "arterial",
        "lanes": 2,
        "free_flow_speed_kmh": 30.0,
        "capacity_vph": 2070.0,
        "length_km": 0.987,
        "grade_pct": -2.6,
        "structural_bottleneck": false,
        "importance": 1.2934336555713355,
        "signal_id": "SIG007"
      }
    },
    {
      "type": "Feature",
      "geometry": {
        "type": "LineString",
        "coordinates": [
          [
            78.5578607,
            17.3748887
          ],
          [
            78.5589949,
            17.3749329
          ],
          [
            78.5601458,
            17.375124
          ],
          [
            78.56133,
            17.3753489
          ],
          [
            78.5625446,
            17.3755766
          ],
          [
            78.5637808,
            17.3758003
          ],
          [
            78.5650239,
            17.3760383
          ],
          [
            78.5662566,
            17.37632
          ],
          [
            78.5674639,
            17.3766651
          ],
          [
            78.5686366,
            17.3770691
          ],
          [
            78.5697713,
            17.3775026
          ],
          [
            78.5708672,
            17.3779252
          ],
          [
            78.5719389,
            17.3782328
          ]
        ]
      },
      "properties": {
        "segment_id": "R0083",
        "source_node": "N022",
        "target_node": "N023",
        "road_class": "collector",
        "lanes": 2,
        "free_flow_speed_kmh": 40.0,
        "capacity_vph": 1800.0,
        "length_km": 1.19,
        "grade_pct": 0.61,
        "structural_bottleneck": false,
        "importance": 0.8018014977507513,
        "signal_id": "SIG002"
      }
    },
    {
      "type": "Feature",
      "geometry": {
        "type": "LineString",
        "coordinates": [
          [
            78.5720405,
            17.3778048
          ],
          [
            78.5709953,
            17.377386
          ],
          [
            78.5698868,
            17.3770162
          ],
          [
            78.568739,
            17.3766379
          ],
          [
            78.5675627,
            17.3762491
          ],
          [
            78.5663627,
            17.3758731
          ],
          [
            78.5651414,
            17.3755435
          ],
          [
            78.5639033,
            17.3752844
          ],
          [
            78.5626589,
            17.3750955
          ],
          [
            78.5614245,
            17.3749514
          ],
          [
            78.5602189,
            17.3748163
          ],
          [
            78.5590588,
            17.3746637
          ],
          [
            78.5579623,
            17.3744607
          ]
        ]
      },
      "properties": {
        "segment_id": "R0084",
        "source_node": "N023",
        "target_node": "N022",
        "road_class": "collector",
        "lanes": 2,
        "free_flow_speed_kmh": 40.0,
        "capacity_vph": 1800.0,
        "length_km": 1.608,
        "grade_pct": 2.64,
        "structural_bottleneck": false,
        "importance": 0.841082593641956,
        "signal_id": "SIG003"
      }
    },
    {
      "type": "Feature",
      "geometry": {
        "type": "LineString",
        "coordinates": [
          [
            78.557695,
            17.3746354
          ],
          [
            78.5576509,
            17.3756054
          ],
          [
            78.5576223,
            17.3766225
          ],
          [
            78.5575855,
            17.3776733
          ],
          [
            78.5575208,
            17.3787455
          ],
          [
            78.5573981,
            17.3798249
          ],
          [
            78.5571974,
            17.3808989
          ],
          [
            78.5569236,
            17.3819596
          ],
          [
            78.5566065,
            17.3830036
          ],
          [
            78.5562866,
            17.3840295
          ],
          [
            78.5559943,
            17.3850339
          ],
          [
            78.555735,
            17.386009
          ],
          [
            78.5554597,
            17.3869371
          ]
        ]
      },
      "properties": {
        "segment_id": "R0085",
        "source_node": "N022",
        "target_node": "N034",
        "road_class": "collector",
        "lanes": 2,
        "free_flow_speed_kmh": 50.0,
        "capacity_vph": 1800.0,
        "length_km": 0.751,
        "grade_pct": -2.83,
        "structural_bottleneck": false,
        "importance": 0.7239615771966796,
        "signal_id": "SIG012"
      }
    },
    {
      "type": "Feature",
      "geometry": {
        "type": "LineString",
        "coordinates": [
          [
            78.5558927,
            17.3870157
          ],
          [
            78.5562009,
            17.3860936
          ],
          [
            78.5565816,
            17.3851406
          ],
          [
            78.5569394,
            17.3841481
          ],
          [
            78.5572411,
            17.3831189
          ],
          [
            78.5574641,
            17.3820578
          ],
          [
            78.5576106,
            17.380974
          ],
          [
            78.5577078,
            17.3798812
          ],
          [
            78.5577933,
            17.378795
          ],
          [
            78.5578942,
            17.3777294
          ],
          [
            78.5580126,
            17.3766934
          ],
          [
            78.5581258,
            17.3756917
          ],
          [
            78.558128,
            17.374714
          ]
        ]
      },
      "properties": {
        "segment_id": "R0086",
        "source_node": "N034",
        "target_node": "N022",
        "road_class": "collector",
        "lanes": 2,
        "free_flow_speed_kmh": 60.0,
        "capacity_vph": 1800.0,
        "length_km": 1.366,
        "grade_pct": -2.36,
        "structural_bottleneck": false,
        "importance": 0.5765754150198703,
        "signal_id": "SIG003"
      }
    },
    {
      "type": "Feature",
      "geometry": {
        "type": "LineString",
        "coordinates": [
          [
            78.5719776,
            17.3782385
          ],
          [
            78.5729789,
            17.3778722
          ],
          [
            78.5740234,
            17.3775266
          ],
          [
            78.5750967,
            17.3773021
          ],
          [
            78.5761888,
            17.3772151
          ],
          [
            78.5772916,
            17.3772567
          ],
          [
            78.578398,
            17.3773925
          ],
          [
            78.5795017,
            17.377578
          ],
          [
            78.5805956,
            17.3777798
          ],
          [
            78.5816714,
            17.3779896
          ],
          [
            78.5827192,
            17.3782245
          ],
          [
            78.5837287,
            17.3785116
          ],
          [
            78.5846862,
            17.3789408
          ]
        ]
      },
      "properties": {
        "segment_id": "R0087",
        "source_node": "N023",
        "target_node": "N024",
        "road_class": "collector",
        "lanes": 2,
        "free_flow_speed_kmh": 60.0,
        "capacity_vph": 1800.0,
        "length_km": 1.436,
        "grade_pct": -1.78,
        "structural_bottleneck": false,
        "importance": 0.6022828895553036,
        "signal_id": "SIG063"
      }
    },
    {
      "type": "Feature",
      "geometry": {
        "type": "LineString",
        "coordinates": [
          [
            78.5847104,
            17.3785014
          ],
          [
            78.5837589,
            17.3779651
          ],
          [
            78.5827578,
            17.3775254
          ],
          [
            78.5817135,
            17.3772282
          ],
          [
            78.5806351,
            17.3770649
          ],
          [
            78.5795335,
            17.377002
          ],
          [
            78.5784199,
            17.3769961
          ],
          [
            78.577305,
            17.3770148
          ],
          [
            78.5761979,
            17.3770514
          ],
          [
            78.5751065,
            17.377124
          ],
          [
            78.5740381,
            17.3772609
          ],
          [
            78.5730007,
            17.3774792
          ],
          [
            78.5720018,
            17.3777991
          ]
        ]
      },
      "properties": {
        "segment_id": "R0088",
        "source_node": "N024",
        "target_node": "N023",
        "road_class": "collector",
        "lanes": 3,
        "free_flow_speed_kmh": 60.0,
        "capacity_vph": 2700.0,
        "length_km": 1.212,
        "grade_pct": -2.43,
        "structural_bottleneck": false,
        "importance": 0.861398901516363,
        "signal_id": "SIG002"
      }
    },
    {
      "type": "Feature",
      "geometry": {
        "type": "LineString",
        "coordinates": [
          [
            78.5717701,
            17.3780052
          ],
          [
            78.5720256,
            17.3789481
          ],
          [
            78.572144,
            17.3799244
          ],
          [
            78.5721646,
            17.380928
          ],
          [
            78.5721183,
            17.3819526
          ],
          [
            78.5720457,
            17.3829923
          ],
          [
            78.5719761,
            17.3840406
          ],
          [
            78.5719129,
            17.3850893
          ],
          [
            78.5718349,
            17.3861287
          ],
          [
            78.571711,
            17.3871485
          ],
          [
            78.5715217,
            17.3881392
          ],
          [
            78.5712729,
            17.3890927
          ],
          [
            78.5710289,
            17.3900047
          ]
        ]
      },
      "properties": {
        "segment_id": "R0089",
        "source_node": "N023",
        "target_node": "N035",
        "road_class": "collector",
        "lanes": 2,
        "free_flow_speed_kmh": 40.0,
        "capacity_vph": 1800.0,
        "length_km": 1.13,
        "grade_pct": 1.09,
        "structural_bottleneck": false,
        "importance": 0.6520551004410603,
        "signal_id": "SIG011"
      }
    },
    {
      "type": "Feature",
      "geometry": {
        "type": "LineString",
        "coordinates": [
          [
            78.5714681,
            17.3900319
          ],
          [
            78.5718613,
            17.3891291
          ],
          [
            78.5721389,
            17.3881773
          ],
          [
            78.572312,
            17.3871856
          ],
          [
            78.5724043,
            17.3861638
          ],
          [
            78.5724551,
            17.3851228
          ],
          [
            78.572499,
            17.3840729
          ],
          [
            78.5725478,
            17.3830233
          ],
          [
            78.5725866,
            17.3819815
          ],
          [
            78.5725847,
            17.380954
          ],
          [
            78.5725165,
            17.3799474
          ],
          [
            78.5723787,
            17.3789699
          ],
          [
            78.5722093,
            17.3780324
          ]
        ]
      },
      "properties": {
        "segment_id": "R0090",
        "source_node": "N035",
        "target_node": "N023",
        "road_class": "collector",
        "lanes": 1,
        "free_flow_speed_kmh": 50.0,
        "capacity_vph": 900.0,
        "length_km": 1.581,
        "grade_pct": 1.24,
        "structural_bottleneck": false,
        "importance": 0.6231892997806558,
        "signal_id": "SIG002"
      }
    },
    {
      "type": "Feature",
      "geometry": {
        "type": "LineString",
        "coordinates": [
          [
            78.5844783,
            17.3787189
          ],
          [
            78.5848266,
            17.3797
          ],
          [
            78.5849944,
            17.3807234
          ],
          [
            78.585073,
            17.3817811
          ],
          [
            78.5851027,
            17.3828649
          ],
          [
            78.5851184,
            17.3839661
          ],
          [
            78.5851325,
            17.3850761
          ],
          [
            78.5851305,
            17.386186
          ],
          [
            78.5850823,
            17.3872865
          ],
          [
            78.5849631,
            17.3883687
          ],
          [
            78.5847709,
            17.3894237
          ],
          [
            78.5845306,
            17.3904429
          ],
          [
            78.5843487,
            17.3914187
          ]
        ]
      },
      "properties": {
        "segment_id": "R0091",
        "source_node": "N024",
        "target_node": "N036",
        "road_class": "collector",
        "lanes": 1,
        "free_flow_speed_kmh": 30.0,
        "capacity_vph": 900.0,
        "length_km": 1.296,
        "grade_pct": 0.95,
        "structural_bottleneck": false,
        "importance": 0.7143975969397734,
        "signal_id": "SIG070"
      }
    },
    {
      "type": "Feature",
      "geometry": {
        "type": "LineString",
        "coordinates": [
          [
            78.5847887,
            17.3914231
          ],
          [
            78.5849581,
            17.3904473
          ],
          [
            78.5849958,
            17.389426
          ],
          [
            78.5850175,
            17.3883693
          ],
          [
            78.5850548,
            17.3872862
          ],
          [
            78.5851165,
            17.3861858
          ],
          [
            78.5851845,
            17.3850766
          ],
          [
            78.5852257,
            17.3839672
          ],
          [
            78.5852122,
            17.382866
          ],
          [
            78.5851393,
            17.3817818
          ],
          [
            78.5850291,
            17.3807237
          ],
          [
            78.5849187,
            17.3797009
          ],
          [
            78.5849183,
            17.3787233
          ]
        ]
      },
      "properties": {
        "segment_id": "R0092",
        "source_node": "N036",
        "target_node": "N024",
        "road_class": "collector",
        "lanes": 2,
        "free_flow_speed_kmh": 40.0,
        "capacity_vph": 1800.0,
        "length_km": 1.131,
        "grade_pct": 3.87,
        "structural_bottleneck": false,
        "importance": 0.7438735438562079,
        "signal_id": "SIG063"
      }
    },
    {
      "type": "Feature",
      "geometry": {
        "type": "LineString",
        "coordinates": [
          [
            78.3583116,
            17.3650023
          ],
          [
            78.3596305,
            17.3644563
          ],
          [
            78.3610223,
            17.3640477
          ],
          [
            78.362468,
            17.3636969
          ],
          [
            78.3639543,
            17.3633903
          ],
          [
            78.36547,
            17.3631411
          ],
          [
            78.367005,
            17.3629774
          ],
          [
            78.3685489,
            17.3629214
          ],
          [
            78.3700893,
            17.3629724
          ],
          [
            78.3716117,
            17.3631028
          ],
          [
            78.3731002,
            17.3632704
          ],
          [
            78.3745395,
            17.3634386
          ],
          [
            78.3759127,
            17.3635507
          ]
        ]
      },
      "properties": {
        "segment_id": "R0093",
        "source_node": "N025",
        "target_node": "N026",
        "road_class": "arterial",
        "lanes": 1,
        "free_flow_speed_kmh": 60.0,
        "capacity_vph": 1035.0,
        "length_km": 1.605,
        "grade_pct": 1.55,
        "structural_bottleneck": false,
        "importance": 1.0279595687002694,
        "signal_id": "SIG018"
      }
    },
    {
      "type": "Feature",
      "geometry": {
        "type": "LineString",
        "coordinates": [
          [
            78.3758601,
            17.3629129
          ],
          [
            78.3744737,
            17.3626409
          ],
          [
            78.3730306,
            17.362426
          ],
          [
            78.3715431,
            17.3622705
          ],
          [
            78.3700245,
            17.3621862
          ],
          [
            78.3684893,
            17.3621989
          ],
          [
            78.3669515,
            17.3623289
          ],
          [
            78.3654231,
            17.3625728
          ],
          [
            78.363914,
            17.3629008
          ],
          [
            78.3624327,
            17.3632686
          ],
          [
            78.3609885,
            17.3636379
          ],
          [
            78.3595923,
            17.3639934
          ],
          [
            78.358259,
            17.3643645
          ]
        ]
      },
      "properties": {
        "segment_id": "R0094",
        "source_node": "N026",
        "target_node": "N025",
        "road_class": "arterial",
        "lanes": 2,
        "free_flow_speed_kmh": 40.0,
        "capacity_vph": 2070.0,
        "length_km": 0.764,
        "grade_pct": 2.01,
        "structural_bottleneck": false,
        "importance": 1.2451651918469706,
        "signal_id": "SIG068"
      }
    },
    {
      "type": "Feature",
      "geometry": {
        "type": "LineString",
        "coordinates": [
          [
            78.3579664,
            17.3646567
          ],
          [
            78.3579199,
            17.3659741
          ],
          [
            78.3579477,
            17.3673574
          ],
          [
            78.3579645,
            17.3687874
          ],
          [
            78.3579384,
            17.3702496
          ],
          [
            78.357844,
            17.37173
          ],
          [
            78.3576794,
            17.3732163
          ],
          [
            78.357469,
            17.3746989
          ],
          [
            78.3572516,
            17.3761689
          ],
          [
            78.3570597,
            17.3776172
          ],
          [
            78.3569025,
            17.3790327
          ],
          [
            78.3567625,
            17.3804019
          ],
          [
            78.3565399,
            17.3817046
          ]
        ]
      },
      "properties": {
        "segment_id": "R0095",
        "source_node": "N025",
        "target_node": "N037",
        "road_class": "arterial",
        "lanes": 1,
        "free_flow_speed_kmh": 50.0,
        "capacity_vph": 1035.0,
        "length_km": 1.706,
        "grade_pct": -2.33,
        "structural_bottleneck": false,
        "importance": 1.0338970669401932,
        "signal_id": null
      }
    },
    {
      "type": "Feature",
      "geometry": {
        "type": "LineString",
        "coordinates": [
          [
            78.3571777,
            17.381758
          ],
          [
            78.357396,
            17.3804549
          ],
          [
            78.3576844,
            17.3790981
          ],
          [
            78.3579318,
            17.3776902
          ],
          [
            78.3581115,
            17.3762409
          ],
          [
            78.3582197,
            17.3747617
          ],
          [
            78.3582796,
            17.3732666
          ],
          [
            78.3583282,
            17.3717705
          ],
          [
            78.3583959,
            17.3702879
          ],
          [
            78.3584896,
            17.3688314
          ],
          [
            78.3585898,
            17.3674111
          ],
          [
            78.3586628,
            17.3660363
          ],
          [
            78.3586042,
            17.3647101
          ]
        ]
      },
      "properties": {
        "segment_id": "R0096",
        "source_node": "N037",
        "target_node": "N025",
        "road_class": "arterial",
        "lanes": 2,
        "free_flow_speed_kmh": 40.0,
        "capacity_vph": 2070.0,
        "length_km": 1.659,
        "grade_pct": 3.42,
        "structural_bottleneck": false,
        "importance": 1.3721567859013803,
        "signal_id": "SIG068"
      }
    },
    {
      "type": "Feature",
      "geometry": {
        "type": "LineString",
        "coordinates": [
          [
            78.3758466,
            17.3635493
          ],
          [
            78.3775514,
            17.3632957
          ],
          [
            78.3793206,
            17.3631297
          ],
          [
            78.381132,
            17.36311
          ],
          [
            78.3829708,
            17.3632314
          ],
          [
            78.3848261,
            17.3634627
          ],
          [
            78.3866884,
            17.3637587
          ],
          [
            78.3885473,
            17.3640813
          ],
          [
            78.3903896,
            17.3644159
          ],
          [
            78.3921988,
            17.3647742
          ],
          [
            78.3939565,
            17.3651817
          ],
          [
            78.3956453,
            17.3656569
          ],
          [
            78.3972458,
            17.3662347
          ]
        ]
      },
      "properties": {
        "segment_id": "R0097",
        "source_node": "N026",
        "target_node": "N027",
        "road_class": "arterial",
        "lanes": 3,
        "free_flow_speed_kmh": 30.0,
        "capacity_vph": 3105.0,
        "length_km": 1.539,
        "grade_pct": -3.33,
        "structural_bottleneck": false,
        "importance": 0.938253020071182,
        "signal_id": "SIG017"
      }
    },
    {
      "type": "Feature",
      "geometry": {
        "type": "LineString",
        "coordinates": [
          [
            78.3973254,
            17.3655997
          ],
          [
            78.3957423,
            17.3648839
          ],
          [
            78.3940637,
            17.3643267
          ],
          [
            78.3923078,
            17.3639055
          ],
          [
            78.390493,
            17.3635924
          ],
          [
            78.3886396,
            17.3633458
          ],
          [
            78.3867671,
            17.3631316
          ],
          [
            78.3848918,
            17.3629394
          ],
          [
            78.3830269,
            17.3627849
          ],
          [
            78.3811837,
            17.3626974
          ],
          [
            78.3793747,
            17.3626987
          ],
          [
            78.3776152,
            17.3627874
          ],
          [
            78.3759262,
            17.3629143
          ]
        ]
      },
      "properties": {
        "segment_id": "R0098",
        "source_node": "N027",
        "target_node": "N026",
        "road_class": "arterial",
        "lanes": 2,
        "free_flow_speed_kmh": 30.0,
        "capacity_vph": 2070.0,
        "length_km": 1.058,
        "grade_pct": 1.23,
        "structural_bottleneck": false,
        "importance": 1.3451568205687658,
        "signal_id": "SIG018"
      }
    },
    {
      "type": "Feature",
      "geometry": {
        "type": "LineString",
        "coordinates": [
          [
            78.3755776,
            17.363148
          ],
          [
            78.3753982,
            17.3647743
          ],
          [
            78.3750476,
            17.3664297
          ],
          [
            78.3746218,
            17.3681251
          ],
          [
            78.3741621,
            17.3698567
          ],
          [
            78.3737024,
            17.3716185
          ],
          [
            78.3732536,
            17.3733983
          ],
          [
            78.3728009,
            17.3751771
          ],
          [
            78.3723168,
            17.3769323
          ],
          [
            78.3717812,
            17.3786433
          ],
          [
            78.3711971,
            17.3802957
          ],
          [
            78.3705928,
            17.3818822
          ],
          [
            78.3700772,
            17.3834173
          ]
        ]
      },
      "properties": {
        "segment_id": "R0099",
        "source_node": "N026",
        "target_node": "N038",
        "road_class": "arterial",
        "lanes": 3,
        "free_flow_speed_kmh": 60.0,
        "capacity_vph": 3105.0,
        "length_km": 0.774,
        "grade_pct": -2.05,
        "structural_bottleneck": false,
        "importance": 1.203434333928015,
        "signal_id": "SIG010"
      }
    },
    {
      "type": "Feature",
      "geometry": {
        "type": "LineString",
        "coordinates": [
          [
            78.3706948,
            17.3835849
          ],
          [
            78.3708746,
            17.3819587
          ],
          [
            78.3712288,
            17.3803043
          ],
          [
            78.3716531,
            17.3786085
          ],
          [
            78.3721061,
            17.3768751
          ],
          [
            78.372557,
            17.3751109
          ],
          [
            78.3729998,
            17.3733294
          ],
          [
            78.3734528,
            17.3715507
          ],
          [
            78.3739435,
            17.3697973
          ],
          [
            78.3744889,
            17.368089
          ],
          [
            78.375081,
            17.3664387
          ],
          [
            78.3756876,
            17.3648528
          ],
          [
            78.3761952,
            17.3633156
          ]
        ]
      },
      "properties": {
        "segment_id": "R0100",
        "source_node": "N038",
        "target_node": "N026",
        "road_class": "arterial",
        "lanes": 1,
        "free_flow_speed_kmh": 50.0,
        "capacity_vph": 1035.0,
        "length_km": 0.758,
        "grade_pct": -3.32,
        "structural_bottleneck": false,
        "importance": 1.3148726881177528,
        "signal_id": "SIG018"
      }
    },
    {
      "type": "Feature",
      "geometry": {
        "type": "LineString",
        "coordinates": [
          [
            78.3972526,
            17.3662355
          ],
          [
            78.3990392,
            17.3660162
          ],
          [
            78.4009029,
            17.3658201
          ],
          [
            78.4028177,
            17.3657457
          ],
          [
            78.404766,
            17.3658081
          ],
          [
            78.4067332,
            17.3659963
          ],
          [
            78.4087069,
            17.3662749
          ],
          [
            78.4106759,
            17.3665988
          ],
          [
            78.4126278,
            17.3669345
          ],
          [
            78.4145475,
            17.367274
          ],
          [
            78.4164173,
            17.3676342
          ],
          [
            78.4182185,
            17.3680414
          ],
          [
            78.4199263,
            17.3685827
          ]
        ]
      },
      "properties": {
        "segment_id": "R0101",
        "source_node": "N027",
        "target_node": "N028",
        "road_class": "arterial",
        "lanes": 2,
        "free_flow_speed_kmh": 30.0,
        "capacity_vph": 2070.0,
        "length_km": 1.41,
        "grade_pct": 1.05,
        "structural_bottleneck": false,
        "importance": 1.183688941153524,
        "signal_id": "SIG016"
      }
    },
    {
      "type": "Feature",
      "geometry": {
        "type": "LineString",
        "coordinates": [
          [
            78.4199923,
            17.3679461
          ],
          [
            78.4182949,
            17.3673038
          ],
          [
            78.4165088,
            17.3667501
          ],
          [
            78.4146453,
            17.3663295
          ],
          [
            78.412721,
            17.3660342
          ],
          [
            78.4107554,
            17.3658316
          ],
          [
            78.4087685,
            17.3656799
          ],
          [
            78.4067795,
            17.3655492
          ],
          [
            78.4048046,
            17.3654352
          ],
          [
            78.4028578,
            17.3653582
          ],
          [
            78.4009518,
            17.3653477
          ],
          [
            78.3991007,
            17.3654217
          ],
          [
            78.3973186,
            17.3655989
          ]
        ]
      },
      "properties": {
        "segment_id": "R0102",
        "source_node": "N028",
        "target_node": "N027",
        "road_class": "arterial",
        "lanes": 3,
        "free_flow_speed_kmh": 50.0,
        "capacity_vph": 3105.0,
        "length_km": 1.661,
        "grade_pct": 0.21,
        "structural_bottleneck": false,
        "importance": 1.3753941420323552,
        "signal_id": "SIG017"
      }
    },
    {
      "type": "Feature",
      "geometry": {
        "type": "LineString",
        "coordinates": [
          [
            78.3969925,
            17.3657888
          ],
          [
            78.3962671,
            17.3671216
          ],
          [
            78.3954872,
            17.3685049
          ],
          [
            78.3946889,
            17.3699398
          ],
          [
            78.3938989,
            17.3714229
          ],
          [
            78.3931522,
            17.3729548
          ],
          [
            78.3924725,
            17.374531
          ],
          [
            78.3918599,
            17.3761365
          ],
          [
            78.3912919,
            17.3777467
          ],
          [
            78.3907377,
            17.3793332
          ],
          [
            78.3901777,
            17.3808724
          ],
          [
            78.389616,
            17.3823513
          ],
          [
            78.3891114,
            17.3837808
          ]
        ]
      },
      "properties": {
        "segment_id": "R0103",
        "source_node": "N027",
        "target_node": "N039",
        "road_class": "arterial",
        "lanes": 1,
        "free_flow_speed_kmh": 60.0,
        "capacity_vph": 1035.0,
        "length_km": 1.302,
        "grade_pct": 2.03,
        "structural_bottleneck": false,
        "importance": 1.0567720724571672,
        "signal_id": "SIG009"
      }
    },
    {
      "type": "Feature",
      "geometry": {
        "type": "LineString",
        "coordinates": [
          [
            78.3896976,
            17.3840376
          ],
          [
            78.3901737,
            17.3825956
          ],
          [
            78.3906167,
            17.3810647
          ],
          [
            78.3911119,
            17.3794971
          ],
          [
            78.3916832,
            17.3779181
          ],
          [
            78.392343,
            17.3763481
          ],
          [
            78.3930799,
            17.374797
          ],
          [
            78.39386,
            17.3732649
          ],
          [
            78.3946416,
            17.3717483
          ],
          [
            78.3953942,
            17.3702487
          ],
          [
            78.3961111,
            17.3687782
          ],
          [
            78.3968082,
            17.3673586
          ],
          [
            78.3975787,
            17.3660456
          ]
        ]
      },
      "properties": {
        "segment_id": "R0104",
        "source_node": "N039",
        "target_node": "N027",
        "road_class": "arterial",
        "lanes": 3,
        "free_flow_speed_kmh": 60.0,
        "capacity_vph": 3105.0,
        "length_km": 0.942,
        "grade_pct": 0.83,
        "structural_bottleneck": false,
        "importance": 1.2659928303349766,
        "signal_id": "SIG017"
      }
    },
    {
      "type": "Feature",
      "geometry": {
        "type": "LineString",
        "coordinates": [
          [
            78.419957,
            17.3685844
          ],
          [
            78.4217244,
            17.3687953
          ],
          [
            78.4235713,
            17.3690382
          ],
          [
            78.4254826,
            17.3692103
          ],
          [
            78.4274424,
            17.3692922
          ],
          [
            78.4294347,
            17.3692909
          ],
          [
            78.4314433,
            17.3692377
          ],
          [
            78.4334521,
            17.3691722
          ],
          [
            78.4354447,
            17.3691214
          ],
          [
            78.4374054,
            17.3690863
          ],
          [
            78.4393182,
            17.3690435
          ],
          [
            78.4411674,
            17.368961
          ],
          [
            78.4429378,
            17.3687485
          ]
        ]
      },
      "properties": {
        "segment_id": "R0105",
        "source_node": "N028",
        "target_node": "N029",
        "road_class": "arterial",
        "lanes": 2,
        "free_flow_speed_kmh": 30.0,
        "capacity_vph": 2070.0,
        "length_km": 1.589,
        "grade_pct": -3.79,
        "structural_bottleneck": false,
        "importance": 1.0171059501644804,
        "signal_id": "SIG015"
      }
    },
    {
      "type": "Feature",
      "geometry": {
        "type": "LineString",
        "coordinates": [
          [
            78.4429424,
            17.3681085
          ],
          [
            78.4411717,
            17.3683646
          ],
          [
            78.4393216,
            17.3685657
          ],
          [
            78.4374083,
            17.3686698
          ],
          [
            78.4354479,
            17.3686845
          ],
          [
            78.4334559,
            17.3686417
          ],
          [
            78.431448,
            17.3685815
          ],
          [
            78.4294401,
            17.3685311
          ],
          [
            78.4274481,
            17.3684912
          ],
          [
            78.4254881,
            17.3684386
          ],
          [
            78.4235763,
            17.3683419
          ],
          [
            78.4217288,
            17.3681824
          ],
          [
            78.4199616,
            17.3679444
          ]
        ]
      },
      "properties": {
        "segment_id": "R0106",
        "source_node": "N029",
        "target_node": "N028",
        "road_class": "arterial",
        "lanes": 1,
        "free_flow_speed_kmh": 60.0,
        "capacity_vph": 1035.0,
        "length_km": 1.757,
        "grade_pct": 3.55,
        "structural_bottleneck": false,
        "importance": 1.1377943587891508,
        "signal_id": "SIG016"
      }
    },
    {
      "type": "Feature",
      "geometry": {
        "type": "LineString",
        "coordinates": [
          [
            78.4196431,
            17.368215
          ],
          [
            78.4191069,
            17.3695951
          ],
          [
            78.4187002,
            17.3710615
          ],
          [
            78.4183791,
            17.3725942
          ],
          [
            78.418114,
            17.3741752
          ],
          [
            78.4178672,
            17.3757855
          ],
          [
            78.4176142,
            17.3774081
          ],
          [
            78.4173565,
            17.3790299
          ],
          [
            78.4171194,
            17.3806417
          ],
          [
            78.4169358,
            17.3822354
          ],
          [
            78.4168259,
            17.3838011
          ],
          [
            78.4167835,
            17.3853245
          ],
          [
            78.416741,
            17.3867818
          ]
        ]
      },
      "properties": {
        "segment_id": "R0107",
        "source_node": "N028",
        "target_node": "N040",
        "road_class": "arterial",
        "lanes": 1,
        "free_flow_speed_kmh": 30.0,
        "capacity_vph": 1035.0,
        "length_km": 1.733,
        "grade_pct": 2.26,
        "structural_bottleneck": false,
        "importance": 1.0480299000936448,
        "signal_id": "SIG013"
      }
    },
    {
      "type": "Feature",
      "geometry": {
        "type": "LineString",
        "coordinates": [
          [
            78.4173734,
            17.3868806
          ],
          [
            78.4172821,
            17.3854024
          ],
          [
            78.4173769,
            17.3838872
          ],
          [
            78.4175473,
            17.382331
          ],
          [
            78.4177518,
            17.3807405
          ],
          [
            78.4179619,
            17.3791245
          ],
          [
            78.4181753,
            17.3774958
          ],
          [
            78.4184133,
            17.3758709
          ],
          [
            78.4187047,
            17.3742675
          ],
          [
            78.419065,
            17.3727014
          ],
          [
            78.4194837,
            17.371184
          ],
          [
            78.4199264,
            17.3697232
          ],
          [
            78.4202755,
            17.3683138
          ]
        ]
      },
      "properties": {
        "segment_id": "R0108",
        "source_node": "N040",
        "target_node": "N028",
        "road_class": "arterial",
        "lanes": 3,
        "free_flow_speed_kmh": 30.0,
        "capacity_vph": 3105.0,
        "length_km": 1.636,
        "grade_pct": -2.55,
        "structural_bottleneck": false,
        "importance": 1.3863202795355842,
        "signal_id": "SIG016"
      }
    },
    {
      "type": "Feature",
      "geometry": {
        "type": "LineString",
        "coordinates": [
          [
            78.4428908,
            17.3687447
          ],
          [
            78.4445884,
            17.3692909
          ],
          [
            78.4463867,
            17.3697072
          ],
          [
            78.4482531,
            17.3700994
          ],
          [
            78.4501678,
            17.3704913
          ],
          [
            78.4521151,
            17.3708805
          ],
          [
            78.4540829,
            17.3712411
          ],
          [
            78.4560604,
            17.3715401
          ],
          [
            78.4580344,
            17.3717581
          ],
          [
            78.4599878,
            17.3719016
          ],
          [
            78.4618999,
            17.3720008
          ],
          [
            78.4637487,
            17.3720931
          ],
          [
            78.4655038,
            17.3722708
          ]
        ]
      },
      "properties": {
        "segment_id": "R0109",
        "source_node": "N029",
        "target_node": "N030",
        "road_class": "arterial",
        "lanes": 3,
        "free_flow_speed_kmh": 60.0,
        "capacity_vph": 3105.0,
        "length_km": 1.508,
        "grade_pct": 4.0,
        "structural_bottleneck": false,
        "importance": 1.356211695606841,
        "signal_id": null
      }
    },
    {
      "type": "Feature",
      "geometry": {
        "type": "LineString",
        "coordinates": [
          [
            78.4656024,
            17.3716384
          ],
          [
            78.4638378,
            17.3715215
          ],
          [
            78.4620146,
            17.3712655
          ],
          [
            78.4601305,
            17.3709862
          ],
          [
            78.4581968,
            17.3707161
          ],
          [
            78.4562282,
            17.370464
          ],
          [
            78.4542433,
            17.3702126
          ],
          [
            78.4522632,
            17.3699311
          ],
          [
            78.4503074,
            17.3695962
          ],
          [
            78.4483921,
            17.3692083
          ],
          [
            78.4465292,
            17.3687937
          ],
          [
            78.4447285,
            17.3683922
          ],
          [
            78.4429894,
            17.3681123
          ]
        ]
      },
      "properties": {
        "segment_id": "R0110",
        "source_node": "N030",
        "target_node": "N029",
        "road_class": "arterial",
        "lanes": 2,
        "free_flow_speed_kmh": 50.0,
        "capacity_vph": 2070.0,
        "length_km": 1.722,
        "grade_pct": 0.75,
        "structural_bottleneck": false,
        "importance": 1.1123741534038074,
        "signal_id": "SIG015"
      }
    },
    {
      "type": "Feature",
      "geometry": {
        "type": "LineString",
        "coordinates": [
          [
            78.4426281,
            17.3683576
          ],
          [
            78.4421725,
            17.3698958
          ],
          [
            78.4417553,
            17.3715168
          ],
          [
            78.4413127,
            17.3731912
          ],
          [
            78.4408419,
            17.3749037
          ],
          [
            78.4403657,
            17.3766446
          ],
          [
            78.4399199,
            17.3784072
          ],
          [
            78.4395328,
            17.3801831
          ],
          [
            78.4392091,
            17.3819587
          ],
          [
            78.438928,
            17.3837143
          ],
          [
            78.4386557,
            17.3854274
          ],
          [
            78.4383659,
            17.3870774
          ],
          [
            78.4380182,
            17.3886401
          ]
        ]
      },
      "properties": {
        "segment_id": "R0111",
        "source_node": "N029",
        "target_node": "N041",
        "road_class": "arterial",
        "lanes": 1,
        "free_flow_speed_kmh": 40.0,
        "capacity_vph": 1035.0,
        "length_km": 0.817,
        "grade_pct": 3.84,
        "structural_bottleneck": false,
        "importance": 1.0611006478380116,
        "signal_id": null
      }
    },
    {
      "type": "Feature",
      "geometry": {
        "type": "LineString",
        "coordinates": [
          [
            78.4386422,
            17.3887819
          ],
          [
            78.4389348,
            17.3872067
          ],
          [
            78.4392122,
            17.3855539
          ],
          [
            78.4394879,
            17.3838415
          ],
          [
            78.4397787,
            17.3820881
          ],
          [
            78.4401138,
            17.3803152
          ],
          [
            78.4405147,
            17.3785424
          ],
          [
            78.4409792,
            17.376784
          ],
          [
            78.4414795,
            17.3750486
          ],
          [
            78.4419753,
            17.3733418
          ],
          [
            78.4424339,
            17.371671
          ],
          [
            78.4428464,
            17.370049
          ],
          [
            78.4432521,
            17.3684994
          ]
        ]
      },
      "properties": {
        "segment_id": "R0112",
        "source_node": "N041",
        "target_node": "N029",
        "road_class": "arterial",
        "lanes": 3,
        "free_flow_speed_kmh": 60.0,
        "capacity_vph": 3105.0,
        "length_km": 0.821,
        "grade_pct": 1.02,
        "structural_bottleneck": false,
        "importance": 1.1372387359935627,
        "signal_id": "SIG015"
      }
    },
    {
      "type": "Feature",
      "geometry": {
        "type": "LineString",
        "coordinates": [
          [
            78.4655075,
            17.3722713
          ],
          [
            78.4674414,
            17.3726174
          ],
          [
            78.4694515,
            17.3730563
          ],
          [
            78.4715332,
            17.373495
          ],
          [
            78.4736737,
            17.3738982
          ],
          [
            78.4758591,
            17.3742387
          ],
          [
            78.4780718,
            17.3745135
          ],
          [
            78.4802907,
            17.3747453
          ],
          [
            78.4824928,
            17.3749697
          ],
          [
            78.4846562,
            17.3752139
          ],
          [
            78.4867627,
            17.3754808
          ],
          [
            78.4887975,
            17.3757479
          ],
          [
            78.4907581,
            17.3759093
          ]
        ]
      },
      "properties": {
        "segment_id": "R0113",
        "source_node": "N030",
        "target_node": "N031",
        "road_class": "arterial",
        "lanes": 2,
        "free_flow_speed_kmh": 30.0,
        "capacity_vph": 2070.0,
        "length_km": 0.923,
        "grade_pct": -1.19,
        "structural_bottleneck": false,
        "importance": 1.3569469060358588,
        "signal_id": "SIG014"
      }
    },
    {
      "type": "Feature",
      "geometry": {
        "type": "LineString",
        "coordinates": [
          [
            78.4908493,
            17.3752759
          ],
          [
            78.4888894,
            17.3751102
          ],
          [
            78.4868331,
            17.3749918
          ],
          [
            78.4847137,
            17.3748152
          ],
          [
            78.482552,
            17.3745588
          ],
          [
            78.4803657,
            17.374225
          ],
          [
            78.4781685,
            17.3738422
          ],
          [
            78.4759726,
            17.3734511
          ],
          [
            78.4737911,
            17.3730839
          ],
          [
            78.4716408,
            17.3727484
          ],
          [
            78.4695422,
            17.3724268
          ],
          [
            78.4675176,
            17.3720889
          ],
          [
            78.4655987,
            17.3716379
          ]
        ]
      },
      "properties": {
        "segment_id": "R0114",
        "source_node": "N031",
        "target_node": "N030",
        "road_class": "arterial",
        "lanes": 2,
        "free_flow_speed_kmh": 30.0,
        "capacity_vph": 2070.0,
        "length_km": 1.155,
        "grade_pct": -0.36,
        "structural_bottleneck": false,
        "importance": 1.3495070493183885,
        "signal_id": null
      }
    },
    {
      "type": "Feature",
      "geometry": {
        "type": "LineString",
        "coordinates": [
          [
            78.4652472,
            17.3718608
          ],
          [
            78.4644503,
            17.3730424
          ],
          [
            78.4637062,
            17.3743046
          ],
          [
            78.4630713,
            17.3756517
          ],
          [
            78.4625446,
            17.3770706
          ],
          [
            78.4621004,
            17.3785406
          ],
          [
            78.4617015,
            17.3800373
          ],
          [
            78.4613188,
            17.381539
          ],
          [
            78.4609471,
            17.3830312
          ],
          [
            78.4606059,
            17.384507
          ],
          [
            78.4603262,
            17.3859631
          ],
          [
            78.4601308,
            17.3873936
          ],
          [
            78.4600525,
            17.3887957
          ]
        ]
      },
      "properties": {
        "segment_id": "R0115",
        "source_node": "N030",
        "target_node": "N042",
        "road_class": "arterial",
        "lanes": 3,
        "free_flow_speed_kmh": 50.0,
        "capacity_vph": 3105.0,
        "length_km": 0.878,
        "grade_pct": 1.45,
        "structural_bottleneck": false,
        "importance": 1.285345609772612,
        "signal_id": null
      }
    },
    {
      "type": "Feature",
      "geometry": {
        "type": "LineString",
        "coordinates": [
          [
            78.4606643,
            17.3889833
          ],
          [
            78.4606228,
            17.3875445
          ],
          [
            78.4607552,
            17.3860947
          ],
          [
            78.4610278,
            17.3846364
          ],
          [
            78.4614071,
            17.3831723
          ],
          [
            78.4618488,
            17.3817016
          ],
          [
            78.4623168,
            17.3802261
          ],
          [
            78.4627991,
            17.3787549
          ],
          [
            78.4633083,
            17.3773049
          ],
          [
            78.4638681,
            17.3758961
          ],
          [
            78.4644939,
            17.3745462
          ],
          [
            78.4651771,
            17.3732653
          ],
          [
            78.465859,
            17.3720484
          ]
        ]
      },
      "properties": {
        "segment_id": "R0116",
        "source_node": "N042",
        "target_node": "N030",
        "road_class": "arterial",
        "lanes": 2,
        "free_flow_speed_kmh": 40.0,
        "capacity_vph": 2070.0,
        "length_km": 1.378,
        "grade_pct": 0.93,
        "structural_bottleneck": true,
        "importance": 1.2434103199409292,
        "signal_id": null
      }
    },
    {
      "type": "Feature",
      "geometry": {
        "type": "LineString",
        "coordinates": [
          [
            78.4907653,
            17.3759103
          ],
          [
            78.4923623,
            17.3763579
          ],
          [
            78.4940519,
            17.3766561
          ],
          [
            78.4958074,
            17.3769022
          ],
          [
            78.4976093,
            17.3771333
          ],
          [
            78.4994396,
            17.377377
          ],
          [
            78.5012828,
            17.3776362
          ],
          [
            78.503127,
            17.3778883
          ],
          [
            78.5049612,
            17.3780991
          ],
          [
            78.5067736,
            17.3782437
          ],
          [
            78.5085493,
            17.3783222
          ],
          [
            78.5102704,
            17.3783599
          ],
          [
            78.5119087,
            17.3784659
          ]
        ]
      },
      "properties": {
        "segment_id": "R0117",
        "source_node": "N031",
        "target_node": "N032",
        "road_class": "arterial",
        "lanes": 1,
        "free_flow_speed_kmh": 50.0,
        "capacity_vph": 1035.0,
        "length_km": 1.469,
        "grade_pct": 0.34,
        "structural_bottleneck": false,
        "importance": 1.1639144581098555,
        "signal_id": null
      }
    },
    {
      "type": "Feature",
      "geometry": {
        "type": "LineString",
        "coordinates": [
          [
            78.5119855,
            17.3778305
          ],
          [
            78.5103318,
            17.3778514
          ],
          [
            78.5086215,
            17.3777253
          ],
          [
            78.5068554,
            17.3775671
          ],
          [
            78.5050447,
            17.3774078
          ],
          [
            78.5032036,
            17.3772538
          ],
          [
            78.5013494,
            17.3770858
          ],
          [
            78.4995005,
            17.3768733
          ],
          [
            78.4976743,
            17.3765954
          ],
          [
            78.4958854,
            17.3762562
          ],
          [
            78.4941451,
            17.3758852
          ],
          [
            78.4924633,
            17.3755229
          ],
          [
            78.4908421,
            17.3752749
          ]
        ]
      },
      "properties": {
        "segment_id": "R0118",
        "source_node": "N032",
        "target_node": "N031",
        "road_class": "arterial",
        "lanes": 2,
        "free_flow_speed_kmh": 30.0,
        "capacity_vph": 2070.0,
        "length_km": 1.463,
        "grade_pct": -0.77,
        "structural_bottleneck": false,
        "importance": 1.130537803540803,
        "signal_id": "SIG014"
      }
    },
    {
      "type": "Feature",
      "geometry": {
        "type": "LineString",
        "coordinates": [
          [
            78.4904877,
            17.375542
          ],
          [
            78.4906806,
            17.3769793
          ],
          [
            78.4907857,
            17.3784659
          ],
          [
            78.4907545,
            17.3799815
          ],
          [
            78.4905953,
            17.3815147
          ],
          [
            78.4903414,
            17.3830581
          ],
          [
            78.4900373,
            17.3846061
          ],
          [
            78.4897174,
            17.3861517
          ],
          [
            78.4893912,
            17.3876835
          ],
          [
            78.4890433,
            17.3891865
          ],
          [
            78.488647,
            17.3906436
          ],
          [
            78.4881858,
            17.3920396
          ],
          [
            78.4876361,
            17.393358
          ]
        ]
      },
      "properties": {
        "segment_id": "R0119",
        "source_node": "N031",
        "target_node": "N043",
        "road_class": "arterial",
        "lanes": 3,
        "free_flow_speed_kmh": 30.0,
        "capacity_vph": 3105.0,
        "length_km": 1.568,
        "grade_pct": 3.48,
        "structural_bottleneck": false,
        "importance": 1.415449976909582,
        "signal_id": "SIG008"
      }
    },
    {
      "type": "Feature",
      "geometry": {
        "type": "LineString",
        "coordinates": [
          [
            78.4882681,
            17.3934592
          ],
          [
            78.488881,
            17.3921509
          ],
          [
            78.4894538,
            17.3907727
          ],
          [
            78.489912,
            17.3893255
          ],
          [
            78.4902512,
            17.3878211
          ],
          [
            78.490494,
            17.386276
          ],
          [
            78.4906793,
            17.3847089
          ],
          [
            78.4908429,
            17.3831384
          ],
          [
            78.4909992,
            17.3815793
          ],
          [
            78.4911356,
            17.3800425
          ],
          [
            78.4912229,
            17.3785359
          ],
          [
            78.4912352,
            17.3770681
          ],
          [
            78.4911197,
            17.3756432
          ]
        ]
      },
      "properties": {
        "segment_id": "R0120",
        "source_node": "N043",
        "target_node": "N031",
        "road_class": "arterial",
        "lanes": 2,
        "free_flow_speed_kmh": 30.0,
        "capacity_vph": 2070.0,
        "length_km": 1.28,
        "grade_pct": -0.98,
        "structural_bottleneck": true,
        "importance": 0.9736215608771036,
        "signal_id": "SIG014"
      }
    },
    {
      "type": "Feature",
      "geometry": {
        "type": "LineString",
        "coordinates": [
          [
            78.5118647,
            17.3784574
          ],
          [
            78.5135311,
            17.3790802
          ],
          [
            78.515277,
            17.3797147
          ],
          [
            78.5170864,
            17.3803594
          ],
          [
            78.5189472,
            17.3809967
          ],
          [
            78.5208521,
            17.3815933
          ],
          [
            78.5227923,
            17.3821191
          ],
          [
            78.5247537,
            17.3825654
          ],
          [
            78.526715,
            17.3829496
          ],
          [
            78.528651,
            17.3833053
          ],
          [
            78.5305369,
            17.3836625
          ],
          [
            78.532354,
            17.3840298
          ],
          [
            78.5340931,
            17.3843796
          ]
        ]
      },
      "properties": {
        "segment_id": "R0121",
        "source_node": "N032",
        "target_node": "N033",
        "road_class": "arterial",
        "lanes": 2,
        "free_flow_speed_kmh": 40.0,
        "capacity_vph": 2070.0,
        "length_km": 0.928,
        "grade_pct": 3.81,
        "structural_bottleneck": false,
        "importance": 1.1134735428260447,
        "signal_id": null
      }
    },
    {
      "type": "Feature",
      "geometry": {
        "type": "LineString",
        "coordinates": [
          [
            78.5342579,
            17.3837612
          ],
          [
            78.5325043,
            17.3834657
          ],
          [
            78.5306603,
            17.3831993
          ],
          [
            78.5287615,
            17.3828903
          ],
          [
            78.5268312,
            17.3825136
          ],
          [
            78.5248915,
            17.3820479
          ],
          [
            78.5229591,
            17.381493
          ],
          [
            78.5210434,
            17.3808752
          ],
          [
            78.5191498,
            17.3802364
          ],
          [
            78.5172847,
            17.3796149
          ],
          [
            78.5154601,
            17.3790274
          ],
          [
            78.5136951,
            17.3784645
          ],
          [
            78.5120295,
            17.377839
          ]
        ]
      },
      "properties": {
        "segment_id": "R0122",
        "source_node": "N033",
        "target_node": "N032",
        "road_class": "arterial",
        "lanes": 3,
        "free_flow_speed_kmh": 40.0,
        "capacity_vph": 3105.0,
        "length_km": 1.103,
        "grade_pct": 3.54,
        "structural_bottleneck": false,
        "importance": 1.0115286072914709,
        "signal_id": null
      }
    },
    {
      "type": "Feature",
      "geometry": {
        "type": "LineString",
        "coordinates": [
          [
            78.5116291,
            17.3781121
          ],
          [
            78.5112587,
            17.3795431
          ],
          [
            78.5108359,
            17.3810345
          ],
          [
            78.5104709,
            17.3825857
          ],
          [
            78.5101911,
            17.3841865
          ],
          [
            78.5100017,
            17.385824
          ],
          [
            78.5098809,
            17.3874827
          ],
          [
            78.5097911,
            17.3891449
          ],
          [
            78.5096988,
            17.3907934
          ],
          [
            78.5095926,
            17.3924139
          ],
          [
            78.5094882,
            17.3939946
          ],
          [
            78.509417,
            17.395526
          ],
          [
            78.5094849,
            17.3970067
          ]
        ]
      },
      "properties": {
        "segment_id": "R0123",
        "source_node": "N032",
        "target_node": "N044",
        "road_class": "arterial",
        "lanes": 3,
        "free_flow_speed_kmh": 40.0,
        "capacity_vph": 3105.0,
        "length_km": 0.846,
        "grade_pct": -0.57,
        "structural_bottleneck": false,
        "importance": 1.434661482317134,
        "signal_id": null
      }
    },
    {
      "type": "Feature",
      "geometry": {
        "type": "LineString",
        "coordinates": [
          [
            78.5101209,
            17.3970789
          ],
          [
            78.5100118,
            17.3955935
          ],
          [
            78.5099351,
            17.3940454
          ],
          [
            78.5099608,
            17.3924557
          ],
          [
            78.5100906,
            17.3908379
          ],
          [
            78.5102992,
            17.3892025
          ],
          [
            78.5105457,
            17.3875581
          ],
          [
            78.5107939,
            17.3859139
          ],
          [
            78.5110295,
            17.3842816
          ],
          [
            78.5112653,
            17.3826759
          ],
          [
            78.5115299,
            17.3811133
          ],
          [
            78.5118473,
            17.3796099
          ],
          [
            78.5122651,
            17.3781843
          ]
        ]
      },
      "properties": {
        "segment_id": "R0124",
        "source_node": "N044",
        "target_node": "N032",
        "road_class": "arterial",
        "lanes": 2,
        "free_flow_speed_kmh": 30.0,
        "capacity_vph": 2070.0,
        "length_km": 1.346,
        "grade_pct": -0.44,
        "structural_bottleneck": false,
        "importance": 1.3755027839842784,
        "signal_id": null
      }
    },
    {
      "type": "Feature",
      "geometry": {
        "type": "LineString",
        "coordinates": [
          [
            78.5341326,
            17.3843875
          ],
          [
            78.5358361,
            17.3842516
          ],
          [
            78.5376074,
            17.3841762
          ],
          [
            78.5394317,
            17.3841583
          ],
          [
            78.5412926,
            17.3842075
          ],
          [
            78.5431715,
            17.3843488
          ],
          [
            78.5450503,
            17.3846025
          ],
          [
            78.5469143,
            17.3849663
          ],
          [
            78.5487521,
            17.3854112
          ],
          [
            78.5505545,
            17.385893
          ],
          [
            78.5523117,
            17.3863719
          ],
          [
            78.5540108,
            17.3868309
          ],
          [
            78.5556333,
            17.3872935
          ]
        ]
      },
      "properties": {
        "segment_id": "R0125",
        "source_node": "N033",
        "target_node": "N034",
        "road_class": "arterial",
        "lanes": 2,
        "free_flow_speed_kmh": 30.0,
        "capacity_vph": 2070.0,
        "length_km": 0.981,
        "grade_pct": 2.97,
        "structural_bottleneck": false,
        "importance": 1.2880087788020669,
        "signal_id": "SIG012"
      }
    },
    {
      "type": "Feature",
      "geometry": {
        "type": "LineString",
        "coordinates": [
          [
            78.5557191,
            17.3866593
          ],
          [
            78.5541111,
            17.3860887
          ],
          [
            78.5524296,
            17.3854995
          ],
          [
            78.5506791,
            17.3849714
          ],
          [
            78.5488707,
            17.3845335
          ],
          [
            78.5470165,
            17.3842098
          ],
          [
            78.5451315,
            17.3840018
          ],
          [
            78.5432342,
            17.3838843
          ],
          [
            78.5413454,
            17.3838168
          ],
          [
            78.539485,
            17.3837639
          ],
          [
            78.53767,
            17.3837129
          ],
          [
            78.5359137,
            17.3836778
          ],
          [
            78.5342184,
            17.3837533
          ]
        ]
      },
      "properties": {
        "segment_id": "R0126",
        "source_node": "N034",
        "target_node": "N033",
        "road_class": "arterial",
        "lanes": 2,
        "free_flow_speed_kmh": 30.0,
        "capacity_vph": 2070.0,
        "length_km": 1.169,
        "grade_pct": 2.06,
        "structural_bottleneck": false,
        "importance": 1.134213274627211,
        "signal_id": null
      }
    },
    {
      "type": "Feature",
      "geometry": {
        "type": "LineString",
        "coordinates": [
          [
            78.5338673,
            17.3839841
          ],
          [
            78.5333853,
            17.3851145
          ],
          [
            78.5330157,
            17.3863334
          ],
          [
            78.5326501,
            17.387599
          ],
          [
            78.5322608,
            17.3888923
          ],
          [
            78.5318422,
            17.3902003
          ],
          [
            78.5314147,
            17.3915171
          ],
          [
            78.531013,
            17.3928412
          ],
          [
            78.5306668,
            17.3941694
          ],
          [
            78.5303836,
            17.3954924
          ],
          [
            78.530145,
            17.3967936
          ],
          [
            78.529918,
            17.3980524
          ],
          [
            78.5295995,
            17.3992285
          ]
        ]
      },
      "properties": {
        "segment_id": "R0127",
        "source_node": "N033",
        "target_node": "N045",
        "road_class": "arterial",
        "lanes": 1,
        "free_flow_speed_kmh": 40.0,
        "capacity_vph": 1035.0,
        "length_km": 0.822,
        "grade_pct": 1.75,
        "structural_bottleneck": false,
        "importance": 1.168386254842172,
        "signal_id": null
      }
    },
    {
      "type": "Feature",
      "geometry": {
        "type": "LineString",
        "coordinates": [
          [
            78.5302159,
            17.3994011
          ],
          [
            78.5304412,
            17.3981989
          ],
          [
            78.5307425,
            17.3969609
          ],
          [
            78.5310444,
            17.3956773
          ],
          [
            78.5313357,
            17.3943566
          ],
          [
            78.5316309,
            17.3930142
          ],
          [
            78.5319589,
            17.3916694
          ],
          [
            78.5323429,
            17.3903404
          ],
          [
            78.5327841,
            17.3890388
          ],
          [
            78.5332575,
            17.3877691
          ],
          [
            78.5337242,
            17.3865317
          ],
          [
            78.5341506,
            17.3853287
          ],
          [
            78.5344837,
            17.3841567
          ]
        ]
      },
      "properties": {
        "segment_id": "R0128",
        "source_node": "N045",
        "target_node": "N033",
        "road_class": "arterial",
        "lanes": 2,
        "free_flow_speed_kmh": 40.0,
        "capacity_vph": 2070.0,
        "length_km": 1.544,
        "grade_pct": 3.85,
        "structural_bottleneck": false,
        "importance": 1.1670059478932115,
        "signal_id": null
      }
    },
    {
      "type": "Feature",
      "geometry": {
        "type": "LineString",
        "coordinates": [
          [
            78.5556149,
            17.3872905
          ],
          [
            78.5569109,
            17.3870257
          ],
          [
            78.5582295,
            17.3869325
          ],
          [
            78.5595637,
            17.3869895
          ],
          [
            78.5609082,
            17.3871663
          ],
          [
            78.5622604,
            17.3874184
          ],
          [
            78.5636167,
            17.3877071
          ],
          [
            78.564969,
            17.3880165
          ],
          [
            78.5663039,
            17.3883571
          ],
          [
            78.5676055,
            17.3887537
          ],
          [
            78.5688587,
            17.3892251
          ],
          [
            78.5700533,
            17.3897672
          ],
          [
            78.5711872,
            17.3903324
          ]
        ]
      },
      "properties": {
        "segment_id": "R0129",
        "source_node": "N034",
        "target_node": "N035",
        "road_class": "arterial",
        "lanes": 2,
        "free_flow_speed_kmh": 40.0,
        "capacity_vph": 2070.0,
        "length_km": 1.102,
        "grade_pct": -2.36,
        "structural_bottleneck": false,
        "importance": 1.073206615140455,
        "signal_id": "SIG011"
      }
    },
    {
      "type": "Feature",
      "geometry": {
        "type": "LineString",
        "coordinates": [
          [
            78.5713098,
            17.3897042
          ],
          [
            78.5702063,
            17.3889835
          ],
          [
            78.5690225,
            17.3883867
          ],
          [
            78.5677675,
            17.3879243
          ],
          [
            78.5664561,
            17.3875779
          ],
          [
            78.5651071,
            17.3873096
          ],
          [
            78.563739,
            17.3870809
          ],
          [
            78.5623672,
            17.3868718
          ],
          [
            78.5610014,
            17.3866893
          ],
          [
            78.5596476,
            17.3865599
          ],
          [
            78.5583119,
            17.3865107
          ],
          [
            78.5570037,
            17.3865504
          ],
          [
            78.5557375,
            17.3866623
          ]
        ]
      },
      "properties": {
        "segment_id": "R0130",
        "source_node": "N035",
        "target_node": "N034",
        "road_class": "arterial",
        "lanes": 2,
        "free_flow_speed_kmh": 30.0,
        "capacity_vph": 2070.0,
        "length_km": 1.695,
        "grade_pct": -2.65,
        "structural_bottleneck": false,
        "importance": 1.22283749745542,
        "signal_id": "SIG012"
      }
    },
    {
      "type": "Feature",
      "geometry": {
        "type": "LineString",
        "coordinates": [
          [
            78.5553646,
            17.3869037
          ],
          [
            78.5549799,
            17.3881379
          ],
          [
            78.554523,
            17.389415
          ],
          [
            78.5540609,
            17.3907386
          ],
          [
            78.5536252,
            17.3921043
          ],
          [
            78.5532479,
            17.3935074
          ],
          [
            78.5529424,
            17.3949393
          ],
          [
            78.5526953,
            17.3963848
          ],
          [
            78.5524741,
            17.3978244
          ],
          [
            78.5522459,
            17.3992384
          ],
          [
            78.5519966,
            17.4006117
          ],
          [
            78.5517387,
            17.4019352
          ],
          [
            78.5515582,
            17.4032171
          ]
        ]
      },
      "properties": {
        "segment_id": "R0131",
        "source_node": "N034",
        "target_node": "N046",
        "road_class": "arterial",
        "lanes": 2,
        "free_flow_speed_kmh": 60.0,
        "capacity_vph": 2070.0,
        "length_km": 1.152,
        "grade_pct": -0.59,
        "structural_bottleneck": false,
        "importance": 1.082149968172775,
        "signal_id": "SIG021"
      }
    },
    {
      "type": "Feature",
      "geometry": {
        "type": "LineString",
        "coordinates": [
          [
            78.5521814,
            17.4033625
          ],
          [
            78.5523515,
            17.4020782
          ],
          [
            78.5524677,
            17.4007217
          ],
          [
            78.5526343,
            17.3993291
          ],
          [
            78.5528776,
            17.3979185
          ],
          [
            78.5532054,
            17.3965038
          ],
          [
            78.5535983,
            17.3950923
          ],
          [
            78.5540183,
            17.3936872
          ],
          [
            78.5544272,
            17.3922914
          ],
          [
            78.5548058,
            17.3909124
          ],
          [
            78.5551616,
            17.389564
          ],
          [
            78.5555208,
            17.3882641
          ],
          [
            78.5559878,
            17.3870491
          ]
        ]
      },
      "properties": {
        "segment_id": "R0132",
        "source_node": "N046",
        "target_node": "N034",
        "road_class": "arterial",
        "lanes": 2,
        "free_flow_speed_kmh": 40.0,
        "capacity_vph": 2070.0,
        "length_km": 1.519,
        "grade_pct": 2.19,
        "structural_bottleneck": false,
        "importance": 0.9552356549282242,
        "signal_id": "SIG012"
      }
    },
    {
      "type": "Feature",
      "geometry": {
        "type": "LineString",
        "coordinates": [
          [
            78.571215,
            17.3903365
          ],
          [
            78.5722871,
            17.3899992
          ],
          [
            78.5733883,
            17.38983
          ],
          [
            78.5745194,
            17.3897313
          ],
          [
            78.5756736,
            17.3896807
          ],
          [
            78.5768408,
            17.3896833
          ],
          [
            78.5780093,
            17.389763
          ],
          [
            78.5791672,
            17.3899436
          ],
          [
            78.5803046,
            17.3902295
          ],
          [
            78.5814147,
            17.3905976
          ],
          [
            78.5824925,
            17.3910058
          ],
          [
            78.583533,
            17.3914124
          ],
          [
            78.5845352,
            17.3917391
          ]
        ]
      },
      "properties": {
        "segment_id": "R0133",
        "source_node": "N035",
        "target_node": "N036",
        "road_class": "arterial",
        "lanes": 3,
        "free_flow_speed_kmh": 60.0,
        "capacity_vph": 3105.0,
        "length_km": 1.266,
        "grade_pct": 1.06,
        "structural_bottleneck": false,
        "importance": 1.3604722360953168,
        "signal_id": "SIG070"
      }
    },
    {
      "type": "Feature",
      "geometry": {
        "type": "LineString",
        "coordinates": [
          [
            78.5846022,
            17.3911027
          ],
          [
            78.5836179,
            17.3906061
          ],
          [
            78.5825797,
            17.3901773
          ],
          [
            78.5814989,
            17.3897979
          ],
          [
            78.580384,
            17.3894752
          ],
          [
            78.5792418,
            17.3892353
          ],
          [
            78.5780787,
            17.3891037
          ],
          [
            78.5769037,
            17.3890864
          ],
          [
            78.5757282,
            17.389162
          ],
          [
            78.5745659,
            17.3892902
          ],
          [
            78.5734303,
            17.3894311
          ],
          [
            78.5723328,
            17.3895648
          ],
          [
            78.571282,
            17.3897001
          ]
        ]
      },
      "properties": {
        "segment_id": "R0134",
        "source_node": "N036",
        "target_node": "N035",
        "road_class": "arterial",
        "lanes": 3,
        "free_flow_speed_kmh": 40.0,
        "capacity_vph": 3105.0,
        "length_km": 1.407,
        "grade_pct": -1.08,
        "structural_bottleneck": false,
        "importance": 1.1047248169776651,
        "signal_id": "SIG011"
      }
    },
    {
      "type": "Feature",
      "geometry": {
        "type": "LineString",
        "coordinates": [
          [
            78.570933,
            17.3899649
          ],
          [
            78.5704217,
            17.3912555
          ],
          [
            78.5700537,
            17.3926324
          ],
          [
            78.5697553,
            17.3940708
          ],
          [
            78.5694916,
            17.3955524
          ],
          [
            78.5692289,
            17.3970589
          ],
          [
            78.5689528,
            17.3985757
          ],
          [
            78.5686764,
            17.4000924
          ],
          [
            78.568431,
            17.4016019
          ],
          [
            78.5682471,
            17.403097
          ],
          [
            78.5681357,
            17.404567
          ],
          [
            78.5680804,
            17.4059969
          ],
          [
            78.567989,
            17.4073585
          ]
        ]
      },
      "properties": {
        "segment_id": "R0135",
        "source_node": "N035",
        "target_node": "N047",
        "road_class": "arterial",
        "lanes": 2,
        "free_flow_speed_kmh": 60.0,
        "capacity_vph": 2070.0,
        "length_km": 1.354,
        "grade_pct": -1.16,
        "structural_bottleneck": false,
        "importance": 1.1419965336565128,
        "signal_id": null
      }
    },
    {
      "type": "Feature",
      "geometry": {
        "type": "LineString",
        "coordinates": [
          [
            78.56862,
            17.4074653
          ],
          [
            78.5685789,
            17.4060812
          ],
          [
            78.5687099,
            17.4046642
          ],
          [
            78.5688952,
            17.4032066
          ],
          [
            78.5690966,
            17.4017145
          ],
          [
            78.5692963,
            17.4001973
          ],
          [
            78.5695032,
            17.3986688
          ],
          [
            78.5697446,
            17.3971462
          ],
          [
            78.5700466,
            17.3956463
          ],
          [
            78.5704154,
            17.3941825
          ],
          [
            78.5708303,
            17.3927638
          ],
          [
            78.5712521,
            17.391396
          ],
          [
            78.571564,
            17.3900717
          ]
        ]
      },
      "properties": {
        "segment_id": "R0136",
        "source_node": "N047",
        "target_node": "N035",
        "road_class": "arterial",
        "lanes": 3,
        "free_flow_speed_kmh": 30.0,
        "capacity_vph": 3105.0,
        "length_km": 1.558,
        "grade_pct": -2.53,
        "structural_bottleneck": false,
        "importance": 1.1330298287186316,
        "signal_id": "SIG011"
      }
    },
    {
      "type": "Feature",
      "geometry": {
        "type": "LineString",
        "coordinates": [
          [
            78.5842535,
            17.3913654
          ],
          [
            78.583789,
            17.3927255
          ],
          [
            78.5834175,
            17.3941669
          ],
          [
            78.5830526,
            17.3956616
          ],
          [
            78.5826808,
            17.397194
          ],
          [
            78.5823155,
            17.3987537
          ],
          [
            78.5819883,
            17.400333
          ],
          [
            78.5817292,
            17.4019243
          ],
          [
            78.5815482,
            17.4035163
          ],
          [
            78.5814282,
            17.4050931
          ],
          [
            78.5813341,
            17.4066354
          ],
          [
            78.5812323,
            17.4081243
          ],
          [
            78.5810564,
            17.4095351
          ]
        ]
      },
      "properties": {
        "segment_id": "R0137",
        "source_node": "N036",
        "target_node": "N048",
        "road_class": "arterial",
        "lanes": 2,
        "free_flow_speed_kmh": 40.0,
        "capacity_vph": 2070.0,
        "length_km": 0.907,
        "grade_pct": 0.07,
        "structural_bottleneck": false,
        "importance": 1.382843144871977,
        "signal_id": null
      }
    },
    {
      "type": "Feature",
      "geometry": {
        "type": "LineString",
        "coordinates": [
          [
            78.5816868,
            17.4096461
          ],
          [
            78.5817609,
            17.4082173
          ],
          [
            78.5818622,
            17.4067283
          ],
          [
            78.5819782,
            17.4051899
          ],
          [
            78.582118,
            17.4036166
          ],
          [
            78.5823086,
            17.4020262
          ],
          [
            78.5825754,
            17.4004363
          ],
          [
            78.5829233,
            17.3988606
          ],
          [
            78.5833303,
            17.3973083
          ],
          [
            78.5837566,
            17.3957855
          ],
          [
            78.5841642,
            17.3942983
          ],
          [
            78.5845351,
            17.3928568
          ],
          [
            78.5848839,
            17.3914764
          ]
        ]
      },
      "properties": {
        "segment_id": "R0138",
        "source_node": "N048",
        "target_node": "N036",
        "road_class": "arterial",
        "lanes": 2,
        "free_flow_speed_kmh": 50.0,
        "capacity_vph": 2070.0,
        "length_km": 1.098,
        "grade_pct": -0.47,
        "structural_bottleneck": false,
        "importance": 1.1241314114051806,
        "signal_id": "SIG070"
      }
    },
    {
      "type": "Feature",
      "geometry": {
        "type": "LineString",
        "coordinates": [
          [
            78.3568303,
            17.3819494
          ],
          [
            78.3579403,
            17.3815595
          ],
          [
            78.3590691,
            17.3813904
          ],
          [
            78.3602185,
            17.3813567
          ],
          [
            78.3613845,
            17.3814151
          ],
          [
            78.3625629,
            17.3815248
          ],
          [
            78.3637468,
            17.3816652
          ],
          [
            78.3649258,
            17.3818432
          ],
          [
            78.3660872,
            17.3820832
          ],
          [
            78.3672184,
            17.3824077
          ],
          [
            78.3683096,
            17.3828184
          ],
          [
            78.3693546,
            17.38329
          ],
          [
            78.3703575,
            17.3837192
          ]
        ]
      },
      "properties": {
        "segment_id": "R0139",
        "source_node": "N037",
        "target_node": "N038",
        "road_class": "collector",
        "lanes": 2,
        "free_flow_speed_kmh": 40.0,
        "capacity_vph": 1800.0,
        "length_km": 1.405,
        "grade_pct": -0.19,
        "structural_bottleneck": false,
        "importance": 0.6638785840334407,
        "signal_id": "SIG010"
      }
    },
    {
      "type": "Feature",
      "geometry": {
        "type": "LineString",
        "coordinates": [
          [
            78.3704145,
            17.383283
          ],
          [
            78.3694421,
            17.3826215
          ],
          [
            78.3683966,
            17.3821536
          ],
          [
            78.3672954,
            17.3818189
          ],
          [
            78.3661529,
            17.3815805
          ],
          [
            78.3649842,
            17.3813969
          ],
          [
            78.3638022,
            17.3812421
          ],
          [
            78.3626162,
            17.3811172
          ],
          [
            78.3614329,
            17.3810453
          ],
          [
            78.3602581,
            17.3810542
          ],
          [
            78.3590998,
            17.3811563
          ],
          [
            78.3579694,
            17.3813368
          ],
          [
            78.3568873,
            17.3815132
          ]
        ]
      },
      "properties": {
        "segment_id": "R0140",
        "source_node": "N038",
        "target_node": "N037",
        "road_class": "collector",
        "lanes": 2,
        "free_flow_speed_kmh": 40.0,
        "capacity_vph": 1800.0,
        "length_km": 1.564,
        "grade_pct": -0.91,
        "structural_bottleneck": false,
        "importance": 0.6921744275280497,
        "signal_id": null
      }
    },
    {
      "type": "Feature",
      "geometry": {
        "type": "LineString",
        "coordinates": [
          [
            78.3566434,
            17.3816863
          ],
          [
            78.3561726,
            17.3828645
          ],
          [
            78.3556433,
            17.384088
          ],
          [
            78.3551598,
            17.3853672
          ],
          [
            78.3547537,
            17.3866971
          ],
          [
            78.3544406,
            17.3880695
          ],
          [
            78.3542098,
            17.3894705
          ],
          [
            78.3540287,
            17.390882
          ],
          [
            78.3538603,
            17.3922846
          ],
          [
            78.3536835,
            17.3936623
          ],
          [
            78.3535036,
            17.3950049
          ],
          [
            78.3533477,
            17.3963065
          ],
          [
            78.3533245,
            17.3975781
          ]
        ]
      },
      "properties": {
        "segment_id": "R0141",
        "source_node": "N037",
        "target_node": "N049",
        "road_class": "collector",
        "lanes": 2,
        "free_flow_speed_kmh": 60.0,
        "capacity_vph": 1800.0,
        "length_km": 1.199,
        "grade_pct": -2.16,
        "structural_bottleneck": false,
        "importance": 0.7239576782845202,
        "signal_id": null
      }
    },
    {
      "type": "Feature",
      "geometry": {
        "type": "LineString",
        "coordinates": [
          [
            78.3537553,
            17.3976681
          ],
          [
            78.3539044,
            17.3964227
          ],
          [
            78.3540238,
            17.3951136
          ],
          [
            78.354206,
            17.3937715
          ],
          [
            78.3544648,
            17.3924108
          ],
          [
            78.3547873,
            17.3910404
          ],
          [
            78.355139,
            17.3896646
          ],
          [
            78.3554813,
            17.3882868
          ],
          [
            78.3557918,
            17.3869139
          ],
          [
            78.3560743,
            17.3855582
          ],
          [
            78.3563547,
            17.3842366
          ],
          [
            78.3566624,
            17.3829668
          ],
          [
            78.3570742,
            17.3817763
          ]
        ]
      },
      "properties": {
        "segment_id": "R0142",
        "source_node": "N049",
        "target_node": "N037",
        "road_class": "collector",
        "lanes": 1,
        "free_flow_speed_kmh": 40.0,
        "capacity_vph": 900.0,
        "length_km": 1.217,
        "grade_pct": -1.45,
        "structural_bottleneck": false,
        "importance": 0.8623735176289835,
        "signal_id": null
      }
    },
    {
      "type": "Feature",
      "geometry": {
        "type": "LineString",
        "coordinates": [
          [
            78.3703813,
            17.383721
          ],
          [
            78.3718535,
            17.3833587
          ],
          [
            78.3733899,
            17.3830876
          ],
          [
            78.374978,
            17.3828702
          ],
          [
            78.3766045,
            17.3827073
          ],
          [
            78.3782558,
            17.3826214
          ],
          [
            78.3799181,
            17.3826391
          ],
          [
            78.381578,
            17.3827702
          ],
          [
            78.3832226,
            17.3829975
          ],
          [
            78.3848395,
            17.3832818
          ],
          [
            78.3864165,
            17.3835801
          ],
          [
            78.3879409,
            17.383866
          ],
          [
            78.3893998,
            17.3841291
          ]
        ]
      },
      "properties": {
        "segment_id": "R0143",
        "source_node": "N038",
        "target_node": "N039",
        "road_class": "collector",
        "lanes": 2,
        "free_flow_speed_kmh": 40.0,
        "capacity_vph": 1800.0,
        "length_km": 1.055,
        "grade_pct": 3.51,
        "structural_bottleneck": false,
        "importance": 0.6226722900236261,
        "signal_id": "SIG009"
      }
    },
    {
      "type": "Feature",
      "geometry": {
        "type": "LineString",
        "coordinates": [
          [
            78.3894092,
            17.3836893
          ],
          [
            78.3879532,
            17.3832953
          ],
          [
            78.3864309,
            17.3829114
          ],
          [
            78.3848544,
            17.3825884
          ],
          [
            78.3832365,
            17.3823495
          ],
          [
            78.3815898,
            17.3822217
          ],
          [
            78.3799272,
            17.3822151
          ],
          [
            78.3782624,
            17.3823126
          ],
          [
            78.3766095,
            17.3824755
          ],
          [
            78.3749825,
            17.3826613
          ],
          [
            78.3733951,
            17.3828447
          ],
          [
            78.3718607,
            17.3830272
          ],
          [
            78.3703907,
            17.3832812
          ]
        ]
      },
      "properties": {
        "segment_id": "R0144",
        "source_node": "N039",
        "target_node": "N038",
        "road_class": "collector",
        "lanes": 2,
        "free_flow_speed_kmh": 40.0,
        "capacity_vph": 1800.0,
        "length_km": 1.251,
        "grade_pct": -1.86,
        "structural_bottleneck": false,
        "importance": 0.8061759767317973,
        "signal_id": "SIG010"
      }
    },
    {
      "type": "Feature",
      "geometry": {
        "type": "LineString",
        "coordinates": [
          [
            78.3701698,
            17.3834604
          ],
          [
            78.3697273,
            17.3846801
          ],
          [
            78.3694233,
            17.3859847
          ],
          [
            78.3691482,
            17.3873417
          ],
          [
            78.3688679,
            17.3887331
          ],
          [
            78.3685646,
            17.3901436
          ],
          [
            78.3682474,
            17.3915632
          ],
          [
            78.3679468,
            17.392986
          ],
          [
            78.3676961,
            17.3944064
          ],
          [
            78.367512,
            17.3958158
          ],
          [
            78.3673845,
            17.3972006
          ],
          [
            78.3672823,
            17.3985431
          ],
          [
            78.3670931,
            17.3998105
          ]
        ]
      },
      "properties": {
        "segment_id": "R0145",
        "source_node": "N038",
        "target_node": "N050",
        "road_class": "collector",
        "lanes": 2,
        "free_flow_speed_kmh": 50.0,
        "capacity_vph": 1800.0,
        "length_km": 0.89,
        "grade_pct": -3.77,
        "structural_bottleneck": false,
        "importance": 0.7992327660886189,
        "signal_id": null
      }
    },
    {
      "type": "Feature",
      "geometry": {
        "type": "LineString",
        "coordinates": [
          [
            78.3675255,
            17.3998919
          ],
          [
            78.3676016,
            17.3986032
          ],
          [
            78.3677912,
            17.3972771
          ],
          [
            78.3679946,
            17.3959066
          ],
          [
            78.3681899,
            17.3944993
          ],
          [
            78.3683824,
            17.3930679
          ],
          [
            78.3685981,
            17.3916292
          ],
          [
            78.3688658,
            17.3902002
          ],
          [
            78.3691976,
            17.3887951
          ],
          [
            78.3695785,
            17.3874227
          ],
          [
            78.3699727,
            17.3860881
          ],
          [
            78.3703416,
            17.3847957
          ],
          [
            78.3706022,
            17.3835418
          ]
        ]
      },
      "properties": {
        "segment_id": "R0146",
        "source_node": "N050",
        "target_node": "N038",
        "road_class": "collector",
        "lanes": 2,
        "free_flow_speed_kmh": 50.0,
        "capacity_vph": 1800.0,
        "length_km": 0.948,
        "grade_pct": -2.87,
        "structural_bottleneck": false,
        "importance": 0.7957138385319643,
        "signal_id": "SIG010"
      }
    },
    {
      "type": "Feature",
      "geometry": {
        "type": "LineString",
        "coordinates": [
          [
            78.3893709,
            17.3842274
          ],
          [
            78.3915493,
            17.3839784
          ],
          [
            78.3938106,
            17.3838641
          ],
          [
            78.3961338,
            17.3838991
          ],
          [
            78.3985016,
            17.3840633
          ],
          [
            78.4008989,
            17.3843155
          ],
          [
            78.403311,
            17.3846118
          ],
          [
            78.4057212,
            17.3849259
          ],
          [
            78.40811,
            17.3852587
          ],
          [
            78.4104557,
            17.3856319
          ],
          [
            78.4127363,
            17.3860701
          ],
          [
            78.4149316,
            17.3865801
          ],
          [
            78.4170236,
            17.3871494
          ]
        ]
      },
      "properties": {
        "segment_id": "R0147",
        "source_node": "N039",
        "target_node": "N040",
        "road_class": "arterial",
        "lanes": 3,
        "free_flow_speed_kmh": 40.0,
        "capacity_vph": 3105.0,
        "length_km": 1.455,
        "grade_pct": 0.92,
        "structural_bottleneck": false,
        "importance": 1.0748958316640218,
        "signal_id": "SIG013"
      }
    },
    {
      "type": "Feature",
      "geometry": {
        "type": "LineString",
        "coordinates": [
          [
            78.4170908,
            17.386513
          ],
          [
            78.4150156,
            17.3857855
          ],
          [
            78.4128231,
            17.3852482
          ],
          [
            78.4105401,
            17.3848332
          ],
          [
            78.4081898,
            17.384503
          ],
          [
            78.405796,
            17.3842183
          ],
          [
            78.4033802,
            17.3839569
          ],
          [
            78.4009614,
            17.3837241
          ],
          [
            78.3985562,
            17.3835461
          ],
          [
            78.3961811,
            17.3834511
          ],
          [
            78.3938544,
            17.38345
          ],
          [
            78.3915971,
            17.3835261
          ],
          [
            78.3894381,
            17.383591
          ]
        ]
      },
      "properties": {
        "segment_id": "R0148",
        "source_node": "N040",
        "target_node": "N039",
        "road_class": "arterial",
        "lanes": 1,
        "free_flow_speed_kmh": 30.0,
        "capacity_vph": 1035.0,
        "length_km": 1.135,
        "grade_pct": -3.47,
        "structural_bottleneck": false,
        "importance": 1.232825641549715,
        "signal_id": "SIG009"
      }
    },
    {
      "type": "Feature",
      "geometry": {
        "type": "LineString",
        "coordinates": [
          [
            78.3890966,
            17.3838222
          ],
          [
            78.3886086,
            17.3851056
          ],
          [
            78.3880351,
            17.386429
          ],
          [
            78.3874839,
            17.38781
          ],
          [
            78.3869881,
            17.3892451
          ],
          [
            78.3865632,
            17.390726
          ],
          [
            78.3861987,
            17.3922367
          ],
          [
            78.3858639,
            17.3937558
          ],
          [
            78.3855263,
            17.3952612
          ],
          [
            78.3851705,
            17.3967359
          ],
          [
            78.3848077,
            17.3981702
          ],
          [
            78.3844689,
            17.3995599
          ],
          [
            78.3842639,
            17.4009233
          ]
        ]
      },
      "properties": {
        "segment_id": "R0149",
        "source_node": "N039",
        "target_node": "N051",
        "road_class": "arterial",
        "lanes": 1,
        "free_flow_speed_kmh": 40.0,
        "capacity_vph": 1035.0,
        "length_km": 1.134,
        "grade_pct": 1.2,
        "structural_bottleneck": false,
        "importance": 1.1275336566374152,
        "signal_id": null
      }
    },
    {
      "type": "Feature",
      "geometry": {
        "type": "LineString",
        "coordinates": [
          [
            78.3848797,
            17.4010973
          ],
          [
            78.3851146,
            17.3997423
          ],
          [
            78.3853027,
            17.39831
          ],
          [
            78.3855361,
            17.3968392
          ],
          [
            78.3858423,
            17.3953505
          ],
          [
            78.3862366,
            17.3938611
          ],
          [
            78.3867095,
            17.392381
          ],
          [
            78.3872279,
            17.3909138
          ],
          [
            78.3877503,
            17.3894605
          ],
          [
            78.3882469,
            17.3880256
          ],
          [
            78.3887132,
            17.3866206
          ],
          [
            78.3891682,
            17.3852638
          ],
          [
            78.3897124,
            17.3839962
          ]
        ]
      },
      "properties": {
        "segment_id": "R0150",
        "source_node": "N051",
        "target_node": "N039",
        "road_class": "arterial",
        "lanes": 2,
        "free_flow_speed_kmh": 50.0,
        "capacity_vph": 2070.0,
        "length_km": 1.116,
        "grade_pct": -2.06,
        "structural_bottleneck": false,
        "importance": 1.206263559794474,
        "signal_id": "SIG009"
      }
    },
    {
      "type": "Feature",
      "geometry": {
        "type": "LineString",
        "coordinates": [
          [
            78.4170378,
            17.3870503
          ],
          [
            78.418713,
            17.3867674
          ],
          [
            78.4204458,
            17.3866736
          ],
          [
            78.4222316,
            17.386654
          ],
          [
            78.4240584,
            17.3866769
          ],
          [
            78.4259117,
            17.3867367
          ],
          [
            78.4277749,
            17.386852
          ],
          [
            78.4296309,
            17.38705
          ],
          [
            78.4314633,
            17.3873451
          ],
          [
            78.4332585,
            17.3877257
          ],
          [
            78.4350046,
            17.3881559
          ],
          [
            78.4366906,
            17.3885915
          ],
          [
            78.4383108,
            17.3889301
          ]
        ]
      },
      "properties": {
        "segment_id": "R0151",
        "source_node": "N040",
        "target_node": "N041",
        "road_class": "collector",
        "lanes": 2,
        "free_flow_speed_kmh": 50.0,
        "capacity_vph": 1800.0,
        "length_km": 1.703,
        "grade_pct": -2.19,
        "structural_bottleneck": false,
        "importance": 0.7321234857966481,
        "signal_id": null
      }
    },
    {
      "type": "Feature",
      "geometry": {
        "type": "LineString",
        "coordinates": [
          [
            78.4383496,
            17.3884919
          ],
          [
            78.4367446,
            17.3879811
          ],
          [
            78.435057,
            17.3875629
          ],
          [
            78.4333062,
            17.3871853
          ],
          [
            78.4315075,
            17.3868456
          ],
          [
            78.4296737,
            17.3865653
          ],
          [
            78.4278171,
            17.3863741
          ],
          [
            78.4259513,
            17.3862887
          ],
          [
            78.4240917,
            17.3862998
          ],
          [
            78.4222564,
            17.3863738
          ],
          [
            78.4204639,
            17.3864692
          ],
          [
            78.4187315,
            17.3865573
          ],
          [
            78.4170766,
            17.3866121
          ]
        ]
      },
      "properties": {
        "segment_id": "R0152",
        "source_node": "N041",
        "target_node": "N040",
        "road_class": "collector",
        "lanes": 2,
        "free_flow_speed_kmh": 50.0,
        "capacity_vph": 1800.0,
        "length_km": 1.531,
        "grade_pct": -0.52,
        "structural_bottleneck": false,
        "importance": 0.7264506983596253,
        "signal_id": "SIG013"
      }
    },
    {
      "type": "Feature",
      "geometry": {
        "type": "LineString",
        "coordinates": [
          [
            78.4168481,
            17.3867629
          ],
          [
            78.4161449,
            17.3878971
          ],
          [
            78.4155578,
            17.3891307
          ],
          [
            78.4150464,
            17.3904383
          ],
          [
            78.4145837,
            17.3917986
          ],
          [
            78.4141354,
            17.3931882
          ],
          [
            78.4136793,
            17.3945876
          ],
          [
            78.4132188,
            17.3959855
          ],
          [
            78.4127797,
            17.3973782
          ],
          [
            78.4123956,
            17.3987641
          ],
          [
            78.4120873,
            17.4001379
          ],
          [
            78.4118508,
            17.4014859
          ],
          [
            78.4116228,
            17.4027751
          ]
        ]
      },
      "properties": {
        "segment_id": "R0153",
        "source_node": "N040",
        "target_node": "N052",
        "road_class": "collector",
        "lanes": 3,
        "free_flow_speed_kmh": 30.0,
        "capacity_vph": 2700.0,
        "length_km": 1.17,
        "grade_pct": -1.59,
        "structural_bottleneck": false,
        "importance": 0.7162198514628736,
        "signal_id": "SIG020"
      }
    },
    {
      "type": "Feature",
      "geometry": {
        "type": "LineString",
        "coordinates": [
          [
            78.412041,
            17.4029117
          ],
          [
            78.4121405,
            17.4015804
          ],
          [
            78.4124274,
            17.4002489
          ],
          [
            78.4127939,
            17.3988941
          ],
          [
            78.4131981,
            17.3975147
          ],
          [
            78.4136112,
            17.3961136
          ],
          [
            78.4140291,
            17.3947017
          ],
          [
            78.4144707,
            17.3932976
          ],
          [
            78.414962,
            17.391922
          ],
          [
            78.4155162,
            17.3905916
          ],
          [
            78.4161215,
            17.3893147
          ],
          [
            78.4167432,
            17.3880924
          ],
          [
            78.4172663,
            17.3868995
          ]
        ]
      },
      "properties": {
        "segment_id": "R0154",
        "source_node": "N052",
        "target_node": "N040",
        "road_class": "collector",
        "lanes": 2,
        "free_flow_speed_kmh": 40.0,
        "capacity_vph": 1800.0,
        "length_km": 1.463,
        "grade_pct": 1.12,
        "structural_bottleneck": false,
        "importance": 0.6243813766596368,
        "signal_id": "SIG013"
      }
    },
    {
      "type": "Feature",
      "geometry": {
        "type": "LineString",
        "coordinates": [
          [
            78.4383284,
            17.388931
          ],
          [
            78.4400216,
            17.3892229
          ],
          [
            78.4417925,
            17.3893715
          ],
          [
            78.4436248,
            17.3894863
          ],
          [
            78.4455031,
            17.3895937
          ],
          [
            78.447412,
            17.3896937
          ],
          [
            78.4493365,
            17.3897625
          ],
          [
            78.4512615,
            17.3897689
          ],
          [
            78.4531718,
            17.3896955
          ],
          [
            78.4550522,
            17.3895516
          ],
          [
            78.4568869,
            17.3893699
          ],
          [
            78.4586604,
            17.3891906
          ],
          [
            78.4603566,
            17.3891095
          ]
        ]
      },
      "properties": {
        "segment_id": "R0155",
        "source_node": "N041",
        "target_node": "N042",
        "road_class": "collector",
        "lanes": 2,
        "free_flow_speed_kmh": 60.0,
        "capacity_vph": 1800.0,
        "length_km": 1.02,
        "grade_pct": -2.01,
        "structural_bottleneck": false,
        "importance": 0.695000613891912,
        "signal_id": null
      }
    },
    {
      "type": "Feature",
      "geometry": {
        "type": "LineString",
        "coordinates": [
          [
            78.4603602,
            17.3886695
          ],
          [
            78.4586629,
            17.3888811
          ],
          [
            78.4568896,
            17.3890314
          ],
          [
            78.4550553,
            17.389167
          ],
          [
            78.4531751,
            17.3892878
          ],
          [
            78.4512647,
            17.3893703
          ],
          [
            78.4493396,
            17.3893837
          ],
          [
            78.4474151,
            17.3893115
          ],
          [
            78.4455066,
            17.3891634
          ],
          [
            78.443629,
            17.3889731
          ],
          [
            78.4417973,
            17.388781
          ],
          [
            78.4400266,
            17.3886136
          ],
          [
            78.438332,
            17.388491
          ]
        ]
      },
      "properties": {
        "segment_id": "R0156",
        "source_node": "N042",
        "target_node": "N041",
        "road_class": "collector",
        "lanes": 1,
        "free_flow_speed_kmh": 40.0,
        "capacity_vph": 900.0,
        "length_km": 1.617,
        "grade_pct": 0.07,
        "structural_bottleneck": false,
        "importance": 0.7913233183546708,
        "signal_id": null
      }
    },
    {
      "type": "Feature",
      "geometry": {
        "type": "LineString",
        "coordinates": [
          [
            78.4381181,
            17.3886526
          ],
          [
            78.4375788,
            17.3898702
          ],
          [
            78.4370041,
            17.3911397
          ],
          [
            78.4364373,
            17.3924606
          ],
          [
            78.4359048,
            17.393828
          ],
          [
            78.435439,
            17.3952383
          ],
          [
            78.4350588,
            17.3966846
          ],
          [
            78.4347575,
            17.3981526
          ],
          [
            78.4345056,
            17.3996218
          ],
          [
            78.4342672,
            17.4010701
          ],
          [
            78.4340203,
            17.4024791
          ],
          [
            78.4337683,
            17.4038374
          ],
          [
            78.4335773,
            17.4051508
          ]
        ]
      },
      "properties": {
        "segment_id": "R0157",
        "source_node": "N041",
        "target_node": "N053",
        "road_class": "collector",
        "lanes": 1,
        "free_flow_speed_kmh": 30.0,
        "capacity_vph": 900.0,
        "length_km": 1.403,
        "grade_pct": 0.92,
        "structural_bottleneck": false,
        "importance": 0.5961633794642767,
        "signal_id": "SIG024"
      }
    },
    {
      "type": "Feature",
      "geometry": {
        "type": "LineString",
        "coordinates": [
          [
            78.4340015,
            17.4052676
          ],
          [
            78.4341436,
            17.4039407
          ],
          [
            78.434254,
            17.4025434
          ],
          [
            78.4344278,
            17.4011143
          ],
          [
            78.4346911,
            17.3996728
          ],
          [
            78.4350559,
            17.3982347
          ],
          [
            78.4355086,
            17.3968084
          ],
          [
            78.4360131,
            17.3953964
          ],
          [
            78.4365273,
            17.3939993
          ],
          [
            78.4370227,
            17.3926217
          ],
          [
            78.4374968,
            17.3912753
          ],
          [
            78.4379696,
            17.3899778
          ],
          [
            78.4385423,
            17.3887694
          ]
        ]
      },
      "properties": {
        "segment_id": "R0158",
        "source_node": "N053",
        "target_node": "N041",
        "road_class": "collector",
        "lanes": 2,
        "free_flow_speed_kmh": 30.0,
        "capacity_vph": 1800.0,
        "length_km": 1.089,
        "grade_pct": 3.91,
        "structural_bottleneck": false,
        "importance": 0.5728359300689854,
        "signal_id": null
      }
    },
    {
      "type": "Feature",
      "geometry": {
        "type": "LineString",
        "coordinates": [
          [
            78.4603067,
            17.3892053
          ],
          [
            78.4624141,
            17.3896531
          ],
          [
            78.4646095,
            17.390165
          ],
          [
            78.4668898,
            17.3906385
          ],
          [
            78.469239,
            17.3910521
          ],
          [
            78.4716364,
            17.3914109
          ],
          [
            78.474058,
            17.3917428
          ],
          [
            78.4764784,
            17.3920816
          ],
          [
            78.4788749,
            17.3924468
          ],
          [
            78.4812288,
            17.3928313
          ],
          [
            78.4835255,
            17.393205
          ],
          [
            78.4857511,
            17.393532
          ],
          [
            78.4879004,
            17.3937244
          ]
        ]
      },
      "properties": {
        "segment_id": "R0159",
        "source_node": "N042",
        "target_node": "N043",
        "road_class": "arterial",
        "lanes": 2,
        "free_flow_speed_kmh": 30.0,
        "capacity_vph": 2070.0,
        "length_km": 1.282,
        "grade_pct": 1.72,
        "structural_bottleneck": true,
        "importance": 1.1271740774102248,
        "signal_id": "SIG008"
      }
    },
    {
      "type": "Feature",
      "geometry": {
        "type": "LineString",
        "coordinates": [
          [
            78.4880038,
            17.3930928
          ],
          [
            78.4858613,
            17.392859
          ],
          [
            78.4836132,
            17.3926692
          ],
          [
            78.4812964,
            17.3924189
          ],
          [
            78.4789338,
            17.3920871
          ],
          [
            78.4765447,
            17.391677
          ],
          [
            78.4741441,
            17.3912174
          ],
          [
            78.4717447,
            17.3907496
          ],
          [
            78.4693611,
            17.3903061
          ],
          [
            78.4670115,
            17.3898956
          ],
          [
            78.4647183,
            17.3895007
          ],
          [
            78.462506,
            17.3890921
          ],
          [
            78.4604101,
            17.3885737
          ]
        ]
      },
      "properties": {
        "segment_id": "R0160",
        "source_node": "N043",
        "target_node": "N042",
        "road_class": "arterial",
        "lanes": 2,
        "free_flow_speed_kmh": 50.0,
        "capacity_vph": 2070.0,
        "length_km": 1.393,
        "grade_pct": -3.64,
        "structural_bottleneck": true,
        "importance": 1.155712254852519,
        "signal_id": null
      }
    },
    {
      "type": "Feature",
      "geometry": {
        "type": "LineString",
        "coordinates": [
          [
            78.4600503,
            17.3888031
          ],
          [
            78.4594987,
            17.3900814
          ],
          [
            78.4589483,
            17.3914247
          ],
          [
            78.4584594,
            17.3928369
          ],
          [
            78.458035,
            17.394306
          ],
          [
            78.4576528,
            17.3958128
          ],
          [
            78.4572789,
            17.3973348
          ],
          [
            78.456888,
            17.398852
          ],
          [
            78.4564783,
            17.4003511
          ],
          [
            78.4560733,
            17.4018256
          ],
          [
            78.4557079,
            17.4032725
          ],
          [
            78.4554087,
            17.4046861
          ],
          [
            78.4552126,
            17.406064
          ]
        ]
      },
      "properties": {
        "segment_id": "R0161",
        "source_node": "N042",
        "target_node": "N054",
        "road_class": "arterial",
        "lanes": 2,
        "free_flow_speed_kmh": 40.0,
        "capacity_vph": 2070.0,
        "length_km": 0.979,
        "grade_pct": 2.41,
        "structural_bottleneck": true,
        "importance": 0.9386084708975924,
        "signal_id": "SIG023"
      }
    },
    {
      "type": "Feature",
      "geometry": {
        "type": "LineString",
        "coordinates": [
          [
            78.4558288,
            17.4062368
          ],
          [
            78.455969,
            17.4048432
          ],
          [
            78.4562316,
            17.4034192
          ],
          [
            78.4565867,
            17.4019695
          ],
          [
            78.4570049,
            17.4004987
          ],
          [
            78.4574453,
            17.3990082
          ],
          [
            78.457876,
            17.3975021
          ],
          [
            78.4582888,
            17.395991
          ],
          [
            78.4587005,
            17.3944925
          ],
          [
            78.4591394,
            17.3930275
          ],
          [
            78.4596247,
            17.3916143
          ],
          [
            78.4601521,
            17.3902646
          ],
          [
            78.4606665,
            17.3889759
          ]
        ]
      },
      "properties": {
        "segment_id": "R0162",
        "source_node": "N054",
        "target_node": "N042",
        "road_class": "arterial",
        "lanes": 2,
        "free_flow_speed_kmh": 30.0,
        "capacity_vph": 2070.0,
        "length_km": 1.321,
        "grade_pct": -3.14,
        "structural_bottleneck": true,
        "importance": 1.1202475752571532,
        "signal_id": null
      }
    },
    {
      "type": "Feature",
      "geometry": {
        "type": "LineString",
        "coordinates": [
          [
            78.487916,
            17.3936256
          ],
          [
            78.4895563,
            17.3941547
          ],
          [
            78.4912987,
            17.394539
          ],
          [
            78.4931116,
            17.3948747
          ],
          [
            78.4949733,
            17.3951977
          ],
          [
            78.4968639,
            17.3955347
          ],
          [
            78.4987674,
            17.395888
          ],
          [
            78.500672,
            17.3962341
          ],
          [
            78.502568,
            17.3965385
          ],
          [
            78.504444,
            17.3967756
          ],
          [
            78.5062846,
            17.3969447
          ],
          [
            78.50807,
            17.3970702
          ],
          [
            78.5097668,
            17.3972598
          ]
        ]
      },
      "properties": {
        "segment_id": "R0163",
        "source_node": "N043",
        "target_node": "N044",
        "road_class": "collector",
        "lanes": 2,
        "free_flow_speed_kmh": 30.0,
        "capacity_vph": 1800.0,
        "length_km": 1.541,
        "grade_pct": 3.1,
        "structural_bottleneck": false,
        "importance": 0.6226726518055096,
        "signal_id": null
      }
    },
    {
      "type": "Feature",
      "geometry": {
        "type": "LineString",
        "coordinates": [
          [
            78.509839,
            17.3968258
          ],
          [
            78.5081212,
            17.3967623
          ],
          [
            78.5063504,
            17.3965489
          ],
          [
            78.5045231,
            17.3963006
          ],
          [
            78.5026495,
            17.396049
          ],
          [
            78.500744,
            17.395801
          ],
          [
            78.4988255,
            17.3955384
          ],
          [
            78.4969143,
            17.3952316
          ],
          [
            78.4950294,
            17.3948606
          ],
          [
            78.4931855,
            17.3944301
          ],
          [
            78.4913933,
            17.3939703
          ],
          [
            78.4896615,
            17.3935223
          ],
          [
            78.4879882,
            17.3931916
          ]
        ]
      },
      "properties": {
        "segment_id": "R0164",
        "source_node": "N044",
        "target_node": "N043",
        "road_class": "collector",
        "lanes": 2,
        "free_flow_speed_kmh": 30.0,
        "capacity_vph": 1800.0,
        "length_km": 1.061,
        "grade_pct": 0.56,
        "structural_bottleneck": false,
        "importance": 0.6395394765680767,
        "signal_id": "SIG008"
      }
    },
    {
      "type": "Feature",
      "geometry": {
        "type": "LineString",
        "coordinates": [
          [
            78.4877321,
            17.3934108
          ],
          [
            78.4875777,
            17.394554
          ],
          [
            78.4874861,
            17.3957482
          ],
          [
            78.4873956,
            17.3969835
          ],
          [
            78.4873019,
            17.3982497
          ],
          [
            78.4872262,
            17.3995364
          ],
          [
            78.4872008,
            17.4008328
          ],
          [
            78.4872478,
            17.4021285
          ],
          [
            78.4873645,
            17.4034133
          ],
          [
            78.4875223,
            17.404677
          ],
          [
            78.4876817,
            17.4059098
          ],
          [
            78.4878133,
            17.4071017
          ],
          [
            78.4878806,
            17.4082427
          ]
        ]
      },
      "properties": {
        "segment_id": "R0165",
        "source_node": "N043",
        "target_node": "N055",
        "road_class": "collector",
        "lanes": 3,
        "free_flow_speed_kmh": 30.0,
        "capacity_vph": 2700.0,
        "length_km": 0.765,
        "grade_pct": -0.76,
        "structural_bottleneck": false,
        "importance": 0.6515347591040295,
        "signal_id": "SIG019"
      }
    },
    {
      "type": "Feature",
      "geometry": {
        "type": "LineString",
        "coordinates": [
          [
            78.4883206,
            17.4082383
          ],
          [
            78.4881792,
            17.407098
          ],
          [
            78.4880135,
            17.4059065
          ],
          [
            78.4878496,
            17.4046737
          ],
          [
            78.4877089,
            17.4034098
          ],
          [
            78.4876237,
            17.4021248
          ],
          [
            78.4876162,
            17.4008287
          ],
          [
            78.487683,
            17.3995318
          ],
          [
            78.4877955,
            17.3982448
          ],
          [
            78.4879141,
            17.3969783
          ],
          [
            78.4880098,
            17.3957429
          ],
          [
            78.4880787,
            17.394549
          ],
          [
            78.4881721,
            17.3934064
          ]
        ]
      },
      "properties": {
        "segment_id": "R0166",
        "source_node": "N055",
        "target_node": "N043",
        "road_class": "collector",
        "lanes": 3,
        "free_flow_speed_kmh": 30.0,
        "capacity_vph": 2700.0,
        "length_km": 1.566,
        "grade_pct": -3.04,
        "structural_bottleneck": false,
        "importance": 0.7702296105201919,
        "signal_id": "SIG008"
      }
    },
    {
      "type": "Feature",
      "geometry": {
        "type": "LineString",
        "coordinates": [
          [
            78.5097782,
            17.3972614
          ],
          [
            78.5113792,
            17.3969623
          ],
          [
            78.5130258,
            17.3968845
          ],
          [
            78.5147162,
            17.3969205
          ],
          [
            78.5164412,
            17.3970258
          ],
          [
            78.5181904,
            17.3971664
          ],
          [
            78.5199508,
            17.3973337
          ],
          [
            78.5217063,
            17.397544
          ],
          [
            78.5234398,
            17.3978241
          ],
          [
            78.5251353,
            17.3981905
          ],
          [
            78.5267796,
            17.3986342
          ],
          [
            78.5283624,
            17.3991211
          ],
          [
            78.529883,
            17.3995334
          ]
        ]
      },
      "properties": {
        "segment_id": "R0167",
        "source_node": "N044",
        "target_node": "N045",
        "road_class": "collector",
        "lanes": 1,
        "free_flow_speed_kmh": 50.0,
        "capacity_vph": 900.0,
        "length_km": 1.323,
        "grade_pct": -2.61,
        "structural_bottleneck": false,
        "importance": 0.6520476168497203,
        "signal_id": null
      }
    },
    {
      "type": "Feature",
      "geometry": {
        "type": "LineString",
        "coordinates": [
          [
            78.5299324,
            17.3990962
          ],
          [
            78.5284336,
            17.3984912
          ],
          [
            78.5268438,
            17.3980657
          ],
          [
            78.5251901,
            17.3977051
          ],
          [
            78.5234901,
            17.3973791
          ],
          [
            78.5217585,
            17.3970824
          ],
          [
            78.5200072,
            17.3968348
          ],
          [
            78.5182469,
            17.3966664
          ],
          [
            78.5164897,
            17.3965964
          ],
          [
            78.5147503,
            17.3966186
          ],
          [
            78.5130465,
            17.3967019
          ],
          [
            78.511397,
            17.3968049
          ],
          [
            78.5098276,
            17.3968242
          ]
        ]
      },
      "properties": {
        "segment_id": "R0168",
        "source_node": "N045",
        "target_node": "N044",
        "road_class": "collector",
        "lanes": 3,
        "free_flow_speed_kmh": 40.0,
        "capacity_vph": 2700.0,
        "length_km": 1.366,
        "grade_pct": -2.45,
        "structural_bottleneck": false,
        "importance": 0.8215550291606014,
        "signal_id": null
      }
    },
    {
      "type": "Feature",
      "geometry": {
        "type": "LineString",
        "coordinates": [
          [
            78.5095913,
            17.3969825
          ],
          [
            78.5090073,
            17.3980769
          ],
          [
            78.5084523,
            17.3992364
          ],
          [
            78.5079768,
            17.400464
          ],
          [
            78.5075789,
            17.4017479
          ],
          [
            78.5072328,
            17.4030692
          ],
          [
            78.5069029,
            17.4044065
          ],
          [
            78.5065645,
            17.4057414
          ],
          [
            78.5062173,
            17.4070625
          ],
          [
            78.5058854,
            17.4083652
          ],
          [
            78.5056023,
            17.4096476
          ],
          [
            78.5053908,
            17.4109049
          ],
          [
            78.5052767,
            17.412133
          ]
        ]
      },
      "properties": {
        "segment_id": "R0169",
        "source_node": "N044",
        "target_node": "N056",
        "road_class": "collector",
        "lanes": 2,
        "free_flow_speed_kmh": 50.0,
        "capacity_vph": 1800.0,
        "length_km": 0.8,
        "grade_pct": -2.63,
        "structural_bottleneck": false,
        "importance": 0.6468653718173099,
        "signal_id": "SIG022"
      }
    },
    {
      "type": "Feature",
      "geometry": {
        "type": "LineString",
        "coordinates": [
          [
            78.5056999,
            17.4122536
          ],
          [
            78.5057667,
            17.4110119
          ],
          [
            78.5058726,
            17.4097245
          ],
          [
            78.5060838,
            17.4084216
          ],
          [
            78.5064004,
            17.4071146
          ],
          [
            78.5067964,
            17.4058075
          ],
          [
            78.5072307,
            17.4044999
          ],
          [
            78.5076666,
            17.4031927
          ],
          [
            78.5080887,
            17.401893
          ],
          [
            78.508508,
            17.4006153
          ],
          [
            78.5089504,
            17.3993782
          ],
          [
            78.5094377,
            17.3981995
          ],
          [
            78.5100145,
            17.3971031
          ]
        ]
      },
      "properties": {
        "segment_id": "R0170",
        "source_node": "N056",
        "target_node": "N044",
        "road_class": "collector",
        "lanes": 2,
        "free_flow_speed_kmh": 50.0,
        "capacity_vph": 1800.0,
        "length_km": 1.606,
        "grade_pct": 1.73,
        "structural_bottleneck": false,
        "importance": 0.8591839317927595,
        "signal_id": null
      }
    },
    {
      "type": "Feature",
      "geometry": {
        "type": "LineString",
        "coordinates": [
          [
            78.5298507,
            17.3996297
          ],
          [
            78.5316044,
            17.399586
          ],
          [
            78.5334255,
            17.3996043
          ],
          [
            78.5352991,
            17.3996812
          ],
          [
            78.5372078,
            17.3998254
          ],
          [
            78.5391314,
            17.4000612
          ],
          [
            78.5410506,
            17.4004081
          ],
          [
            78.5429502,
            17.4008632
          ],
          [
            78.5448199,
            17.4013971
          ],
          [
            78.5466518,
            17.4019652
          ],
          [
            78.5484375,
            17.4025275
          ],
          [
            78.5501645,
            17.4030664
          ],
          [
            78.5518128,
            17.4036047
          ]
        ]
      },
      "properties": {
        "segment_id": "R0171",
        "source_node": "N045",
        "target_node": "N046",
        "road_class": "arterial",
        "lanes": 2,
        "free_flow_speed_kmh": 50.0,
        "capacity_vph": 2070.0,
        "length_km": 1.559,
        "grade_pct": -0.25,
        "structural_bottleneck": false,
        "importance": 1.1284178194378434,
        "signal_id": "SIG021"
      }
    },
    {
      "type": "Feature",
      "geometry": {
        "type": "LineString",
        "coordinates": [
          [
            78.5519268,
            17.4029749
          ],
          [
            78.5502974,
            17.4023319
          ],
          [
            78.5485937,
            17.4016648
          ],
          [
            78.5468168,
            17.4010537
          ],
          [
            78.5449771,
            17.4005284
          ],
          [
            78.5430859,
            17.4001136
          ],
          [
            78.5411585,
            17.3998117
          ],
          [
            78.5392151,
            17.3995984
          ],
          [
            78.5372785,
            17.3994346
          ],
          [
            78.5353707,
            17.399286
          ],
          [
            78.5335094,
            17.3991408
          ],
          [
            78.5317079,
            17.3990138
          ],
          [
            78.5299647,
            17.3989999
          ]
        ]
      },
      "properties": {
        "segment_id": "R0172",
        "source_node": "N046",
        "target_node": "N045",
        "road_class": "arterial",
        "lanes": 2,
        "free_flow_speed_kmh": 40.0,
        "capacity_vph": 2070.0,
        "length_km": 1.48,
        "grade_pct": -2.82,
        "structural_bottleneck": false,
        "importance": 1.410565776553884,
        "signal_id": null
      }
    },
    {
      "type": "Feature",
      "geometry": {
        "type": "LineString",
        "coordinates": [
          [
            78.5295891,
            17.3992848
          ],
          [
            78.5293175,
            17.4004673
          ],
          [
            78.5291724,
            17.4017163
          ],
          [
            78.5290396,
            17.40301
          ],
          [
            78.5288884,
            17.4043347
          ],
          [
            78.5287111,
            17.4056787
          ],
          [
            78.5285265,
            17.4070329
          ],
          [
            78.5283687,
            17.4083897
          ],
          [
            78.5282662,
            17.4097408
          ],
          [
            78.5282247,
            17.4110758
          ],
          [
            78.5282232,
            17.4123819
          ],
          [
            78.5282255,
            17.4136447
          ],
          [
            78.528123,
            17.4148432
          ]
        ]
      },
      "properties": {
        "segment_id": "R0173",
        "source_node": "N045",
        "target_node": "N057",
        "road_class": "arterial",
        "lanes": 2,
        "free_flow_speed_kmh": 60.0,
        "capacity_vph": 2070.0,
        "length_km": 1.398,
        "grade_pct": 3.76,
        "structural_bottleneck": false,
        "importance": 1.2171225209868646,
        "signal_id": "SIG038"
      }
    },
    {
      "type": "Feature",
      "geometry": {
        "type": "LineString",
        "coordinates": [
          [
            78.5287602,
            17.4149032
          ],
          [
            78.5287664,
            17.4136957
          ],
          [
            78.5288409,
            17.4124401
          ],
          [
            78.5289079,
            17.4111402
          ],
          [
            78.5289577,
            17.4098059
          ],
          [
            78.5290075,
            17.4084499
          ],
          [
            78.5290892,
            17.4070859
          ],
          [
            78.5292287,
            17.4057275
          ],
          [
            78.5294294,
            17.4043856
          ],
          [
            78.5296676,
            17.4030692
          ],
          [
            78.5299049,
            17.4017853
          ],
          [
            78.5301087,
            17.4005419
          ],
          [
            78.5302263,
            17.3993448
          ]
        ]
      },
      "properties": {
        "segment_id": "R0174",
        "source_node": "N057",
        "target_node": "N045",
        "road_class": "arterial",
        "lanes": 2,
        "free_flow_speed_kmh": 30.0,
        "capacity_vph": 2070.0,
        "length_km": 1.7,
        "grade_pct": -2.63,
        "structural_bottleneck": false,
        "importance": 1.2042075520062447,
        "signal_id": null
      }
    },
    {
      "type": "Feature",
      "geometry": {
        "type": "LineString",
        "coordinates": [
          [
            78.5518163,
            17.4035032
          ],
          [
            78.5532037,
            17.4033322
          ],
          [
            78.5546085,
            17.4033335
          ],
          [
            78.5560242,
            17.4034852
          ],
          [
            78.5574462,
            17.4037567
          ],
          [
            78.5588736,
            17.4041032
          ],
          [
            78.5603041,
            17.4044859
          ],
          [
            78.5617296,
            17.4048883
          ],
          [
            78.5631357,
            17.4053202
          ],
          [
            78.5645041,
            17.4058052
          ],
          [
            78.5658183,
            17.4063614
          ],
          [
            78.5670673,
            17.4069841
          ],
          [
            78.568251,
            17.4076253
          ]
        ]
      },
      "properties": {
        "segment_id": "R0175",
        "source_node": "N046",
        "target_node": "N047",
        "road_class": "collector",
        "lanes": 3,
        "free_flow_speed_kmh": 50.0,
        "capacity_vph": 2700.0,
        "length_km": 1.001,
        "grade_pct": -0.14,
        "structural_bottleneck": false,
        "importance": 0.7408068393698851,
        "signal_id": null
      }
    },
    {
      "type": "Feature",
      "geometry": {
        "type": "LineString",
        "coordinates": [
          [
            78.568358,
            17.4071985
          ],
          [
            78.567218,
            17.4063832
          ],
          [
            78.5659676,
            17.4057662
          ],
          [
            78.5646418,
            17.4052562
          ],
          [
            78.5632626,
            17.404814
          ],
          [
            78.5618505,
            17.4044066
          ],
          [
            78.5604199,
            17.404024
          ],
          [
            78.5589793,
            17.4036817
          ],
          [
            78.5575333,
            17.4034094
          ],
          [
            78.5560881,
            17.4032304
          ],
          [
            78.5546557,
            17.4031453
          ],
          [
            78.5532546,
            17.4031291
          ],
          [
            78.5519233,
            17.4030764
          ]
        ]
      },
      "properties": {
        "segment_id": "R0176",
        "source_node": "N047",
        "target_node": "N046",
        "road_class": "collector",
        "lanes": 3,
        "free_flow_speed_kmh": 50.0,
        "capacity_vph": 2700.0,
        "length_km": 1.185,
        "grade_pct": -0.34,
        "structural_bottleneck": false,
        "importance": 0.6053712097369905,
        "signal_id": "SIG021"
      }
    },
    {
      "type": "Feature",
      "geometry": {
        "type": "LineString",
        "coordinates": [
          [
            78.5516549,
            17.4032428
          ],
          [
            78.5512855,
            17.4044223
          ],
          [
            78.5508404,
            17.4056421
          ],
          [
            78.5504298,
            17.406915
          ],
          [
            78.5500815,
            17.4082355
          ],
          [
            78.5498004,
            17.4095936
          ],
          [
            78.5495653,
            17.410973
          ],
          [
            78.5493413,
            17.4123549
          ],
          [
            78.5490999,
            17.4137215
          ],
          [
            78.5488358,
            17.4150605
          ],
          [
            78.5485696,
            17.4163649
          ],
          [
            78.5483357,
            17.4176309
          ],
          [
            78.5482378,
            17.4188698
          ]
        ]
      },
      "properties": {
        "segment_id": "R0177",
        "source_node": "N046",
        "target_node": "N058",
        "road_class": "collector",
        "lanes": 3,
        "free_flow_speed_kmh": 40.0,
        "capacity_vph": 2700.0,
        "length_km": 0.824,
        "grade_pct": -1.77,
        "structural_bottleneck": false,
        "importance": 0.627756978779186,
        "signal_id": "SIG037"
      }
    },
    {
      "type": "Feature",
      "geometry": {
        "type": "LineString",
        "coordinates": [
          [
            78.5486676,
            17.4189638
          ],
          [
            78.5487558,
            17.4177228
          ],
          [
            78.5488656,
            17.4164297
          ],
          [
            78.5490592,
            17.4151094
          ],
          [
            78.549336,
            17.4137732
          ],
          [
            78.5496698,
            17.4124267
          ],
          [
            78.5500206,
            17.4110725
          ],
          [
            78.5503553,
            17.4097149
          ],
          [
            78.5506641,
            17.4083629
          ],
          [
            78.550963,
            17.4070316
          ],
          [
            78.5512816,
            17.4057386
          ],
          [
            78.5516425,
            17.4045004
          ],
          [
            78.5520847,
            17.4033368
          ]
        ]
      },
      "properties": {
        "segment_id": "R0178",
        "source_node": "N058",
        "target_node": "N046",
        "road_class": "collector",
        "lanes": 2,
        "free_flow_speed_kmh": 60.0,
        "capacity_vph": 1800.0,
        "length_km": 1.077,
        "grade_pct": 3.57,
        "structural_bottleneck": false,
        "importance": 0.6295636071302226,
        "signal_id": "SIG021"
      }
    },
    {
      "type": "Feature",
      "geometry": {
        "type": "LineString",
        "coordinates": [
          [
            78.5682683,
            17.4076289
          ],
          [
            78.5693358,
            17.4074262
          ],
          [
            78.5704412,
            17.4072761
          ],
          [
            78.5715739,
            17.4071859
          ],
          [
            78.5727225,
            17.4071678
          ],
          [
            78.5738735,
            17.4072474
          ],
          [
            78.5750145,
            17.4074432
          ],
          [
            78.5761369,
            17.4077502
          ],
          [
            78.5772366,
            17.4081373
          ],
          [
            78.5783118,
            17.4085598
          ],
          [
            78.5793593,
            17.4089804
          ],
          [
            78.5803721,
            17.4093853
          ],
          [
            78.5813354,
            17.4098076
          ]
        ]
      },
      "properties": {
        "segment_id": "R0179",
        "source_node": "N047",
        "target_node": "N048",
        "road_class": "collector",
        "lanes": 2,
        "free_flow_speed_kmh": 50.0,
        "capacity_vph": 1800.0,
        "length_km": 0.901,
        "grade_pct": -0.42,
        "structural_bottleneck": false,
        "importance": 0.7471871285790281,
        "signal_id": null
      }
    },
    {
      "type": "Feature",
      "geometry": {
        "type": "LineString",
        "coordinates": [
          [
            78.5814078,
            17.4093736
          ],
          [
            78.5804657,
            17.4088238
          ],
          [
            78.5794665,
            17.4083377
          ],
          [
            78.5784222,
            17.4078977
          ],
          [
            78.5773409,
            17.4075116
          ],
          [
            78.5762276,
            17.4072058
          ],
          [
            78.5750873,
            17.4070064
          ],
          [
            78.5739281,
            17.4069198
          ],
          [
            78.5727629,
            17.4069255
          ],
          [
            78.5716075,
            17.4069839
          ],
          [
            78.5704778,
            17.4070564
          ],
          [
            78.5693863,
            17.4071236
          ],
          [
            78.5683407,
            17.4071949
          ]
        ]
      },
      "properties": {
        "segment_id": "R0180",
        "source_node": "N048",
        "target_node": "N047",
        "road_class": "collector",
        "lanes": 2,
        "free_flow_speed_kmh": 50.0,
        "capacity_vph": 1800.0,
        "length_km": 0.981,
        "grade_pct": 2.62,
        "structural_bottleneck": false,
        "importance": 0.7781191201666932,
        "signal_id": null
      }
    },
    {
      "type": "Feature",
      "geometry": {
        "type": "LineString",
        "coordinates": [
          [
            78.5680855,
            17.4073908
          ],
          [
            78.5676933,
            17.4084522
          ],
          [
            78.5674514,
            17.4095776
          ],
          [
            78.5672842,
            17.4107498
          ],
          [
            78.5671555,
            17.4119555
          ],
          [
            78.5670299,
            17.4131813
          ],
          [
            78.566892,
            17.4144158
          ],
          [
            78.5667537,
            17.4156503
          ],
          [
            78.5666456,
            17.4168778
          ],
          [
            78.5665974,
            17.4180913
          ],
          [
            78.566619,
            17.4192817
          ],
          [
            78.5666928,
            17.4204374
          ],
          [
            78.5667245,
            17.4215395
          ]
        ]
      },
      "properties": {
        "segment_id": "R0181",
        "source_node": "N047",
        "target_node": "N059",
        "road_class": "collector",
        "lanes": 2,
        "free_flow_speed_kmh": 30.0,
        "capacity_vph": 1800.0,
        "length_km": 0.91,
        "grade_pct": -2.09,
        "structural_bottleneck": false,
        "importance": 0.7936701344419302,
        "signal_id": "SIG036"
      }
    },
    {
      "type": "Feature",
      "geometry": {
        "type": "LineString",
        "coordinates": [
          [
            78.5671625,
            17.4215817
          ],
          [
            78.566997,
            17.4204667
          ],
          [
            78.5669996,
            17.4193183
          ],
          [
            78.5670526,
            17.4181351
          ],
          [
            78.5671186,
            17.4169233
          ],
          [
            78.5671805,
            17.4156914
          ],
          [
            78.5672486,
            17.4144501
          ],
          [
            78.5673514,
            17.4132122
          ],
          [
            78.5675167,
            17.4119902
          ],
          [
            78.5677516,
            17.4107948
          ],
          [
            78.5680364,
            17.4096338
          ],
          [
            78.5683326,
            17.4085137
          ],
          [
            78.5685235,
            17.407433
          ]
        ]
      },
      "properties": {
        "segment_id": "R0182",
        "source_node": "N059",
        "target_node": "N047",
        "road_class": "collector",
        "lanes": 2,
        "free_flow_speed_kmh": 40.0,
        "capacity_vph": 1800.0,
        "length_km": 1.731,
        "grade_pct": -0.18,
        "structural_bottleneck": false,
        "importance": 0.7658491469700296,
        "signal_id": null
      }
    },
    {
      "type": "Feature",
      "geometry": {
        "type": "LineString",
        "coordinates": [
          [
            78.5811575,
            17.40954
          ],
          [
            78.5806825,
            17.4105864
          ],
          [
            78.5802987,
            17.4117065
          ],
          [
            78.5799209,
            17.4128699
          ],
          [
            78.5795358,
            17.4140629
          ],
          [
            78.5791569,
            17.4152782
          ],
          [
            78.5788154,
            17.4165129
          ],
          [
            78.5785413,
            17.4177634
          ],
          [
            78.5783445,
            17.4190218
          ],
          [
            78.5782082,
            17.4202735
          ],
          [
            78.578098,
            17.4215001
          ],
          [
            78.5779807,
            17.4226831
          ],
          [
            78.577791,
            17.4237968
          ]
        ]
      },
      "properties": {
        "segment_id": "R0183",
        "source_node": "N048",
        "target_node": "N060",
        "road_class": "collector",
        "lanes": 2,
        "free_flow_speed_kmh": 30.0,
        "capacity_vph": 1800.0,
        "length_km": 1.012,
        "grade_pct": 0.17,
        "structural_bottleneck": false,
        "importance": 0.7870463824842643,
        "signal_id": "SIG074"
      }
    },
    {
      "type": "Feature",
      "geometry": {
        "type": "LineString",
        "coordinates": [
          [
            78.5782192,
            17.423898
          ],
          [
            78.5783084,
            17.4227605
          ],
          [
            78.5784252,
            17.4215773
          ],
          [
            78.578557,
            17.4203559
          ],
          [
            78.5787128,
            17.4191088
          ],
          [
            78.5789192,
            17.4178527
          ],
          [
            78.5792009,
            17.4166039
          ],
          [
            78.5795628,
            17.4153741
          ],
          [
            78.579983,
            17.4141685
          ],
          [
            78.580422,
            17.4129882
          ],
          [
            78.5808419,
            17.4118348
          ],
          [
            78.5812252,
            17.4107145
          ],
          [
            78.5815857,
            17.4096412
          ]
        ]
      },
      "properties": {
        "segment_id": "R0184",
        "source_node": "N060",
        "target_node": "N048",
        "road_class": "collector",
        "lanes": 3,
        "free_flow_speed_kmh": 60.0,
        "capacity_vph": 2700.0,
        "length_km": 1.217,
        "grade_pct": -0.14,
        "structural_bottleneck": false,
        "importance": 0.5998162809558358,
        "signal_id": null
      }
    },
    {
      "type": "Feature",
      "geometry": {
        "type": "LineString",
        "coordinates": [
          [
            78.3535048,
            17.3978403
          ],
          [
            78.3546493,
            17.3974883
          ],
          [
            78.355807,
            17.3973578
          ],
          [
            78.356982,
            17.3973632
          ],
          [
            78.3581714,
            17.3974612
          ],
          [
            78.3593721,
            17.3976109
          ],
          [
            78.3605776,
            17.3977914
          ],
          [
            78.3617771,
            17.3980092
          ],
          [
            78.3629569,
            17.3982885
          ],
          [
            78.3641035,
            17.3986511
          ],
          [
            78.3652069,
            17.3990986
          ],
          [
            78.3662615,
            17.3996054
          ],
          [
            78.3672742,
            17.4000684
          ]
        ]
      },
      "properties": {
        "segment_id": "R0185",
        "source_node": "N049",
        "target_node": "N050",
        "road_class": "collector",
        "lanes": 2,
        "free_flow_speed_kmh": 60.0,
        "capacity_vph": 1800.0,
        "length_km": 1.331,
        "grade_pct": 0.91,
        "structural_bottleneck": false,
        "importance": 0.7299937255933459,
        "signal_id": null
      }
    },
    {
      "type": "Feature",
      "geometry": {
        "type": "LineString",
        "coordinates": [
          [
            78.3673444,
            17.399634
          ],
          [
            78.3663648,
            17.3989671
          ],
          [
            78.3653024,
            17.3985084
          ],
          [
            78.3641863,
            17.3981391
          ],
          [
            78.3630324,
            17.3978214
          ],
          [
            78.3618534,
            17.3975379
          ],
          [
            78.3606574,
            17.3972987
          ],
          [
            78.3594498,
            17.397131
          ],
          [
            78.3582364,
            17.3970597
          ],
          [
            78.3570264,
            17.3970889
          ],
          [
            78.3558332,
            17.3971959
          ],
          [
            78.3546732,
            17.3973405
          ],
          [
            78.353575,
            17.3974059
          ]
        ]
      },
      "properties": {
        "segment_id": "R0186",
        "source_node": "N050",
        "target_node": "N049",
        "road_class": "collector",
        "lanes": 1,
        "free_flow_speed_kmh": 60.0,
        "capacity_vph": 900.0,
        "length_km": 1.232,
        "grade_pct": -2.3,
        "structural_bottleneck": false,
        "importance": 0.7548859278327044,
        "signal_id": null
      }
    },
    {
      "type": "Feature",
      "geometry": {
        "type": "LineString",
        "coordinates": [
          [
            78.3533237,
            17.3975826
          ],
          [
            78.3528622,
            17.3985874
          ],
          [
            78.3524084,
            17.3996429
          ],
          [
            78.3520404,
            17.4007539
          ],
          [
            78.3517657,
            17.4019119
          ],
          [
            78.3515648,
            17.4031035
          ],
          [
            78.3514011,
            17.4043118
          ],
          [
            78.3512407,
            17.4055208
          ],
          [
            78.3510705,
            17.4067181
          ],
          [
            78.3509042,
            17.4078964
          ],
          [
            78.3507728,
            17.4090517
          ],
          [
            78.3507044,
            17.4101795
          ],
          [
            78.3507565,
            17.4112806
          ]
        ]
      },
      "properties": {
        "segment_id": "R0187",
        "source_node": "N049",
        "target_node": "N061",
        "road_class": "collector",
        "lanes": 2,
        "free_flow_speed_kmh": 30.0,
        "capacity_vph": 1800.0,
        "length_km": 1.728,
        "grade_pct": -0.15,
        "structural_bottleneck": false,
        "importance": 0.6254919693013721,
        "signal_id": null
      }
    },
    {
      "type": "Feature",
      "geometry": {
        "type": "LineString",
        "coordinates": [
          [
            78.3511889,
            17.4113616
          ],
          [
            78.3510605,
            17.4102462
          ],
          [
            78.3510495,
            17.4091036
          ],
          [
            78.3511507,
            17.4079426
          ],
          [
            78.3513406,
            17.4067687
          ],
          [
            78.3515788,
            17.4055842
          ],
          [
            78.3518278,
            17.4043918
          ],
          [
            78.3520711,
            17.4031984
          ],
          [
            78.3523192,
            17.4020157
          ],
          [
            78.3525994,
            17.4008587
          ],
          [
            78.352936,
            17.3997418
          ],
          [
            78.3533323,
            17.3986755
          ],
          [
            78.3537561,
            17.3976636
          ]
        ]
      },
      "properties": {
        "segment_id": "R0188",
        "source_node": "N061",
        "target_node": "N049",
        "road_class": "collector",
        "lanes": 2,
        "free_flow_speed_kmh": 30.0,
        "capacity_vph": 1800.0,
        "length_km": 1.658,
        "grade_pct": -2.39,
        "structural_bottleneck": false,
        "importance": 0.7659817084975262,
        "signal_id": null
      }
    },
    {
      "type": "Feature",
      "geometry": {
        "type": "LineString",
        "coordinates": [
          [
            78.3672946,
            17.4000707
          ],
          [
            78.3686475,
            17.3997985
          ],
          [
            78.3700605,
            17.3995278
          ],
          [
            78.3715168,
            17.3993301
          ],
          [
            78.3730026,
            17.3992312
          ],
          [
            78.3745043,
            17.3992534
          ],
          [
            78.3760099,
            17.3993977
          ],
          [
            78.3775091,
            17.3996377
          ],
          [
            78.3789927,
            17.3999301
          ],
          [
            78.3804513,
            17.4002351
          ],
          [
            78.3818743,
            17.4005342
          ],
          [
            78.3832488,
            17.4008363
          ],
          [
            78.3845571,
            17.4012298
          ]
        ]
      },
      "properties": {
        "segment_id": "R0189",
        "source_node": "N050",
        "target_node": "N051",
        "road_class": "collector",
        "lanes": 1,
        "free_flow_speed_kmh": 40.0,
        "capacity_vph": 900.0,
        "length_km": 0.954,
        "grade_pct": 3.52,
        "structural_bottleneck": false,
        "importance": 0.7739911206098025,
        "signal_id": null
      }
    },
    {
      "type": "Feature",
      "geometry": {
        "type": "LineString",
        "coordinates": [
          [
            78.3845865,
            17.4007908
          ],
          [
            78.3832822,
            17.4003401
          ],
          [
            78.3819171,
            17.3998969
          ],
          [
            78.3804999,
            17.3995122
          ],
          [
            78.379041,
            17.3992097
          ],
          [
            78.3775507,
            17.3990171
          ],
          [
            78.3760403,
            17.3989448
          ],
          [
            78.3745229,
            17.3989763
          ],
          [
            78.3730132,
            17.3990736
          ],
          [
            78.3715259,
            17.3991947
          ],
          [
            78.3700748,
            17.3993149
          ],
          [
            78.3686718,
            17.3994364
          ],
          [
            78.367324,
            17.3996317
          ]
        ]
      },
      "properties": {
        "segment_id": "R0190",
        "source_node": "N051",
        "target_node": "N050",
        "road_class": "collector",
        "lanes": 2,
        "free_flow_speed_kmh": 50.0,
        "capacity_vph": 1800.0,
        "length_km": 1.484,
        "grade_pct": -1.72,
        "structural_bottleneck": false,
        "importance": 0.7989704654891693,
        "signal_id": null
      }
    },
    {
      "type": "Feature",
      "geometry": {
        "type": "LineString",
        "coordinates": [
          [
            78.3670954,
            17.3997999
          ],
          [
            78.3666516,
            17.400752
          ],
          [
            78.3663445,
            17.4017847
          ],
          [
            78.3660659,
            17.4028625
          ],
          [
            78.3657819,
            17.4039676
          ],
          [
            78.3654751,
            17.4050864
          ],
          [
            78.3651545,
            17.4062113
          ],
          [
            78.3648503,
            17.4073403
          ],
          [
            78.3645955,
            17.4084715
          ],
          [
            78.3644067,
            17.4095995
          ],
          [
            78.3642741,
            17.4107123
          ],
          [
            78.3641668,
            17.411793
          ],
          [
            78.3639736,
            17.4128053
          ]
        ]
      },
      "properties": {
        "segment_id": "R0191",
        "source_node": "N050",
        "target_node": "N062",
        "road_class": "collector",
        "lanes": 2,
        "free_flow_speed_kmh": 50.0,
        "capacity_vph": 1800.0,
        "length_km": 1.23,
        "grade_pct": 3.53,
        "structural_bottleneck": false,
        "importance": 0.5647391984673684,
        "signal_id": "SIG035"
      }
    },
    {
      "type": "Feature",
      "geometry": {
        "type": "LineString",
        "coordinates": [
          [
            78.3644014,
            17.4129079
          ],
          [
            78.3644826,
            17.4118688
          ],
          [
            78.3646765,
            17.4108089
          ],
          [
            78.3648842,
            17.4097141
          ],
          [
            78.3650841,
            17.4085888
          ],
          [
            78.3652813,
            17.4074437
          ],
          [
            78.3655014,
            17.4062946
          ],
          [
            78.3657731,
            17.4051579
          ],
          [
            78.3661081,
            17.4040459
          ],
          [
            78.3664916,
            17.4029647
          ],
          [
            78.3668882,
            17.4019152
          ],
          [
            78.3672594,
            17.4008979
          ],
          [
            78.3675232,
            17.3999025
          ]
        ]
      },
      "properties": {
        "segment_id": "R0192",
        "source_node": "N062",
        "target_node": "N050",
        "road_class": "collector",
        "lanes": 2,
        "free_flow_speed_kmh": 30.0,
        "capacity_vph": 1800.0,
        "length_km": 1.678,
        "grade_pct": 0.11,
        "structural_bottleneck": false,
        "importance": 0.6602128171565966,
        "signal_id": null
      }
    },
    {
      "type": "Feature",
      "geometry": {
        "type": "LineString",
        "coordinates": [
          [
            78.3845503,
            17.4013296
          ],
          [
            78.3866804,
            17.4009957
          ],
          [
            78.3888968,
            17.400793
          ],
          [
            78.3911793,
            17.400737
          ],
          [
            78.3935103,
            17.4008082
          ],
          [
            78.3958736,
            17.400966
          ],
          [
            78.3982529,
            17.4011673
          ],
          [
            78.4006311,
            17.4013864
          ],
          [
            78.4029889,
            17.4016249
          ],
          [
            78.4053059,
            17.4019054
          ],
          [
            78.4075612,
            17.4022533
          ],
          [
            78.4097355,
            17.4026764
          ],
          [
            78.4118104,
            17.4031627
          ]
        ]
      },
      "properties": {
        "segment_id": "R0193",
        "source_node": "N051",
        "target_node": "N052",
        "road_class": "arterial",
        "lanes": 2,
        "free_flow_speed_kmh": 40.0,
        "capacity_vph": 2070.0,
        "length_km": 1.723,
        "grade_pct": 2.8,
        "structural_bottleneck": false,
        "importance": 1.2828248528708497,
        "signal_id": "SIG020"
      }
    },
    {
      "type": "Feature",
      "geometry": {
        "type": "LineString",
        "coordinates": [
          [
            78.4118534,
            17.4025241
          ],
          [
            78.4097891,
            17.4018793
          ],
          [
            78.4076167,
            17.401429
          ],
          [
            78.4053597,
            17.4011042
          ],
          [
            78.4030399,
            17.4008669
          ],
          [
            78.4006788,
            17.4006765
          ],
          [
            78.3982971,
            17.4005102
          ],
          [
            78.3959135,
            17.4003726
          ],
          [
            78.3935453,
            17.400289
          ],
          [
            78.3912095,
            17.4002873
          ],
          [
            78.3889247,
            17.4003773
          ],
          [
            78.3867109,
            17.4005418
          ],
          [
            78.3845933,
            17.400691
          ]
        ]
      },
      "properties": {
        "segment_id": "R0194",
        "source_node": "N052",
        "target_node": "N051",
        "road_class": "arterial",
        "lanes": 2,
        "free_flow_speed_kmh": 60.0,
        "capacity_vph": 2070.0,
        "length_km": 1.216,
        "grade_pct": -1.6,
        "structural_bottleneck": false,
        "importance": 1.1442345787779007,
        "signal_id": null
      }
    },
    {
      "type": "Feature",
      "geometry": {
        "type": "LineString",
        "coordinates": [
          [
            78.3842578,
            17.4009489
          ],
          [
            78.3839206,
            17.4020441
          ],
          [
            78.3835035,
            17.403176
          ],
          [
            78.3831149,
            17.4043555
          ],
          [
            78.3827872,
            17.4055783
          ],
          [
            78.3825347,
            17.4068368
          ],
          [
            78.3823452,
            17.408118
          ],
          [
            78.382186,
            17.4094052
          ],
          [
            78.3820224,
            17.4106811
          ],
          [
            78.3818375,
            17.4119318
          ],
          [
            78.381641,
            17.4131489
          ],
          [
            78.3814632,
            17.4143277
          ],
          [
            78.3814147,
            17.4154794
          ]
        ]
      },
      "properties": {
        "segment_id": "R0195",
        "source_node": "N051",
        "target_node": "N063",
        "road_class": "arterial",
        "lanes": 3,
        "free_flow_speed_kmh": 30.0,
        "capacity_vph": 3105.0,
        "length_km": 1.218,
        "grade_pct": -3.6,
        "structural_bottleneck": false,
        "importance": 1.3862036774909745,
        "signal_id": "SIG033"
      }
    },
    {
      "type": "Feature",
      "geometry": {
        "type": "LineString",
        "coordinates": [
          [
            78.3820427,
            17.4156022
          ],
          [
            78.3820802,
            17.4144484
          ],
          [
            78.3821109,
            17.4132408
          ],
          [
            78.3822217,
            17.412007
          ],
          [
            78.3824227,
            17.4107594
          ],
          [
            78.382697,
            17.4095052
          ],
          [
            78.3830078,
            17.4082477
          ],
          [
            78.3833163,
            17.4069897
          ],
          [
            78.3836019,
            17.4057377
          ],
          [
            78.3838705,
            17.4045033
          ],
          [
            78.3841486,
            17.4033023
          ],
          [
            78.3844641,
            17.4021504
          ],
          [
            78.3848858,
            17.4010717
          ]
        ]
      },
      "properties": {
        "segment_id": "R0196",
        "source_node": "N063",
        "target_node": "N051",
        "road_class": "arterial",
        "lanes": 1,
        "free_flow_speed_kmh": 50.0,
        "capacity_vph": 1035.0,
        "length_km": 1.678,
        "grade_pct": -0.55,
        "structural_bottleneck": false,
        "importance": 1.0657034689816922,
        "signal_id": null
      }
    },
    {
      "type": "Feature",
      "geometry": {
        "type": "LineString",
        "coordinates": [
          [
            78.4118083,
            17.4030621
          ],
          [
            78.4135357,
            17.4028974
          ],
          [
            78.4153318,
            17.4028105
          ],
          [
            78.4171843,
            17.4027732
          ],
          [
            78.4190774,
            17.4027887
          ],
          [
            78.4209931,
            17.4028803
          ],
          [
            78.4229134,
            17.4030728
          ],
          [
            78.4248221,
            17.4033725
          ],
          [
            78.4267061,
            17.4037586
          ],
          [
            78.4285544,
            17.40419
          ],
          [
            78.430356,
            17.4046242
          ],
          [
            78.4320983,
            17.4050372
          ],
          [
            78.4337658,
            17.4054279
          ]
        ]
      },
      "properties": {
        "segment_id": "R0197",
        "source_node": "N052",
        "target_node": "N053",
        "road_class": "collector",
        "lanes": 1,
        "free_flow_speed_kmh": 40.0,
        "capacity_vph": 900.0,
        "length_km": 1.237,
        "grade_pct": -2.28,
        "structural_bottleneck": false,
        "importance": 0.6181106508883075,
        "signal_id": "SIG024"
      }
    },
    {
      "type": "Feature",
      "geometry": {
        "type": "LineString",
        "coordinates": [
          [
            78.433813,
            17.4049905
          ],
          [
            78.4321575,
            17.4044877
          ],
          [
            78.4304262,
            17.403973
          ],
          [
            78.4286279,
            17.4035071
          ],
          [
            78.4267752,
            17.4031169
          ],
          [
            78.4248805,
            17.4028302
          ],
          [
            78.4229583,
            17.4026563
          ],
          [
            78.4210257,
            17.4025774
          ],
          [
            78.4191025,
            17.4025554
          ],
          [
            78.4172082,
            17.4025514
          ],
          [
            78.4153605,
            17.4025447
          ],
          [
            78.413574,
            17.4025422
          ],
          [
            78.4118555,
            17.4026247
          ]
        ]
      },
      "properties": {
        "segment_id": "R0198",
        "source_node": "N053",
        "target_node": "N052",
        "road_class": "collector",
        "lanes": 2,
        "free_flow_speed_kmh": 30.0,
        "capacity_vph": 1800.0,
        "length_km": 1.222,
        "grade_pct": -1.62,
        "structural_bottleneck": false,
        "importance": 0.7117895764230582,
        "signal_id": "SIG020"
      }
    },
    {
      "type": "Feature",
      "geometry": {
        "type": "LineString",
        "coordinates": [
          [
            78.4116193,
            17.4027867
          ],
          [
            78.4110503,
            17.4038573
          ],
          [
            78.4106281,
            17.4050222
          ],
          [
            78.4102428,
            17.4062411
          ],
          [
            78.4098611,
            17.407494
          ],
          [
            78.4094678,
            17.4087659
          ],
          [
            78.4090743,
            17.4100487
          ],
          [
            78.4087111,
            17.4113397
          ],
          [
            78.4084096,
            17.4126361
          ],
          [
            78.4081829,
            17.4139304
          ],
          [
            78.4080177,
            17.415208
          ],
          [
            78.4078813,
            17.4164492
          ],
          [
            78.4076631,
            17.4176134
          ]
        ]
      },
      "properties": {
        "segment_id": "R0199",
        "source_node": "N052",
        "target_node": "N064",
        "road_class": "collector",
        "lanes": 2,
        "free_flow_speed_kmh": 60.0,
        "capacity_vph": 1800.0,
        "length_km": 1.199,
        "grade_pct": -0.05,
        "structural_bottleneck": false,
        "importance": 0.6216566698950137,
        "signal_id": "SIG034"
      }
    },
    {
      "type": "Feature",
      "geometry": {
        "type": "LineString",
        "coordinates": [
          [
            78.4080883,
            17.4177268
          ],
          [
            78.4086526,
            17.416655
          ],
          [
            78.4090745,
            17.41549
          ],
          [
            78.4094651,
            17.4142725
          ],
          [
            78.4098557,
            17.413022
          ],
          [
            78.410257,
            17.4117522
          ],
          [
            78.4106534,
            17.4104701
          ],
          [
            78.4110125,
            17.409178
          ],
          [
            78.4113051,
            17.4078793
          ],
          [
            78.4115227,
            17.4065826
          ],
          [
            78.4116833,
            17.4053037
          ],
          [
            78.4118211,
            17.4040629
          ],
          [
            78.4120445,
            17.4029001
          ]
        ]
      },
      "properties": {
        "segment_id": "R0200",
        "source_node": "N064",
        "target_node": "N052",
        "road_class": "collector",
        "lanes": 2,
        "free_flow_speed_kmh": 30.0,
        "capacity_vph": 1800.0,
        "length_km": 1.723,
        "grade_pct": 3.79,
        "structural_bottleneck": false,
        "importance": 0.7498648782886278,
        "signal_id": "SIG020"
      }
    },
    {
      "type": "Feature",
      "geometry": {
        "type": "LineString",
        "coordinates": [
          [
            78.4337799,
            17.405429
          ],
          [
            78.4354685,
            17.4051316
          ],
          [
            78.4372267,
            17.4049726
          ],
          [
            78.4390432,
            17.4048644
          ],
          [
            78.4409036,
            17.4047898
          ],
          [
            78.4427924,
            17.4047591
          ],
          [
            78.4446932,
            17.4047994
          ],
          [
            78.4465899,
            17.4049343
          ],
          [
            78.4484673,
            17.4051657
          ],
          [
            78.4503113,
            17.4054684
          ],
          [
            78.4521088,
            17.4058004
          ],
          [
            78.4538461,
            17.406123
          ],
          [
            78.4555112,
            17.4063702
          ]
        ]
      },
      "properties": {
        "segment_id": "R0201",
        "source_node": "N053",
        "target_node": "N054",
        "road_class": "collector",
        "lanes": 1,
        "free_flow_speed_kmh": 30.0,
        "capacity_vph": 900.0,
        "length_km": 1.416,
        "grade_pct": -1.61,
        "structural_bottleneck": false,
        "importance": 0.7394162433838496,
        "signal_id": "SIG023"
      }
    },
    {
      "type": "Feature",
      "geometry": {
        "type": "LineString",
        "coordinates": [
          [
            78.4555302,
            17.4059306
          ],
          [
            78.4538713,
            17.405542
          ],
          [
            78.452135,
            17.405194
          ],
          [
            78.4503367,
            17.4048821
          ],
          [
            78.448491,
            17.404618
          ],
          [
            78.4466117,
            17.4044303
          ],
          [
            78.4447129,
            17.4043437
          ],
          [
            78.4428096,
            17.4043611
          ],
          [
            78.440918,
            17.4044583
          ],
          [
            78.4390549,
            17.4045943
          ],
          [
            78.4372372,
            17.404732
          ],
          [
            78.4354804,
            17.4048562
          ],
          [
            78.4337989,
            17.4049894
          ]
        ]
      },
      "properties": {
        "segment_id": "R0202",
        "source_node": "N054",
        "target_node": "N053",
        "road_class": "collector",
        "lanes": 2,
        "free_flow_speed_kmh": 60.0,
        "capacity_vph": 1800.0,
        "length_km": 1.452,
        "grade_pct": 2.9,
        "structural_bottleneck": false,
        "importance": 0.683066794871583,
        "signal_id": "SIG024"
      }
    },
    {
      "type": "Feature",
      "geometry": {
        "type": "LineString",
        "coordinates": [
          [
            78.4335809,
            17.4051389
          ],
          [
            78.4333746,
            17.4062707
          ],
          [
            78.4332005,
            17.4074675
          ],
          [
            78.4329877,
            17.4086947
          ],
          [
            78.4327108,
            17.4099327
          ],
          [
            78.4323481,
            17.4111635
          ],
          [
            78.4318986,
            17.412376
          ],
          [
            78.4313875,
            17.4135676
          ],
          [
            78.4308551,
            17.4147412
          ],
          [
            78.430338,
            17.4158983
          ],
          [
            78.4298521,
            17.4170334
          ],
          [
            78.4293873,
            17.4181323
          ],
          [
            78.4288573,
            17.4191549
          ]
        ]
      },
      "properties": {
        "segment_id": "R0203",
        "source_node": "N053",
        "target_node": "N065",
        "road_class": "collector",
        "lanes": 3,
        "free_flow_speed_kmh": 40.0,
        "capacity_vph": 2700.0,
        "length_km": 1.279,
        "grade_pct": -3.62,
        "structural_bottleneck": false,
        "importance": 0.8413517835723037,
        "signal_id": "SIG032"
      }
    },
    {
      "type": "Feature",
      "geometry": {
        "type": "LineString",
        "coordinates": [
          [
            78.4292743,
            17.4192955
          ],
          [
            78.4298338,
            17.4182827
          ],
          [
            78.4304525,
            17.4172357
          ],
          [
            78.4310234,
            17.4161293
          ],
          [
            78.4315188,
            17.4149649
          ],
          [
            78.4319316,
            17.413751
          ],
          [
            78.4322809,
            17.4125048
          ],
          [
            78.4326006,
            17.4112486
          ],
          [
            78.4329209,
            17.4100035
          ],
          [
            78.4332506,
            17.4087833
          ],
          [
            78.4335732,
            17.4075931
          ],
          [
            78.4338565,
            17.4064331
          ],
          [
            78.4339979,
            17.4052795
          ]
        ]
      },
      "properties": {
        "segment_id": "R0204",
        "source_node": "N065",
        "target_node": "N053",
        "road_class": "collector",
        "lanes": 3,
        "free_flow_speed_kmh": 30.0,
        "capacity_vph": 2700.0,
        "length_km": 1.754,
        "grade_pct": -1.13,
        "structural_bottleneck": false,
        "importance": 0.6589344049453227,
        "signal_id": "SIG024"
      }
    },
    {
      "type": "Feature",
      "geometry": {
        "type": "LineString",
        "coordinates": [
          [
            78.4555002,
            17.4064697
          ],
          [
            78.4580255,
            17.4063553
          ],
          [
            78.4606622,
            17.4062732
          ],
          [
            78.4633833,
            17.4062938
          ],
          [
            78.4661658,
            17.4064186
          ],
          [
            78.4689887,
            17.4066227
          ],
          [
            78.4718319,
            17.4068648
          ],
          [
            78.4746749,
            17.4071084
          ],
          [
            78.4774961,
            17.4073396
          ],
          [
            78.4802717,
            17.407571
          ],
          [
            78.4829774,
            17.4078315
          ],
          [
            78.4855888,
            17.4081451
          ],
          [
            78.4880801,
            17.4085598
          ]
        ]
      },
      "properties": {
        "segment_id": "R0205",
        "source_node": "N054",
        "target_node": "N055",
        "road_class": "arterial",
        "lanes": 3,
        "free_flow_speed_kmh": 50.0,
        "capacity_vph": 3105.0,
        "length_km": 0.981,
        "grade_pct": -3.15,
        "structural_bottleneck": true,
        "importance": 1.0050274014089906,
        "signal_id": "SIG019"
      }
    },
    {
      "type": "Feature",
      "geometry": {
        "type": "LineString",
        "coordinates": [
          [
            78.4881211,
            17.4079212
          ],
          [
            78.4856351,
            17.4074241
          ],
          [
            78.4830283,
            17.4070381
          ],
          [
            78.4803242,
            17.4067528
          ],
          [
            78.477547,
            17.4065454
          ],
          [
            78.4747218,
            17.4063777
          ],
          [
            78.4718735,
            17.4062159
          ],
          [
            78.4690255,
            17.4060492
          ],
          [
            78.4661995,
            17.4058935
          ],
          [
            78.4634162,
            17.4057803
          ],
          [
            78.4606967,
            17.4057362
          ],
          [
            78.4580633,
            17.4057655
          ],
          [
            78.4555412,
            17.4058311
          ]
        ]
      },
      "properties": {
        "segment_id": "R0206",
        "source_node": "N055",
        "target_node": "N054",
        "road_class": "arterial",
        "lanes": 1,
        "free_flow_speed_kmh": 30.0,
        "capacity_vph": 1035.0,
        "length_km": 0.846,
        "grade_pct": -2.99,
        "structural_bottleneck": true,
        "importance": 1.3932149811902024,
        "signal_id": "SIG023"
      }
    },
    {
      "type": "Feature",
      "geometry": {
        "type": "LineString",
        "coordinates": [
          [
            78.4552012,
            17.4061317
          ],
          [
            78.4554872,
            17.40738
          ],
          [
            78.4555903,
            17.4086732
          ],
          [
            78.455602,
            17.4100054
          ],
          [
            78.4555632,
            17.411368
          ],
          [
            78.4555094,
            17.412752
          ],
          [
            78.4554535,
            17.414147
          ],
          [
            78.4553814,
            17.415541
          ],
          [
            78.4552638,
            17.4169213
          ],
          [
            78.4550764,
            17.4182753
          ],
          [
            78.4548178,
            17.4195917
          ],
          [
            78.4545133,
            17.4208611
          ],
          [
            78.45427,
            17.4220784
          ]
        ]
      },
      "properties": {
        "segment_id": "R0207",
        "source_node": "N054",
        "target_node": "N066",
        "road_class": "arterial",
        "lanes": 2,
        "free_flow_speed_kmh": 50.0,
        "capacity_vph": 2070.0,
        "length_km": 0.761,
        "grade_pct": 1.61,
        "structural_bottleneck": true,
        "importance": 1.0133424161443916,
        "signal_id": null
      }
    },
    {
      "type": "Feature",
      "geometry": {
        "type": "LineString",
        "coordinates": [
          [
            78.454909,
            17.4221158
          ],
          [
            78.4551398,
            17.4208977
          ],
          [
            78.455242,
            17.4196165
          ],
          [
            78.4553303,
            17.4182901
          ],
          [
            78.4554359,
            17.4169314
          ],
          [
            78.455567,
            17.4155519
          ],
          [
            78.455705,
            17.4141617
          ],
          [
            78.4558162,
            17.41277
          ],
          [
            78.4558722,
            17.4113861
          ],
          [
            78.4558679,
            17.4100209
          ],
          [
            78.4558245,
            17.4086868
          ],
          [
            78.4557789,
            17.407397
          ],
          [
            78.4558402,
            17.4061691
          ]
        ]
      },
      "properties": {
        "segment_id": "R0208",
        "source_node": "N066",
        "target_node": "N054",
        "road_class": "arterial",
        "lanes": 2,
        "free_flow_speed_kmh": 60.0,
        "capacity_vph": 2070.0,
        "length_km": 1.79,
        "grade_pct": -3.6,
        "structural_bottleneck": true,
        "importance": 1.0851433631037166,
        "signal_id": "SIG023"
      }
    },
    {
      "type": "Feature",
      "geometry": {
        "type": "LineString",
        "coordinates": [
          [
            78.4880518,
            17.408455
          ],
          [
            78.4894697,
            17.4084094
          ],
          [
            78.4909203,
            17.4084988
          ],
          [
            78.4924093,
            17.4086428
          ],
          [
            78.4939275,
            17.4088258
          ],
          [
            78.4954599,
            17.4090583
          ],
          [
            78.496988,
            17.4093654
          ],
          [
            78.4984948,
            17.4097666
          ],
          [
            78.4999681,
            17.4102586
          ],
          [
            78.5014021,
            17.4108122
          ],
          [
            78.502794,
            17.4113836
          ],
          [
            78.5041396,
            17.4119348
          ],
          [
            78.5054395,
            17.4124078
          ]
        ]
      },
      "properties": {
        "segment_id": "R0209",
        "source_node": "N055",
        "target_node": "N056",
        "road_class": "collector",
        "lanes": 1,
        "free_flow_speed_kmh": 30.0,
        "capacity_vph": 900.0,
        "length_km": 1.009,
        "grade_pct": 0.04,
        "structural_bottleneck": false,
        "importance": 0.8411973145650138,
        "signal_id": "SIG022"
      }
    },
    {
      "type": "Feature",
      "geometry": {
        "type": "LineString",
        "coordinates": [
          [
            78.5055371,
            17.4119788
          ],
          [
            78.5042827,
            17.4113055
          ],
          [
            78.5029344,
            17.4107658
          ],
          [
            78.5015263,
            17.410266
          ],
          [
            78.5000752,
            17.4097877
          ],
          [
            78.4985919,
            17.4093393
          ],
          [
            78.4970827,
            17.4089488
          ],
          [
            78.4955539,
            17.408645
          ],
          [
            78.4940156,
            17.4084386
          ],
          [
            78.4924842,
            17.4083134
          ],
          [
            78.4909805,
            17.4082338
          ],
          [
            78.4895256,
            17.4081631
          ],
          [
            78.4881494,
            17.408026
          ]
        ]
      },
      "properties": {
        "segment_id": "R0210",
        "source_node": "N056",
        "target_node": "N055",
        "road_class": "collector",
        "lanes": 2,
        "free_flow_speed_kmh": 50.0,
        "capacity_vph": 1800.0,
        "length_km": 1.738,
        "grade_pct": -0.98,
        "structural_bottleneck": false,
        "importance": 0.8225931522660588,
        "signal_id": "SIG019"
      }
    },
    {
      "type": "Feature",
      "geometry": {
        "type": "LineString",
        "coordinates": [
          [
            78.4878852,
            17.4081957
          ],
          [
            78.4876948,
            17.409652
          ],
          [
            78.4874814,
            17.411171
          ],
          [
            78.4872669,
            17.4127438
          ],
          [
            78.4870441,
            17.4143554
          ],
          [
            78.4867866,
            17.4159867
          ],
          [
            78.4864672,
            17.4176186
          ],
          [
            78.4860774,
            17.4192359
          ],
          [
            78.4856354,
            17.4208288
          ],
          [
            78.4851789,
            17.4223918
          ],
          [
            78.4847464,
            17.4239192
          ],
          [
            78.4843577,
            17.4254017
          ],
          [
            78.4840075,
            17.4268248
          ]
        ]
      },
      "properties": {
        "segment_id": "R0211",
        "source_node": "N055",
        "target_node": "N067",
        "road_class": "collector",
        "lanes": 2,
        "free_flow_speed_kmh": 60.0,
        "capacity_vph": 1800.0,
        "length_km": 1.159,
        "grade_pct": -3.96,
        "structural_bottleneck": false,
        "importance": 0.6613278421033805,
        "signal_id": "SIG029"
      }
    },
    {
      "type": "Feature",
      "geometry": {
        "type": "LineString",
        "coordinates": [
          [
            78.4844383,
            17.4269144
          ],
          [
            78.4848289,
            17.4254998
          ],
          [
            78.4852923,
            17.4240328
          ],
          [
            78.4857612,
            17.4225129
          ],
          [
            78.4862036,
            17.4209471
          ],
          [
            78.4865873,
            17.4193421
          ],
          [
            78.4868989,
            17.4177085
          ],
          [
            78.4871518,
            17.4160627
          ],
          [
            78.4873785,
            17.414425
          ],
          [
            78.4876123,
            17.4128157
          ],
          [
            78.4878672,
            17.4112513
          ],
          [
            78.4881306,
            17.4097427
          ],
          [
            78.488316,
            17.4082853
          ]
        ]
      },
      "properties": {
        "segment_id": "R0212",
        "source_node": "N067",
        "target_node": "N055",
        "road_class": "collector",
        "lanes": 2,
        "free_flow_speed_kmh": 30.0,
        "capacity_vph": 1800.0,
        "length_km": 0.89,
        "grade_pct": 0.3,
        "structural_bottleneck": false,
        "importance": 0.6381451859956866,
        "signal_id": "SIG019"
      }
    },
    {
      "type": "Feature",
      "geometry": {
        "type": "LineString",
        "coordinates": [
          [
            78.5054628,
            17.4124118
          ],
          [
            78.5072688,
            17.4122806
          ],
          [
            78.5091566,
            17.4121416
          ],
          [
            78.5110978,
            17.4120981
          ],
          [
            78.5130736,
            17.4121742
          ],
          [
            78.5150671,
            17.4123744
          ],
          [
            78.517065,
            17.4126764
          ],
          [
            78.5190559,
            17.4130381
          ],
          [
            78.5210285,
            17.4134178
          ],
          [
            78.5229693,
            17.4137927
          ],
          [
            78.5248617,
            17.4141675
          ],
          [
            78.5266867,
            17.414566
          ],
          [
            78.5284161,
            17.4150917
          ]
        ]
      },
      "properties": {
        "segment_id": "R0213",
        "source_node": "N056",
        "target_node": "N057",
        "road_class": "collector",
        "lanes": 2,
        "free_flow_speed_kmh": 60.0,
        "capacity_vph": 1800.0,
        "length_km": 1.115,
        "grade_pct": 3.73,
        "structural_bottleneck": false,
        "importance": 0.6139144351069896,
        "signal_id": "SIG038"
      }
    },
    {
      "type": "Feature",
      "geometry": {
        "type": "LineString",
        "coordinates": [
          [
            78.5284671,
            17.4146547
          ],
          [
            78.5267465,
            17.4140539
          ],
          [
            78.5249415,
            17.413484
          ],
          [
            78.5230586,
            17.4130279
          ],
          [
            78.521113,
            17.412694
          ],
          [
            78.519123,
            17.4124628
          ],
          [
            78.5171094,
            17.4122962
          ],
          [
            78.5150926,
            17.4121561
          ],
          [
            78.5130911,
            17.412024
          ],
          [
            78.51112,
            17.4119085
          ],
          [
            78.5091921,
            17.4118374
          ],
          [
            78.5073205,
            17.4118382
          ],
          [
            78.5055138,
            17.4119748
          ]
        ]
      },
      "properties": {
        "segment_id": "R0214",
        "source_node": "N057",
        "target_node": "N056",
        "road_class": "collector",
        "lanes": 3,
        "free_flow_speed_kmh": 30.0,
        "capacity_vph": 2700.0,
        "length_km": 0.78,
        "grade_pct": -3.44,
        "structural_bottleneck": false,
        "importance": 0.7708762602825742,
        "signal_id": "SIG022"
      }
    },
    {
      "type": "Feature",
      "geometry": {
        "type": "LineString",
        "coordinates": [
          [
            78.5052689,
            17.4121771
          ],
          [
            78.5054304,
            17.4134919
          ],
          [
            78.5055039,
            17.4148591
          ],
          [
            78.5054826,
            17.4162662
          ],
          [
            78.5053852,
            17.417703
          ],
          [
            78.5052496,
            17.4191605
          ],
          [
            78.5051129,
            17.4206296
          ],
          [
            78.5049926,
            17.4221
          ],
          [
            78.504879,
            17.4235591
          ],
          [
            78.504743,
            17.4249931
          ],
          [
            78.5045564,
            17.426388
          ],
          [
            78.5043107,
            17.4277316
          ],
          [
            78.5040263,
            17.4290135
          ]
        ]
      },
      "properties": {
        "segment_id": "R0215",
        "source_node": "N056",
        "target_node": "N068",
        "road_class": "collector",
        "lanes": 2,
        "free_flow_speed_kmh": 60.0,
        "capacity_vph": 1800.0,
        "length_km": 1.337,
        "grade_pct": 2.16,
        "structural_bottleneck": false,
        "importance": 0.5802283259279823,
        "signal_id": "SIG028"
      }
    },
    {
      "type": "Feature",
      "geometry": {
        "type": "LineString",
        "coordinates": [
          [
            78.5044651,
            17.4290459
          ],
          [
            78.5048487,
            17.4277713
          ],
          [
            78.5050813,
            17.4264268
          ],
          [
            78.5052388,
            17.4250297
          ],
          [
            78.5053575,
            17.4235944
          ],
          [
            78.5054728,
            17.4221355
          ],
          [
            78.5056004,
            17.4206656
          ],
          [
            78.5057284,
            17.4191958
          ],
          [
            78.5058262,
            17.4177355
          ],
          [
            78.5058641,
            17.4162944
          ],
          [
            78.5058325,
            17.4148833
          ],
          [
            78.5057488,
            17.4135154
          ],
          [
            78.5057077,
            17.4122095
          ]
        ]
      },
      "properties": {
        "segment_id": "R0216",
        "source_node": "N068",
        "target_node": "N056",
        "road_class": "collector",
        "lanes": 3,
        "free_flow_speed_kmh": 30.0,
        "capacity_vph": 2700.0,
        "length_km": 1.672,
        "grade_pct": 2.8,
        "structural_bottleneck": false,
        "importance": 0.7067105704200736,
        "signal_id": "SIG022"
      }
    },
    {
      "type": "Feature",
      "geometry": {
        "type": "LineString",
        "coordinates": [
          [
            78.5283782,
            17.4151869
          ],
          [
            78.5300118,
            17.4150361
          ],
          [
            78.5316727,
            17.4151078
          ],
          [
            78.5333711,
            17.4152804
          ],
          [
            78.535101,
            17.4155117
          ],
          [
            78.5368525,
            17.4157796
          ],
          [
            78.5386101,
            17.4160886
          ],
          [
            78.5403548,
            17.4164617
          ],
          [
            78.5420677,
            17.4169204
          ],
          [
            78.543734,
            17.4174666
          ],
          [
            78.5453442,
            17.4180754
          ],
          [
            78.5468927,
            17.4187035
          ],
          [
            78.5483893,
            17.4192305
          ]
        ]
      },
      "properties": {
        "segment_id": "R0217",
        "source_node": "N057",
        "target_node": "N058",
        "road_class": "arterial",
        "lanes": 2,
        "free_flow_speed_kmh": 50.0,
        "capacity_vph": 2070.0,
        "length_km": 1.376,
        "grade_pct": 1.49,
        "structural_bottleneck": false,
        "importance": 0.9718779184094244,
        "signal_id": "SIG037"
      }
    },
    {
      "type": "Feature",
      "geometry": {
        "type": "LineString",
        "coordinates": [
          [
            78.5485161,
            17.4186031
          ],
          [
            78.5470577,
            17.4178872
          ],
          [
            78.5454997,
            17.4173061
          ],
          [
            78.5438745,
            17.4167712
          ],
          [
            78.5421999,
            17.4162662
          ],
          [
            78.5404881,
            17.4158017
          ],
          [
            78.538748,
            17.4154063
          ],
          [
            78.5369884,
            17.4151071
          ],
          [
            78.5352224,
            17.4149112
          ],
          [
            78.5334684,
            17.4147989
          ],
          [
            78.5317485,
            17.4147325
          ],
          [
            78.5300846,
            17.4146756
          ],
          [
            78.528505,
            17.4145595
          ]
        ]
      },
      "properties": {
        "segment_id": "R0218",
        "source_node": "N058",
        "target_node": "N057",
        "road_class": "arterial",
        "lanes": 3,
        "free_flow_speed_kmh": 60.0,
        "capacity_vph": 3105.0,
        "length_km": 1.671,
        "grade_pct": -3.22,
        "structural_bottleneck": false,
        "importance": 1.3260670616058057,
        "signal_id": "SIG038"
      }
    },
    {
      "type": "Feature",
      "geometry": {
        "type": "LineString",
        "coordinates": [
          [
            78.5281406,
            17.4147645
          ],
          [
            78.5278266,
            17.4161481
          ],
          [
            78.5274757,
            17.4175858
          ],
          [
            78.5271019,
            17.4190693
          ],
          [
            78.5266989,
            17.4205828
          ],
          [
            78.5262429,
            17.4221042
          ],
          [
            78.525712,
            17.423612
          ],
          [
            78.5251036,
            17.4250918
          ],
          [
            78.524441,
            17.4265386
          ],
          [
            78.5237643,
            17.4279532
          ],
          [
            78.5231121,
            17.4293362
          ],
          [
            78.5225037,
            17.430681
          ],
          [
            78.5219274,
            17.4319698
          ]
        ]
      },
      "properties": {
        "segment_id": "R0219",
        "source_node": "N057",
        "target_node": "N069",
        "road_class": "arterial",
        "lanes": 2,
        "free_flow_speed_kmh": 30.0,
        "capacity_vph": 2070.0,
        "length_km": 1.626,
        "grade_pct": -0.78,
        "structural_bottleneck": false,
        "importance": 1.0369100559687257,
        "signal_id": "SIG031"
      }
    },
    {
      "type": "Feature",
      "geometry": {
        "type": "LineString",
        "coordinates": [
          [
            78.5225294,
            17.4321872
          ],
          [
            78.5232167,
            17.4309384
          ],
          [
            78.5238759,
            17.429612
          ],
          [
            78.5245393,
            17.4282331
          ],
          [
            78.5252002,
            17.4268127
          ],
          [
            78.5258304,
            17.4253543
          ],
          [
            78.5263973,
            17.4238595
          ],
          [
            78.5268827,
            17.4223352
          ],
          [
            78.5272937,
            17.4207976
          ],
          [
            78.527659,
            17.4192705
          ],
          [
            78.5280118,
            17.4177794
          ],
          [
            78.5283707,
            17.4163445
          ],
          [
            78.5287426,
            17.4149819
          ]
        ]
      },
      "properties": {
        "segment_id": "R0220",
        "source_node": "N069",
        "target_node": "N057",
        "road_class": "arterial",
        "lanes": 2,
        "free_flow_speed_kmh": 40.0,
        "capacity_vph": 2070.0,
        "length_km": 1.217,
        "grade_pct": -1.21,
        "structural_bottleneck": false,
        "importance": 1.1914757262343123,
        "signal_id": "SIG038"
      }
    },
    {
      "type": "Feature",
      "geometry": {
        "type": "LineString",
        "coordinates": [
          [
            78.5484216,
            17.4191346
          ],
          [
            78.5498949,
            17.4189872
          ],
          [
            78.5514307,
            17.4188615
          ],
          [
            78.5530095,
            17.4188013
          ],
          [
            78.5546154,
            17.4188269
          ],
          [
            78.5562316,
            17.4189635
          ],
          [
            78.5578437,
            17.4192205
          ],
          [
            78.5594411,
            17.4195804
          ],
          [
            78.5610163,
            17.4200038
          ],
          [
            78.5625625,
            17.4204464
          ],
          [
            78.5640708,
            17.4208796
          ],
          [
            78.5655282,
            17.4213016
          ],
          [
            78.5669124,
            17.4217784
          ]
        ]
      },
      "properties": {
        "segment_id": "R0221",
        "source_node": "N058",
        "target_node": "N059",
        "road_class": "collector",
        "lanes": 1,
        "free_flow_speed_kmh": 40.0,
        "capacity_vph": 900.0,
        "length_km": 1.635,
        "grade_pct": 1.11,
        "structural_bottleneck": false,
        "importance": 0.7242744804018795,
        "signal_id": "SIG036"
      }
    },
    {
      "type": "Feature",
      "geometry": {
        "type": "LineString",
        "coordinates": [
          [
            78.5669746,
            17.4213428
          ],
          [
            78.5656036,
            17.4207747
          ],
          [
            78.56417,
            17.4201854
          ],
          [
            78.5626725,
            17.4196773
          ],
          [
            78.5611199,
            17.4192792
          ],
          [
            78.5595235,
            17.4190038
          ],
          [
            78.5578985,
            17.418837
          ],
          [
            78.5562632,
            17.4187427
          ],
          [
            78.5546363,
            17.4186804
          ],
          [
            78.5530346,
            17.4186256
          ],
          [
            78.5514709,
            17.4185805
          ],
          [
            78.5499547,
            17.4185693
          ],
          [
            78.5484838,
            17.418699
          ]
        ]
      },
      "properties": {
        "segment_id": "R0222",
        "source_node": "N059",
        "target_node": "N058",
        "road_class": "collector",
        "lanes": 3,
        "free_flow_speed_kmh": 40.0,
        "capacity_vph": 2700.0,
        "length_km": 0.886,
        "grade_pct": 2.62,
        "structural_bottleneck": false,
        "importance": 0.6960414811213196,
        "signal_id": "SIG037"
      }
    },
    {
      "type": "Feature",
      "geometry": {
        "type": "LineString",
        "coordinates": [
          [
            78.5482366,
            17.4188757
          ],
          [
            78.548102,
            17.420166
          ],
          [
            78.547998,
            17.4215215
          ],
          [
            78.5478315,
            17.4229126
          ],
          [
            78.5475885,
            17.4243248
          ],
          [
            78.5472819,
            17.4257486
          ],
          [
            78.5469461,
            17.4271788
          ],
          [
            78.5466197,
            17.4286107
          ],
          [
            78.5463251,
            17.4300368
          ],
          [
            78.5460583,
            17.4314445
          ],
          [
            78.5457933,
            17.4328169
          ],
          [
            78.5455003,
            17.4341364
          ],
          [
            78.5451022,
            17.4353766
          ]
        ]
      },
      "properties": {
        "segment_id": "R0223",
        "source_node": "N058",
        "target_node": "N070",
        "road_class": "collector",
        "lanes": 1,
        "free_flow_speed_kmh": 40.0,
        "capacity_vph": 900.0,
        "length_km": 0.865,
        "grade_pct": 3.64,
        "structural_bottleneck": false,
        "importance": 0.5629345078940322,
        "signal_id": "SIG030"
      }
    },
    {
      "type": "Feature",
      "geometry": {
        "type": "LineString",
        "coordinates": [
          [
            78.5455344,
            17.4354588
          ],
          [
            78.54595,
            17.4342218
          ],
          [
            78.5463288,
            17.4329186
          ],
          [
            78.5466423,
            17.4315554
          ],
          [
            78.5468994,
            17.4301459
          ],
          [
            78.5471307,
            17.4287078
          ],
          [
            78.5473704,
            17.4272594
          ],
          [
            78.5476364,
            17.4258159
          ],
          [
            78.54792,
            17.4243877
          ],
          [
            78.548191,
            17.4229809
          ],
          [
            78.5484153,
            17.4216008
          ],
          [
            78.5485752,
            17.4202559
          ],
          [
            78.5486688,
            17.4189579
          ]
        ]
      },
      "properties": {
        "segment_id": "R0224",
        "source_node": "N070",
        "target_node": "N058",
        "road_class": "collector",
        "lanes": 3,
        "free_flow_speed_kmh": 50.0,
        "capacity_vph": 2700.0,
        "length_km": 1.077,
        "grade_pct": 1.72,
        "structural_bottleneck": false,
        "importance": 0.7939060091292124,
        "signal_id": "SIG037"
      }
    },
    {
      "type": "Feature",
      "geometry": {
        "type": "LineString",
        "coordinates": [
          [
            78.566899,
            17.421776
          ],
          [
            78.5678562,
            17.4214401
          ],
          [
            78.5688108,
            17.4213105
          ],
          [
            78.5697685,
            17.421321
          ],
          [
            78.5707296,
            17.4214314
          ],
          [
            78.5716949,
            17.4215985
          ],
          [
            78.5726621,
            17.4217955
          ],
          [
            78.5736232,
            17.422022
          ],
          [
            78.5745658,
            17.4222991
          ],
          [
            78.5754769,
            17.4226513
          ],
          [
            78.5763468,
            17.4230866
          ],
          [
            78.5771713,
            17.4235864
          ],
          [
            78.5779606,
            17.4240628
          ]
        ]
      },
      "properties": {
        "segment_id": "R0225",
        "source_node": "N059",
        "target_node": "N060",
        "road_class": "collector",
        "lanes": 2,
        "free_flow_speed_kmh": 60.0,
        "capacity_vph": 1800.0,
        "length_km": 0.995,
        "grade_pct": 3.43,
        "structural_bottleneck": false,
        "importance": 0.8373218488562396,
        "signal_id": "SIG074"
      }
    },
    {
      "type": "Feature",
      "geometry": {
        "type": "LineString",
        "coordinates": [
          [
            78.5780496,
            17.423632
          ],
          [
            78.5773007,
            17.4229602
          ],
          [
            78.5764682,
            17.4224994
          ],
          [
            78.5755837,
            17.4221349
          ],
          [
            78.5746635,
            17.4218266
          ],
          [
            78.5737206,
            17.4215511
          ],
          [
            78.5727621,
            17.4213117
          ],
          [
            78.5717912,
            17.4211329
          ],
          [
            78.57081,
            17.4210421
          ],
          [
            78.5698244,
            17.4210504
          ],
          [
            78.5688457,
            17.4211417
          ],
          [
            78.5678894,
            17.4212793
          ],
          [
            78.566988,
            17.4213452
          ]
        ]
      },
      "properties": {
        "segment_id": "R0226",
        "source_node": "N060",
        "target_node": "N059",
        "road_class": "collector",
        "lanes": 1,
        "free_flow_speed_kmh": 30.0,
        "capacity_vph": 900.0,
        "length_km": 1.723,
        "grade_pct": -3.6,
        "structural_bottleneck": false,
        "importance": 0.608101501405558,
        "signal_id": "SIG036"
      }
    },
    {
      "type": "Feature",
      "geometry": {
        "type": "LineString",
        "coordinates": [
          [
            78.5667287,
            17.4215133
          ],
          [
            78.5665811,
            17.4229434
          ],
          [
            78.5663174,
            17.424414
          ],
          [
            78.5660374,
            17.4259337
          ],
          [
            78.5657635,
            17.4274944
          ],
          [
            78.5654911,
            17.4290818
          ],
          [
            78.5651951,
            17.4306772
          ],
          [
            78.5648473,
            17.4322612
          ],
          [
            78.5644365,
            17.4338182
          ],
          [
            78.5639782,
            17.4353382
          ],
          [
            78.5635085,
            17.4368162
          ],
          [
            78.5630667,
            17.4382475
          ],
          [
            78.5627358,
            17.4396373
          ]
        ]
      },
      "properties": {
        "segment_id": "R0227",
        "source_node": "N059",
        "target_node": "N071",
        "road_class": "collector",
        "lanes": 2,
        "free_flow_speed_kmh": 60.0,
        "capacity_vph": 1800.0,
        "length_km": 0.975,
        "grade_pct": 3.44,
        "structural_bottleneck": false,
        "importance": 0.6683024967362503,
        "signal_id": null
      }
    },
    {
      "type": "Feature",
      "geometry": {
        "type": "LineString",
        "coordinates": [
          [
            78.5631654,
            17.4397319
          ],
          [
            78.5635829,
            17.4383612
          ],
          [
            78.5639974,
            17.4369239
          ],
          [
            78.5644326,
            17.4354384
          ],
          [
            78.5648786,
            17.4339156
          ],
          [
            78.5653043,
            17.4323619
          ],
          [
            78.5656765,
            17.4307833
          ],
          [
            78.5659789,
            17.4291893
          ],
          [
            78.5662218,
            17.4275954
          ],
          [
            78.5664364,
            17.4260216
          ],
          [
            78.5666562,
            17.4244886
          ],
          [
            78.5668978,
            17.4230132
          ],
          [
            78.5671583,
            17.4216079
          ]
        ]
      },
      "properties": {
        "segment_id": "R0228",
        "source_node": "N071",
        "target_node": "N059",
        "road_class": "collector",
        "lanes": 3,
        "free_flow_speed_kmh": 40.0,
        "capacity_vph": 2700.0,
        "length_km": 1.011,
        "grade_pct": 0.75,
        "structural_bottleneck": false,
        "importance": 0.8456118406666513,
        "signal_id": "SIG036"
      }
    },
    {
      "type": "Feature",
      "geometry": {
        "type": "LineString",
        "coordinates": [
          [
            78.5777873,
            17.4238163
          ],
          [
            78.577674,
            17.4252636
          ],
          [
            78.5776076,
            17.4267837
          ],
          [
            78.5775309,
            17.4283551
          ],
          [
            78.5774174,
            17.4299608
          ],
          [
            78.5772382,
            17.4315836
          ],
          [
            78.5769819,
            17.4332086
          ],
          [
            78.5766643,
            17.4348248
          ],
          [
            78.5763218,
            17.4364242
          ],
          [
            78.5759933,
            17.4379992
          ],
          [
            78.5756999,
            17.4395396
          ],
          [
            78.5754358,
            17.4410314
          ],
          [
            78.5751231,
            17.4424503
          ]
        ]
      },
      "properties": {
        "segment_id": "R0229",
        "source_node": "N060",
        "target_node": "N072",
        "road_class": "collector",
        "lanes": 2,
        "free_flow_speed_kmh": 40.0,
        "capacity_vph": 1800.0,
        "length_km": 1.078,
        "grade_pct": 1.68,
        "structural_bottleneck": false,
        "importance": 0.7617190416488229,
        "signal_id": "SIG076"
      }
    },
    {
      "type": "Feature",
      "geometry": {
        "type": "LineString",
        "coordinates": [
          [
            78.5755587,
            17.4425125
          ],
          [
            78.5758921,
            17.4410967
          ],
          [
            78.5762642,
            17.4396203
          ],
          [
            78.5766398,
            17.4380917
          ],
          [
            78.5769943,
            17.4365203
          ],
          [
            78.5772939,
            17.4349148
          ],
          [
            78.577517,
            17.4332851
          ],
          [
            78.5776676,
            17.431645
          ],
          [
            78.577774,
            17.4300118
          ],
          [
            78.5778737,
            17.4284041
          ],
          [
            78.5779918,
            17.4268386
          ],
          [
            78.578128,
            17.4253285
          ],
          [
            78.5782229,
            17.4238785
          ]
        ]
      },
      "properties": {
        "segment_id": "R0230",
        "source_node": "N072",
        "target_node": "N060",
        "road_class": "collector",
        "lanes": 2,
        "free_flow_speed_kmh": 50.0,
        "capacity_vph": 1800.0,
        "length_km": 0.783,
        "grade_pct": -2.26,
        "structural_bottleneck": false,
        "importance": 0.784482863003059,
        "signal_id": "SIG074"
      }
    },
    {
      "type": "Feature",
      "geometry": {
        "type": "LineString",
        "coordinates": [
          [
            78.3509473,
            17.4115396
          ],
          [
            78.3519041,
            17.4121769
          ],
          [
            78.352933,
            17.4125941
          ],
          [
            78.3540119,
            17.4129005
          ],
          [
            78.3551267,
            17.4131388
          ],
          [
            78.3562645,
            17.4133391
          ],
          [
            78.3574154,
            17.4135061
          ],
          [
            78.3585726,
            17.4136197
          ],
          [
            78.3597299,
            17.4136515
          ],
          [
            78.3608801,
            17.4135852
          ],
          [
            78.3620126,
            17.4134304
          ],
          [
            78.3631143,
            17.413221
          ],
          [
            78.3641621,
            17.4130751
          ]
        ]
      },
      "properties": {
        "segment_id": "R0231",
        "source_node": "N061",
        "target_node": "N062",
        "road_class": "collector",
        "lanes": 2,
        "free_flow_speed_kmh": 50.0,
        "capacity_vph": 1800.0,
        "length_km": 1.718,
        "grade_pct": -0.59,
        "structural_bottleneck": false,
        "importance": 0.6542518333358052,
        "signal_id": "SIG035"
      }
    },
    {
      "type": "Feature",
      "geometry": {
        "type": "LineString",
        "coordinates": [
          [
            78.3642129,
            17.4126381
          ],
          [
            78.3631409,
            17.4129922
          ],
          [
            78.3620455,
            17.4131477
          ],
          [
            78.3609225,
            17.41322
          ],
          [
            78.3597776,
            17.4132411
          ],
          [
            78.3586193,
            17.4132173
          ],
          [
            78.3574591,
            17.4131305
          ],
          [
            78.3563092,
            17.4129544
          ],
          [
            78.3551806,
            17.4126751
          ],
          [
            78.3540811,
            17.4123048
          ],
          [
            78.353016,
            17.4118798
          ],
          [
            78.3519892,
            17.4114448
          ],
          [
            78.3509981,
            17.4111026
          ]
        ]
      },
      "properties": {
        "segment_id": "R0232",
        "source_node": "N062",
        "target_node": "N061",
        "road_class": "collector",
        "lanes": 2,
        "free_flow_speed_kmh": 30.0,
        "capacity_vph": 1800.0,
        "length_km": 1.705,
        "grade_pct": -2.66,
        "structural_bottleneck": false,
        "importance": 0.6236621010572024,
        "signal_id": null
      }
    },
    {
      "type": "Feature",
      "geometry": {
        "type": "LineString",
        "coordinates": [
          [
            78.3507627,
            17.4112554
          ],
          [
            78.35067,
            17.4124517
          ],
          [
            78.3505095,
            17.4136821
          ],
          [
            78.3502442,
            17.4149239
          ],
          [
            78.3498846,
            17.4161693
          ],
          [
            78.349464,
            17.4174178
          ],
          [
            78.3490238,
            17.4186712
          ],
          [
            78.3485928,
            17.4199275
          ],
          [
            78.348175,
            17.4211769
          ],
          [
            78.3477511,
            17.4224022
          ],
          [
            78.3472942,
            17.4235841
          ],
          [
            78.3467896,
            17.4247068
          ],
          [
            78.3462252,
            17.4257555
          ]
        ]
      },
      "properties": {
        "segment_id": "R0233",
        "source_node": "N061",
        "target_node": "N073",
        "road_class": "collector",
        "lanes": 3,
        "free_flow_speed_kmh": 40.0,
        "capacity_vph": 2700.0,
        "length_km": 1.026,
        "grade_pct": 0.56,
        "structural_bottleneck": false,
        "importance": 0.5679165534736873,
        "signal_id": "SIG075"
      }
    },
    {
      "type": "Feature",
      "geometry": {
        "type": "LineString",
        "coordinates": [
          [
            78.3466452,
            17.4258869
          ],
          [
            78.3472966,
            17.4248654
          ],
          [
            78.347829,
            17.4237514
          ],
          [
            78.3482834,
            17.4225688
          ],
          [
            78.3486875,
            17.4213373
          ],
          [
            78.3490762,
            17.4200788
          ],
          [
            78.3494721,
            17.4188115
          ],
          [
            78.3498726,
            17.4175457
          ],
          [
            78.350252,
            17.4162843
          ],
          [
            78.3505772,
            17.4150281
          ],
          [
            78.3508277,
            17.4137817
          ],
          [
            78.3510082,
            17.4125575
          ],
          [
            78.3511827,
            17.4113868
          ]
        ]
      },
      "properties": {
        "segment_id": "R0234",
        "source_node": "N073",
        "target_node": "N061",
        "road_class": "collector",
        "lanes": 2,
        "free_flow_speed_kmh": 50.0,
        "capacity_vph": 1800.0,
        "length_km": 1.373,
        "grade_pct": 0.84,
        "structural_bottleneck": false,
        "importance": 0.6060557557529869,
        "signal_id": null
      }
    },
    {
      "type": "Feature",
      "geometry": {
        "type": "LineString",
        "coordinates": [
          [
            78.3641542,
            17.4130741
          ],
          [
            78.365448,
            17.4136491
          ],
          [
            78.366801,
            17.4142441
          ],
          [
            78.3682157,
            17.4147612
          ],
          [
            78.3696843,
            17.4151712
          ],
          [
            78.3711967,
            17.4154582
          ],
          [
            78.3727387,
            17.4156324
          ],
          [
            78.3742929,
            17.4157275
          ],
          [
            78.3758403,
            17.415785
          ],
          [
            78.3773644,
            17.4158327
          ],
          [
            78.3788522,
            17.4158725
          ],
          [
            78.3802946,
            17.4158828
          ],
          [
            78.3816954,
            17.4157583
          ]
        ]
      },
      "properties": {
        "segment_id": "R0235",
        "source_node": "N062",
        "target_node": "N063",
        "road_class": "collector",
        "lanes": 1,
        "free_flow_speed_kmh": 60.0,
        "capacity_vph": 900.0,
        "length_km": 1.341,
        "grade_pct": -3.56,
        "structural_bottleneck": false,
        "importance": 0.6180317623490081,
        "signal_id": "SIG033"
      }
    },
    {
      "type": "Feature",
      "geometry": {
        "type": "LineString",
        "coordinates": [
          [
            78.381762,
            17.4153233
          ],
          [
            78.3803481,
            17.4155335
          ],
          [
            78.3788772,
            17.4157092
          ],
          [
            78.377376,
            17.4157564
          ],
          [
            78.375859,
            17.4156633
          ],
          [
            78.3743363,
            17.415444
          ],
          [
            78.3728146,
            17.4151365
          ],
          [
            78.3712996,
            17.4147857
          ],
          [
            78.3697988,
            17.414423
          ],
          [
            78.368324,
            17.4140536
          ],
          [
            78.3668904,
            17.4136593
          ],
          [
            78.3655144,
            17.4132147
          ],
          [
            78.3642208,
            17.4126391
          ]
        ]
      },
      "properties": {
        "segment_id": "R0236",
        "source_node": "N063",
        "target_node": "N062",
        "road_class": "collector",
        "lanes": 3,
        "free_flow_speed_kmh": 60.0,
        "capacity_vph": 2700.0,
        "length_km": 1.55,
        "grade_pct": -1.98,
        "structural_bottleneck": false,
        "importance": 0.5937923500292815,
        "signal_id": "SIG035"
      }
    },
    {
      "type": "Feature",
      "geometry": {
        "type": "LineString",
        "coordinates": [
          [
            78.3639756,
            17.4127976
          ],
          [
            78.3638316,
            17.4141547
          ],
          [
            78.363613,
            17.4155539
          ],
          [
            78.3633676,
            17.4169962
          ],
          [
            78.3630987,
            17.4184697
          ],
          [
            78.3627864,
            17.4199564
          ],
          [
            78.3624046,
            17.4214363
          ],
          [
            78.3619402,
            17.4228932
          ],
          [
            78.3614058,
            17.4243181
          ],
          [
            78.3608371,
            17.4257081
          ],
          [
            78.360276,
            17.4270625
          ],
          [
            78.3597513,
            17.4283766
          ],
          [
            78.3592855,
            17.429644
          ]
        ]
      },
      "properties": {
        "segment_id": "R0237",
        "source_node": "N062",
        "target_node": "N074",
        "road_class": "collector",
        "lanes": 3,
        "free_flow_speed_kmh": 30.0,
        "capacity_vph": 2700.0,
        "length_km": 1.287,
        "grade_pct": 1.72,
        "structural_bottleneck": false,
        "importance": 0.5747697762128082,
        "signal_id": "SIG026"
      }
    },
    {
      "type": "Feature",
      "geometry": {
        "type": "LineString",
        "coordinates": [
          [
            78.3597093,
            17.429762
          ],
          [
            78.36026,
            17.4285182
          ],
          [
            78.3608465,
            17.4272213
          ],
          [
            78.3614255,
            17.4258719
          ],
          [
            78.3619707,
            17.4244753
          ],
          [
            78.3624494,
            17.423035
          ],
          [
            78.3628426,
            17.4215583
          ],
          [
            78.3631571,
            17.4200596
          ],
          [
            78.363422,
            17.4185597
          ],
          [
            78.3636733,
            17.4170813
          ],
          [
            78.3639327,
            17.415643
          ],
          [
            78.3641968,
            17.4142563
          ],
          [
            78.3643994,
            17.4129156
          ]
        ]
      },
      "properties": {
        "segment_id": "R0238",
        "source_node": "N074",
        "target_node": "N062",
        "road_class": "collector",
        "lanes": 2,
        "free_flow_speed_kmh": 60.0,
        "capacity_vph": 1800.0,
        "length_km": 0.892,
        "grade_pct": -3.18,
        "structural_bottleneck": false,
        "importance": 0.7334296675578459,
        "signal_id": "SIG035"
      }
    },
    {
      "type": "Feature",
      "geometry": {
        "type": "LineString",
        "coordinates": [
          [
            78.3817027,
            17.4158597
          ],
          [
            78.3836751,
            17.4165166
          ],
          [
            78.3857561,
            17.4169605
          ],
          [
            78.3879184,
            17.4173045
          ],
          [
            78.3901403,
            17.41759
          ],
          [
            78.3924014,
            17.417844
          ],
          [
            78.3946832,
            17.418067
          ],
          [
            78.3969694,
            17.4182363
          ],
          [
            78.3992441,
            17.4183227
          ],
          [
            78.4014901,
            17.4183115
          ],
          [
            78.4036883,
            17.4182148
          ],
          [
            78.4058175,
            17.4180676
          ],
          [
            78.4078497,
            17.417989
          ]
        ]
      },
      "properties": {
        "segment_id": "R0239",
        "source_node": "N063",
        "target_node": "N064",
        "road_class": "arterial",
        "lanes": 1,
        "free_flow_speed_kmh": 50.0,
        "capacity_vph": 1035.0,
        "length_km": 0.787,
        "grade_pct": -1.94,
        "structural_bottleneck": false,
        "importance": 1.3878356005574155,
        "signal_id": "SIG034"
      }
    },
    {
      "type": "Feature",
      "geometry": {
        "type": "LineString",
        "coordinates": [
          [
            78.4079017,
            17.4173512
          ],
          [
            78.4058484,
            17.4176884
          ],
          [
            78.4037221,
            17.4178001
          ],
          [
            78.4015327,
            17.4177891
          ],
          [
            78.3992947,
            17.4177002
          ],
          [
            78.3970236,
            17.41757
          ],
          [
            78.3947366,
            17.4174106
          ],
          [
            78.3924531,
            17.4172083
          ],
          [
            78.3901935,
            17.4169366
          ],
          [
            78.3879776,
            17.4165773
          ],
          [
            78.3858232,
            17.4161364
          ],
          [
            78.3837459,
            17.4156461
          ],
          [
            78.3817547,
            17.4152219
          ]
        ]
      },
      "properties": {
        "segment_id": "R0240",
        "source_node": "N064",
        "target_node": "N063",
        "road_class": "arterial",
        "lanes": 2,
        "free_flow_speed_kmh": 30.0,
        "capacity_vph": 2070.0,
        "length_km": 1.391,
        "grade_pct": -2.74,
        "structural_bottleneck": false,
        "importance": 1.1072915175192644,
        "signal_id": "SIG033"
      }
    },
    {
      "type": "Feature",
      "geometry": {
        "type": "LineString",
        "coordinates": [
          [
            78.381409,
            17.4155265
          ],
          [
            78.3814645,
            17.4168693
          ],
          [
            78.3815778,
            17.4182752
          ],
          [
            78.3816403,
            17.4197272
          ],
          [
            78.3816283,
            17.4212122
          ],
          [
            78.3815422,
            17.422718
          ],
          [
            78.3814087,
            17.4242338
          ],
          [
            78.3812668,
            17.4257492
          ],
          [
            78.381147,
            17.4272535
          ],
          [
            78.3810552,
            17.4287349
          ],
          [
            78.3809715,
            17.4301804
          ],
          [
            78.3808632,
            17.4315763
          ],
          [
            78.3806306,
            17.4329063
          ]
        ]
      },
      "properties": {
        "segment_id": "R0241",
        "source_node": "N063",
        "target_node": "N075",
        "road_class": "arterial",
        "lanes": 2,
        "free_flow_speed_kmh": 60.0,
        "capacity_vph": 2070.0,
        "length_km": 1.476,
        "grade_pct": -1.03,
        "structural_bottleneck": false,
        "importance": 1.2973123975960212,
        "signal_id": "SIG027"
      }
    },
    {
      "type": "Feature",
      "geometry": {
        "type": "LineString",
        "coordinates": [
          [
            78.38127,
            17.4329349
          ],
          [
            78.3815158,
            17.4316056
          ],
          [
            78.3817458,
            17.430215
          ],
          [
            78.3819001,
            17.4287727
          ],
          [
            78.3819786,
            17.4272908
          ],
          [
            78.3820076,
            17.4257824
          ],
          [
            78.3820249,
            17.4242614
          ],
          [
            78.3820599,
            17.4227412
          ],
          [
            78.3821173,
            17.4212341
          ],
          [
            78.3821758,
            17.4197512
          ],
          [
            78.382202,
            17.4183032
          ],
          [
            78.3821713,
            17.416901
          ],
          [
            78.3820484,
            17.4155551
          ]
        ]
      },
      "properties": {
        "segment_id": "R0242",
        "source_node": "N075",
        "target_node": "N063",
        "road_class": "arterial",
        "lanes": 2,
        "free_flow_speed_kmh": 30.0,
        "capacity_vph": 2070.0,
        "length_km": 1.257,
        "grade_pct": -3.96,
        "structural_bottleneck": false,
        "importance": 1.0080571850987945,
        "signal_id": "SIG033"
      }
    },
    {
      "type": "Feature",
      "geometry": {
        "type": "LineString",
        "coordinates": [
          [
            78.4078596,
            17.4178895
          ],
          [
            78.4094662,
            17.418341
          ],
          [
            78.4111485,
            17.4187689
          ],
          [
            78.4128931,
            17.4191548
          ],
          [
            78.4146864,
            17.4194809
          ],
          [
            78.4165159,
            17.4197178
          ],
          [
            78.4183682,
            17.419845
          ],
          [
            78.4202282,
            17.4198669
          ],
          [
            78.422079,
            17.4198136
          ],
          [
            78.4239026,
            17.419727
          ],
          [
            78.4256819,
            17.41964
          ],
          [
            78.4274015,
            17.4195606
          ],
          [
            78.4290497,
            17.4194446
          ]
        ]
      },
      "properties": {
        "segment_id": "R0243",
        "source_node": "N064",
        "target_node": "N065",
        "road_class": "collector",
        "lanes": 2,
        "free_flow_speed_kmh": 40.0,
        "capacity_vph": 1800.0,
        "length_km": 0.977,
        "grade_pct": -2.78,
        "structural_bottleneck": false,
        "importance": 0.7960949927462735,
        "signal_id": "SIG032"
      }
    },
    {
      "type": "Feature",
      "geometry": {
        "type": "LineString",
        "coordinates": [
          [
            78.4290819,
            17.4190058
          ],
          [
            78.4274268,
            17.4192149
          ],
          [
            78.4256968,
            17.4194372
          ],
          [
            78.4239131,
            17.4195845
          ],
          [
            78.4220925,
            17.4196293
          ],
          [
            78.4202512,
            17.4195537
          ],
          [
            78.4184035,
            17.4193646
          ],
          [
            78.4165616,
            17.4190945
          ],
          [
            78.4147373,
            17.4187876
          ],
          [
            78.4129427,
            17.4184785
          ],
          [
            78.4111919,
            17.4181772
          ],
          [
            78.4095009,
            17.4178678
          ],
          [
            78.4078918,
            17.4174507
          ]
        ]
      },
      "properties": {
        "segment_id": "R0244",
        "source_node": "N065",
        "target_node": "N064",
        "road_class": "collector",
        "lanes": 2,
        "free_flow_speed_kmh": 40.0,
        "capacity_vph": 1800.0,
        "length_km": 1.533,
        "grade_pct": -0.56,
        "structural_bottleneck": false,
        "importance": 0.6577483067780778,
        "signal_id": "SIG034"
      }
    },
    {
      "type": "Feature",
      "geometry": {
        "type": "LineString",
        "coordinates": [
          [
            78.4076666,
            17.4176016
          ],
          [
            78.4074578,
            17.4189423
          ],
          [
            78.4070978,
            17.4202971
          ],
          [
            78.4066988,
            17.42169
          ],
          [
            78.4062927,
            17.4231186
          ],
          [
            78.4058875,
            17.424573
          ],
          [
            78.4054668,
            17.4260351
          ],
          [
            78.4050035,
            17.4274831
          ],
          [
            78.4044797,
            17.4288986
          ],
          [
            78.4039014,
            17.4302708
          ],
          [
            78.4032987,
            17.4315969
          ],
          [
            78.4027127,
            17.4328776
          ],
          [
            78.4022464,
            17.434134
          ]
        ]
      },
      "properties": {
        "segment_id": "R0245",
        "source_node": "N064",
        "target_node": "N076",
        "road_class": "collector",
        "lanes": 2,
        "free_flow_speed_kmh": 30.0,
        "capacity_vph": 1800.0,
        "length_km": 0.815,
        "grade_pct": 2.29,
        "structural_bottleneck": false,
        "importance": 0.7760284042779744,
        "signal_id": null
      }
    },
    {
      "type": "Feature",
      "geometry": {
        "type": "LineString",
        "coordinates": [
          [
            78.4026646,
            17.434271
          ],
          [
            78.4032393,
            17.4330502
          ],
          [
            78.4037737,
            17.4317527
          ],
          [
            78.4043225,
            17.4304089
          ],
          [
            78.404886,
            17.4290318
          ],
          [
            78.40544,
            17.4276262
          ],
          [
            78.4059501,
            17.4261935
          ],
          [
            78.4063914,
            17.4247382
          ],
          [
            78.4067627,
            17.4232727
          ],
          [
            78.4070871,
            17.4218173
          ],
          [
            78.4073984,
            17.4203956
          ],
          [
            78.4077207,
            17.4190285
          ],
          [
            78.4080848,
            17.4177386
          ]
        ]
      },
      "properties": {
        "segment_id": "R0246",
        "source_node": "N076",
        "target_node": "N064",
        "road_class": "collector",
        "lanes": 3,
        "free_flow_speed_kmh": 40.0,
        "capacity_vph": 2700.0,
        "length_km": 1.323,
        "grade_pct": -1.31,
        "structural_bottleneck": false,
        "importance": 0.6680647276518019,
        "signal_id": "SIG034"
      }
    },
    {
      "type": "Feature",
      "geometry": {
        "type": "LineString",
        "coordinates": [
          [
            78.4290412,
            17.4194438
          ],
          [
            78.4309549,
            17.4201161
          ],
          [
            78.4329757,
            17.4206342
          ],
          [
            78.4350818,
            17.4210325
          ],
          [
            78.4372519,
            17.4213407
          ],
          [
            78.4394635,
            17.4215992
          ],
          [
            78.4416952,
            17.4218385
          ],
          [
            78.4439285,
            17.4220636
          ],
          [
            78.4461477,
            17.4222543
          ],
          [
            78.4483383,
            17.42238
          ],
          [
            78.4504847,
            17.4224199
          ],
          [
            78.4525684,
            17.4223787
          ],
          [
            78.4545649,
            17.4223157
          ]
        ]
      },
      "properties": {
        "segment_id": "R0247",
        "source_node": "N065",
        "target_node": "N066",
        "road_class": "collector",
        "lanes": 2,
        "free_flow_speed_kmh": 30.0,
        "capacity_vph": 1800.0,
        "length_km": 1.322,
        "grade_pct": -1.11,
        "structural_bottleneck": false,
        "importance": 0.5962591134047974,
        "signal_id": null
      }
    },
    {
      "type": "Feature",
      "geometry": {
        "type": "LineString",
        "coordinates": [
          [
            78.4546141,
            17.4218785
          ],
          [
            78.4525988,
            17.4221089
          ],
          [
            78.4505183,
            17.4221213
          ],
          [
            78.4483784,
            17.4220234
          ],
          [
            78.4461921,
            17.4218595
          ],
          [
            78.4439735,
            17.4216637
          ],
          [
            78.4417395,
            17.4214447
          ],
          [
            78.43951,
            17.4211861
          ],
          [
            78.4373059,
            17.420861
          ],
          [
            78.435147,
            17.4204532
          ],
          [
            78.4330503,
            17.4199715
          ],
          [
            78.4310299,
            17.4194499
          ],
          [
            78.4290904,
            17.4190066
          ]
        ]
      },
      "properties": {
        "segment_id": "R0248",
        "source_node": "N066",
        "target_node": "N065",
        "road_class": "collector",
        "lanes": 2,
        "free_flow_speed_kmh": 40.0,
        "capacity_vph": 1800.0,
        "length_km": 0.957,
        "grade_pct": -1.11,
        "structural_bottleneck": false,
        "importance": 0.6746196830321096,
        "signal_id": "SIG032"
      }
    },
    {
      "type": "Feature",
      "geometry": {
        "type": "LineString",
        "coordinates": [
          [
            78.4288472,
            17.4192006
          ],
          [
            78.4288782,
            17.4206379
          ],
          [
            78.4289392,
            17.4221432
          ],
          [
            78.428927,
            17.423692
          ],
          [
            78.428822,
            17.4252692
          ],
          [
            78.4286301,
            17.4268625
          ],
          [
            78.4283822,
            17.4284624
          ],
          [
            78.4281194,
            17.4300607
          ],
          [
            78.427872,
            17.4316478
          ],
          [
            78.4276448,
            17.4332113
          ],
          [
            78.4274178,
            17.434736
          ],
          [
            78.4271608,
            17.4362055
          ],
          [
            78.4267811,
            17.4375966
          ]
        ]
      },
      "properties": {
        "segment_id": "R0249",
        "source_node": "N065",
        "target_node": "N077",
        "road_class": "collector",
        "lanes": 2,
        "free_flow_speed_kmh": 60.0,
        "capacity_vph": 1800.0,
        "length_km": 1.314,
        "grade_pct": 2.76,
        "structural_bottleneck": false,
        "importance": 0.567366647463557,
        "signal_id": "SIG056"
      }
    },
    {
      "type": "Feature",
      "geometry": {
        "type": "LineString",
        "coordinates": [
          [
            78.4272183,
            17.4376458
          ],
          [
            78.4275828,
            17.4362529
          ],
          [
            78.4279993,
            17.4348013
          ],
          [
            78.4283578,
            17.4332914
          ],
          [
            78.428631,
            17.431733
          ],
          [
            78.4288136,
            17.4301387
          ],
          [
            78.4289276,
            17.4285237
          ],
          [
            78.4290106,
            17.4269052
          ],
          [
            78.4290961,
            17.4253
          ],
          [
            78.4291956,
            17.4237222
          ],
          [
            78.4292935,
            17.422183
          ],
          [
            78.4293584,
            17.4206918
          ],
          [
            78.4292844,
            17.4192498
          ]
        ]
      },
      "properties": {
        "segment_id": "R0250",
        "source_node": "N077",
        "target_node": "N065",
        "road_class": "collector",
        "lanes": 2,
        "free_flow_speed_kmh": 60.0,
        "capacity_vph": 1800.0,
        "length_km": 0.954,
        "grade_pct": -1.38,
        "structural_bottleneck": false,
        "importance": 0.8413143252869435,
        "signal_id": "SIG032"
      }
    },
    {
      "type": "Feature",
      "geometry": {
        "type": "LineString",
        "coordinates": [
          [
            78.4545386,
            17.422413
          ],
          [
            78.4568633,
            17.422508
          ],
          [
            78.4592869,
            17.4226444
          ],
          [
            78.4617773,
            17.4228897
          ],
          [
            78.4643136,
            17.423244
          ],
          [
            78.4668789,
            17.4236803
          ],
          [
            78.4694589,
            17.4241562
          ],
          [
            78.4720387,
            17.4246336
          ],
          [
            78.4745996,
            17.4250967
          ],
          [
            78.4771189,
            17.4255564
          ],
          [
            78.4795711,
            17.4260392
          ],
          [
            78.4819317,
            17.4265671
          ],
          [
            78.484172,
            17.4271855
          ]
        ]
      },
      "properties": {
        "segment_id": "R0251",
        "source_node": "N066",
        "target_node": "N067",
        "road_class": "arterial",
        "lanes": 2,
        "free_flow_speed_kmh": 40.0,
        "capacity_vph": 2070.0,
        "length_km": 1.391,
        "grade_pct": 0.4,
        "structural_bottleneck": true,
        "importance": 1.067662202152795,
        "signal_id": "SIG029"
      }
    },
    {
      "type": "Feature",
      "geometry": {
        "type": "LineString",
        "coordinates": [
          [
            78.4842738,
            17.4265537
          ],
          [
            78.4820465,
            17.4258538
          ],
          [
            78.4796975,
            17.4252543
          ],
          [
            78.4772493,
            17.4247469
          ],
          [
            78.4747261,
            17.4243111
          ],
          [
            78.4721551,
            17.4239107
          ],
          [
            78.4695623,
            17.4235143
          ],
          [
            78.4669702,
            17.423113
          ],
          [
            78.4643973,
            17.4227245
          ],
          [
            78.4618591,
            17.4223817
          ],
          [
            78.4593724,
            17.4221131
          ],
          [
            78.4569573,
            17.4219245
          ],
          [
            78.4546404,
            17.4217812
          ]
        ]
      },
      "properties": {
        "segment_id": "R0252",
        "source_node": "N067",
        "target_node": "N066",
        "road_class": "arterial",
        "lanes": 1,
        "free_flow_speed_kmh": 60.0,
        "capacity_vph": 1035.0,
        "length_km": 1.165,
        "grade_pct": 2.77,
        "structural_bottleneck": true,
        "importance": 1.4238012611626163,
        "signal_id": null
      }
    },
    {
      "type": "Feature",
      "geometry": {
        "type": "LineString",
        "coordinates": [
          [
            78.45428,
            17.4220156
          ],
          [
            78.4542196,
            17.4236522
          ],
          [
            78.4539667,
            17.4253126
          ],
          [
            78.4536132,
            17.4270061
          ],
          [
            78.4532016,
            17.4287291
          ],
          [
            78.4527693,
            17.4304765
          ],
          [
            78.452332,
            17.4322374
          ],
          [
            78.451879,
            17.4339942
          ],
          [
            78.4513849,
            17.4357253
          ],
          [
            78.4508294,
            17.4374104
          ],
          [
            78.450214,
            17.439035
          ],
          [
            78.4495664,
            17.4405915
          ],
          [
            78.4489932,
            17.442093
          ]
        ]
      },
      "properties": {
        "segment_id": "R0253",
        "source_node": "N066",
        "target_node": "N078",
        "road_class": "arterial",
        "lanes": 2,
        "free_flow_speed_kmh": 50.0,
        "capacity_vph": 2070.0,
        "length_km": 1.417,
        "grade_pct": 3.61,
        "structural_bottleneck": true,
        "importance": 1.0133264932173498,
        "signal_id": "SIG058"
      }
    },
    {
      "type": "Feature",
      "geometry": {
        "type": "LineString",
        "coordinates": [
          [
            78.4496122,
            17.442256
          ],
          [
            78.4501732,
            17.4407513
          ],
          [
            78.4506249,
            17.4391432
          ],
          [
            78.4510754,
            17.4374752
          ],
          [
            78.4515517,
            17.4357692
          ],
          [
            78.4520589,
            17.4340416
          ],
          [
            78.4525757,
            17.4323016
          ],
          [
            78.4530665,
            17.4305547
          ],
          [
            78.4535009,
            17.4288079
          ],
          [
            78.4538707,
            17.4270739
          ],
          [
            78.4541936,
            17.4253723
          ],
          [
            78.4545021,
            17.4237265
          ],
          [
            78.454899,
            17.4221786
          ]
        ]
      },
      "properties": {
        "segment_id": "R0254",
        "source_node": "N078",
        "target_node": "N066",
        "road_class": "arterial",
        "lanes": 1,
        "free_flow_speed_kmh": 30.0,
        "capacity_vph": 1035.0,
        "length_km": 0.975,
        "grade_pct": 1.21,
        "structural_bottleneck": true,
        "importance": 1.4261256929459745,
        "signal_id": null
      }
    },
    {
      "type": "Feature",
      "geometry": {
        "type": "LineString",
        "coordinates": [
          [
            78.4841993,
            17.4270883
          ],
          [
            78.4856985,
            17.4276431
          ],
          [
            78.4872733,
            17.4281487
          ],
          [
            78.488917,
            17.4285378
          ],
          [
            78.4906155,
            17.4288094
          ],
          [
            78.4923521,
            17.4289889
          ],
          [
            78.4941084,
            17.4291166
          ],
          [
            78.4958665,
            17.4292271
          ],
          [
            78.4976112,
            17.429332
          ],
          [
            78.4993299,
            17.4294161
          ],
          [
            78.501012,
            17.4294497
          ],
          [
            78.5026458,
            17.4294085
          ],
          [
            78.5042221,
            17.4292484
          ]
        ]
      },
      "properties": {
        "segment_id": "R0255",
        "source_node": "N067",
        "target_node": "N068",
        "road_class": "collector",
        "lanes": 3,
        "free_flow_speed_kmh": 60.0,
        "capacity_vph": 2700.0,
        "length_km": 1.487,
        "grade_pct": 1.17,
        "structural_bottleneck": false,
        "importance": 0.6280885618256132,
        "signal_id": "SIG028"
      }
    },
    {
      "type": "Feature",
      "geometry": {
        "type": "LineString",
        "coordinates": [
          [
            78.5042693,
            17.428811
          ],
          [
            78.5026808,
            17.4290837
          ],
          [
            78.5010387,
            17.429202
          ],
          [
            78.4993548,
            17.4291855
          ],
          [
            78.4976402,
            17.4290632
          ],
          [
            78.4959041,
            17.4288784
          ],
          [
            78.4941568,
            17.4286685
          ],
          [
            78.4924105,
            17.4284475
          ],
          [
            78.4906809,
            17.4282033
          ],
          [
            78.4889849,
            17.4279087
          ],
          [
            78.4873387,
            17.4275429
          ],
          [
            78.4857562,
            17.4271081
          ],
          [
            78.4842465,
            17.4266509
          ]
        ]
      },
      "properties": {
        "segment_id": "R0256",
        "source_node": "N068",
        "target_node": "N067",
        "road_class": "collector",
        "lanes": 3,
        "free_flow_speed_kmh": 60.0,
        "capacity_vph": 2700.0,
        "length_km": 1.347,
        "grade_pct": -0.52,
        "structural_bottleneck": false,
        "importance": 0.5914899437314629,
        "signal_id": "SIG029"
      }
    },
    {
      "type": "Feature",
      "geometry": {
        "type": "LineString",
        "coordinates": [
          [
            78.4840082,
            17.4268214
          ],
          [
            78.4837673,
            17.4281846
          ],
          [
            78.4835902,
            17.4296261
          ],
          [
            78.4833953,
            17.4311148
          ],
          [
            78.4831531,
            17.4326312
          ],
          [
            78.4828406,
            17.4341574
          ],
          [
            78.4824575,
            17.4356805
          ],
          [
            78.4820296,
            17.4371936
          ],
          [
            78.4815966,
            17.4386927
          ],
          [
            78.4811921,
            17.4401727
          ],
          [
            78.4808269,
            17.4416231
          ],
          [
            78.4804855,
            17.4430277
          ],
          [
            78.4800721,
            17.4443522
          ]
        ]
      },
      "properties": {
        "segment_id": "R0257",
        "source_node": "N067",
        "target_node": "N079",
        "road_class": "collector",
        "lanes": 3,
        "free_flow_speed_kmh": 50.0,
        "capacity_vph": 2700.0,
        "length_km": 1.386,
        "grade_pct": 2.07,
        "structural_bottleneck": false,
        "importance": 0.7608778971954675,
        "signal_id": "SIG057"
      }
    },
    {
      "type": "Feature",
      "geometry": {
        "type": "LineString",
        "coordinates": [
          [
            78.4805015,
            17.4444486
          ],
          [
            78.4809106,
            17.4431231
          ],
          [
            78.4813973,
            17.4417511
          ],
          [
            78.4818509,
            17.4403206
          ],
          [
            78.4822434,
            17.4388379
          ],
          [
            78.4825695,
            17.4373148
          ],
          [
            78.48285,
            17.4357686
          ],
          [
            78.4831195,
            17.43422
          ],
          [
            78.4834059,
            17.432688
          ],
          [
            78.4837143,
            17.4311864
          ],
          [
            78.4840237,
            17.4297235
          ],
          [
            78.4842994,
            17.4283041
          ],
          [
            78.4844376,
            17.4269178
          ]
        ]
      },
      "properties": {
        "segment_id": "R0258",
        "source_node": "N079",
        "target_node": "N067",
        "road_class": "collector",
        "lanes": 2,
        "free_flow_speed_kmh": 60.0,
        "capacity_vph": 1800.0,
        "length_km": 1.071,
        "grade_pct": -1.77,
        "structural_bottleneck": false,
        "importance": 0.564114002094531,
        "signal_id": "SIG029"
      }
    },
    {
      "type": "Feature",
      "geometry": {
        "type": "LineString",
        "coordinates": [
          [
            78.5042089,
            17.4292466
          ],
          [
            78.5055305,
            17.4298499
          ],
          [
            78.5069352,
            17.4303417
          ],
          [
            78.5083979,
            17.4307948
          ],
          [
            78.509904,
            17.431219
          ],
          [
            78.5114436,
            17.4315976
          ],
          [
            78.5130088,
            17.4319006
          ],
          [
            78.5145907,
            17.4321047
          ],
          [
            78.5161766,
            17.4322101
          ],
          [
            78.517749,
            17.432243
          ],
          [
            78.5192885,
            17.4322435
          ],
          [
            78.5207764,
            17.4322445
          ],
          [
            78.5221916,
            17.4322954
          ]
        ]
      },
      "properties": {
        "segment_id": "R0259",
        "source_node": "N068",
        "target_node": "N069",
        "road_class": "collector",
        "lanes": 2,
        "free_flow_speed_kmh": 50.0,
        "capacity_vph": 1800.0,
        "length_km": 0.994,
        "grade_pct": -3.66,
        "structural_bottleneck": false,
        "importance": 0.7914819892090794,
        "signal_id": "SIG031"
      }
    },
    {
      "type": "Feature",
      "geometry": {
        "type": "LineString",
        "coordinates": [
          [
            78.5222652,
            17.4318616
          ],
          [
            78.5208153,
            17.4320149
          ],
          [
            78.5193283,
            17.4320087
          ],
          [
            78.5178004,
            17.43194
          ],
          [
            78.5162409,
            17.4318311
          ],
          [
            78.5146632,
            17.4316773
          ],
          [
            78.5130843,
            17.431455
          ],
          [
            78.511521,
            17.4311407
          ],
          [
            78.5099869,
            17.4307304
          ],
          [
            78.5084908,
            17.430247
          ],
          [
            78.5070385,
            17.4297325
          ],
          [
            78.5056359,
            17.4292286
          ],
          [
            78.5042825,
            17.4288128
          ]
        ]
      },
      "properties": {
        "segment_id": "R0260",
        "source_node": "N069",
        "target_node": "N068",
        "road_class": "collector",
        "lanes": 2,
        "free_flow_speed_kmh": 50.0,
        "capacity_vph": 1800.0,
        "length_km": 1.765,
        "grade_pct": -0.52,
        "structural_bottleneck": false,
        "importance": 0.7853971760896794,
        "signal_id": "SIG028"
      }
    },
    {
      "type": "Feature",
      "geometry": {
        "type": "LineString",
        "coordinates": [
          [
            78.5040313,
            17.4289805
          ],
          [
            78.5040106,
            17.4302229
          ],
          [
            78.5038959,
            17.4315
          ],
          [
            78.503682,
            17.4327993
          ],
          [
            78.503389,
            17.4341142
          ],
          [
            78.5030554,
            17.4354424
          ],
          [
            78.5027191,
            17.4367811
          ],
          [
            78.502399,
            17.4381236
          ],
          [
            78.5020868,
            17.4394566
          ],
          [
            78.5017561,
            17.4407629
          ],
          [
            78.5013807,
            17.4420251
          ],
          [
            78.500954,
            17.4432306
          ],
          [
            78.5004976,
            17.444373
          ]
        ]
      },
      "properties": {
        "segment_id": "R0261",
        "source_node": "N068",
        "target_node": "N080",
        "road_class": "collector",
        "lanes": 2,
        "free_flow_speed_kmh": 40.0,
        "capacity_vph": 1800.0,
        "length_km": 1.735,
        "grade_pct": -0.08,
        "structural_bottleneck": false,
        "importance": 0.7033594248499614,
        "signal_id": "SIG059"
      }
    },
    {
      "type": "Feature",
      "geometry": {
        "type": "LineString",
        "coordinates": [
          [
            78.5009264,
            17.4444714
          ],
          [
            78.5014798,
            17.4433513
          ],
          [
            78.5018937,
            17.4421429
          ],
          [
            78.5022406,
            17.4408741
          ],
          [
            78.5025545,
            17.439564
          ],
          [
            78.5028682,
            17.4382313
          ],
          [
            78.5031956,
            17.4368905
          ],
          [
            78.5035233,
            17.4355498
          ],
          [
            78.50382,
            17.4342132
          ],
          [
            78.5040549,
            17.4328849
          ],
          [
            78.504217,
            17.4315737
          ],
          [
            78.5043218,
            17.4302943
          ],
          [
            78.5044601,
            17.4290789
          ]
        ]
      },
      "properties": {
        "segment_id": "R0262",
        "source_node": "N080",
        "target_node": "N068",
        "road_class": "collector",
        "lanes": 1,
        "free_flow_speed_kmh": 60.0,
        "capacity_vph": 900.0,
        "length_km": 1.742,
        "grade_pct": 2.73,
        "structural_bottleneck": false,
        "importance": 0.6761203914844227,
        "signal_id": "SIG028"
      }
    },
    {
      "type": "Feature",
      "geometry": {
        "type": "LineString",
        "coordinates": [
          [
            78.5221826,
            17.4323952
          ],
          [
            78.5239082,
            17.4330091
          ],
          [
            78.5257123,
            17.4336457
          ],
          [
            78.5275941,
            17.4341977
          ],
          [
            78.5295412,
            17.434638
          ],
          [
            78.5315383,
            17.4349595
          ],
          [
            78.5335659,
            17.4351823
          ],
          [
            78.5356023,
            17.4353447
          ],
          [
            78.5376257,
            17.4354842
          ],
          [
            78.5396171,
            17.4356179
          ],
          [
            78.5415617,
            17.435736
          ],
          [
            78.5434472,
            17.4358102
          ],
          [
            78.5452725,
            17.4357344
          ]
        ]
      },
      "properties": {
        "segment_id": "R0263",
        "source_node": "N069",
        "target_node": "N070",
        "road_class": "arterial",
        "lanes": 2,
        "free_flow_speed_kmh": 40.0,
        "capacity_vph": 2070.0,
        "length_km": 1.723,
        "grade_pct": 3.95,
        "structural_bottleneck": false,
        "importance": 0.9899835924417376,
        "signal_id": "SIG030"
      }
    },
    {
      "type": "Feature",
      "geometry": {
        "type": "LineString",
        "coordinates": [
          [
            78.5453641,
            17.435101
          ],
          [
            78.543527,
            17.4352587
          ],
          [
            78.5416167,
            17.4353558
          ],
          [
            78.5396606,
            17.4353173
          ],
          [
            78.5376753,
            17.4351409
          ],
          [
            78.5356736,
            17.4348519
          ],
          [
            78.5336656,
            17.4344933
          ],
          [
            78.5316616,
            17.434107
          ],
          [
            78.5296748,
            17.4337144
          ],
          [
            78.5277225,
            17.4333101
          ],
          [
            78.5258244,
            17.4328702
          ],
          [
            78.5240002,
            17.4323724
          ],
          [
            78.5222742,
            17.4317618
          ]
        ]
      },
      "properties": {
        "segment_id": "R0264",
        "source_node": "N070",
        "target_node": "N069",
        "road_class": "arterial",
        "lanes": 2,
        "free_flow_speed_kmh": 60.0,
        "capacity_vph": 2070.0,
        "length_km": 1.361,
        "grade_pct": -2.09,
        "structural_bottleneck": false,
        "importance": 1.144600801542996,
        "signal_id": "SIG031"
      }
    },
    {
      "type": "Feature",
      "geometry": {
        "type": "LineString",
        "coordinates": [
          [
            78.5219095,
            17.4320521
          ],
          [
            78.5219611,
            17.4335426
          ],
          [
            78.5219909,
            17.4350985
          ],
          [
            78.5220104,
            17.4367071
          ],
          [
            78.5220093,
            17.4383542
          ],
          [
            78.521959,
            17.4400241
          ],
          [
            78.5218328,
            17.4417011
          ],
          [
            78.5216245,
            17.4433713
          ],
          [
            78.5213552,
            17.445023
          ],
          [
            78.5210641,
            17.4466461
          ],
          [
            78.5207886,
            17.4482302
          ],
          [
            78.5205455,
            17.4497634
          ],
          [
            78.5203193,
            17.451231
          ]
        ]
      },
      "properties": {
        "segment_id": "R0265",
        "source_node": "N069",
        "target_node": "N081",
        "road_class": "arterial",
        "lanes": 3,
        "free_flow_speed_kmh": 50.0,
        "capacity_vph": 3105.0,
        "length_km": 0.785,
        "grade_pct": -1.94,
        "structural_bottleneck": false,
        "importance": 1.25026933111039,
        "signal_id": "SIG060"
      }
    },
    {
      "type": "Feature",
      "geometry": {
        "type": "LineString",
        "coordinates": [
          [
            78.5209571,
            17.4512838
          ],
          [
            78.5212426,
            17.4498212
          ],
          [
            78.5215819,
            17.448296
          ],
          [
            78.5219017,
            17.4467155
          ],
          [
            78.5221714,
            17.4450906
          ],
          [
            78.5223623,
            17.4434324
          ],
          [
            78.5224665,
            17.4417536
          ],
          [
            78.5225035,
            17.4400692
          ],
          [
            78.5225106,
            17.4383958
          ],
          [
            78.5225228,
            17.4367496
          ],
          [
            78.5225546,
            17.4351452
          ],
          [
            78.5225932,
            17.433595
          ],
          [
            78.5225473,
            17.4321049
          ]
        ]
      },
      "properties": {
        "segment_id": "R0266",
        "source_node": "N081",
        "target_node": "N069",
        "road_class": "arterial",
        "lanes": 3,
        "free_flow_speed_kmh": 30.0,
        "capacity_vph": 3105.0,
        "length_km": 1.043,
        "grade_pct": 3.37,
        "structural_bottleneck": false,
        "importance": 1.1741492458295637,
        "signal_id": "SIG031"
      }
    },
    {
      "type": "Feature",
      "geometry": {
        "type": "LineString",
        "coordinates": [
          [
            78.5452666,
            17.4356315
          ],
          [
            78.5467132,
            17.4355898
          ],
          [
            78.5482224,
            17.4355578
          ],
          [
            78.5497568,
            17.4356358
          ],
          [
            78.5512985,
            17.435844
          ],
          [
            78.5528347,
            17.4361824
          ],
          [
            78.5543587,
            17.4366244
          ],
          [
            78.5558683,
            17.4371262
          ],
          [
            78.5573605,
            17.4376463
          ],
          [
            78.5588274,
            17.4381636
          ],
          [
            78.5602548,
            17.4386838
          ],
          [
            78.5616242,
            17.4392294
          ],
          [
            78.5628989,
            17.4398984
          ]
        ]
      },
      "properties": {
        "segment_id": "R0267",
        "source_node": "N070",
        "target_node": "N071",
        "road_class": "collector",
        "lanes": 2,
        "free_flow_speed_kmh": 50.0,
        "capacity_vph": 1800.0,
        "length_km": 1.727,
        "grade_pct": 0.82,
        "structural_bottleneck": false,
        "importance": 0.7546861597402076,
        "signal_id": null
      }
    },
    {
      "type": "Feature",
      "geometry": {
        "type": "LineString",
        "coordinates": [
          [
            78.5630023,
            17.4394708
          ],
          [
            78.5617487,
            17.4387146
          ],
          [
            78.5604202,
            17.4380004
          ],
          [
            78.5590113,
            17.4374037
          ],
          [
            78.5575338,
            17.4369299
          ],
          [
            78.5560058,
            17.436558
          ],
          [
            78.5544493,
            17.4362501
          ],
          [
            78.5528859,
            17.4359706
          ],
          [
            78.5513321,
            17.435705
          ],
          [
            78.5497981,
            17.4354649
          ],
          [
            78.5482898,
            17.4352792
          ],
          [
            78.5468139,
            17.4351739
          ],
          [
            78.54537,
            17.4352039
          ]
        ]
      },
      "properties": {
        "segment_id": "R0268",
        "source_node": "N071",
        "target_node": "N070",
        "road_class": "collector",
        "lanes": 2,
        "free_flow_speed_kmh": 60.0,
        "capacity_vph": 1800.0,
        "length_km": 1.012,
        "grade_pct": 2.8,
        "structural_bottleneck": false,
        "importance": 0.7457115414006541,
        "signal_id": "SIG030"
      }
    },
    {
      "type": "Feature",
      "geometry": {
        "type": "LineString",
        "coordinates": [
          [
            78.5451008,
            17.4353844
          ],
          [
            78.5452263,
            17.4367571
          ],
          [
            78.5452334,
            17.4381727
          ],
          [
            78.5451275,
            17.4396198
          ],
          [
            78.5449323,
            17.4410899
          ],
          [
            78.5446886,
            17.442577
          ],
          [
            78.5444339,
            17.4440746
          ],
          [
            78.5441849,
            17.4455731
          ],
          [
            78.5439311,
            17.4470587
          ],
          [
            78.5436451,
            17.4485149
          ],
          [
            78.5433026,
            17.4499258
          ],
          [
            78.5429001,
            17.4512787
          ],
          [
            78.54247,
            17.4525663
          ]
        ]
      },
      "properties": {
        "segment_id": "R0269",
        "source_node": "N070",
        "target_node": "N082",
        "road_class": "collector",
        "lanes": 3,
        "free_flow_speed_kmh": 50.0,
        "capacity_vph": 2700.0,
        "length_km": 0.943,
        "grade_pct": 2.27,
        "structural_bottleneck": false,
        "importance": 0.6425376260294974,
        "signal_id": null
      }
    },
    {
      "type": "Feature",
      "geometry": {
        "type": "LineString",
        "coordinates": [
          [
            78.542905,
            17.4526329
          ],
          [
            78.5432828,
            17.4513373
          ],
          [
            78.5436219,
            17.4499747
          ],
          [
            78.5438938,
            17.448553
          ],
          [
            78.5441079,
            17.4470858
          ],
          [
            78.5442953,
            17.4455901
          ],
          [
            78.5444908,
            17.4440834
          ],
          [
            78.5447127,
            17.4425807
          ],
          [
            78.5449528,
            17.441093
          ],
          [
            78.5451808,
            17.439628
          ],
          [
            78.545363,
            17.4381925
          ],
          [
            78.5454818,
            17.4367962
          ],
          [
            78.5455358,
            17.435451
          ]
        ]
      },
      "properties": {
        "segment_id": "R0270",
        "source_node": "N082",
        "target_node": "N070",
        "road_class": "collector",
        "lanes": 1,
        "free_flow_speed_kmh": 60.0,
        "capacity_vph": 900.0,
        "length_km": 0.864,
        "grade_pct": 2.38,
        "structural_bottleneck": false,
        "importance": 0.7159909958263546,
        "signal_id": "SIG030"
      }
    },
    {
      "type": "Feature",
      "geometry": {
        "type": "LineString",
        "coordinates": [
          [
            78.5629022,
            17.4398992
          ],
          [
            78.5637757,
            17.4404692
          ],
          [
            78.5646949,
            17.4410374
          ],
          [
            78.5656622,
            17.4415527
          ],
          [
            78.5666741,
            17.4419907
          ],
          [
            78.5677279,
            17.4423235
          ],
          [
            78.568817,
            17.4425395
          ],
          [
            78.5699291,
            17.4426537
          ],
          [
            78.5710469,
            17.4427025
          ],
          [
            78.5721525,
            17.4427253
          ],
          [
            78.5732316,
            17.4427456
          ],
          [
            78.5742758,
            17.4427598
          ],
          [
            78.5752925,
            17.442696
          ]
        ]
      },
      "properties": {
        "segment_id": "R0271",
        "source_node": "N071",
        "target_node": "N072",
        "road_class": "collector",
        "lanes": 3,
        "free_flow_speed_kmh": 60.0,
        "capacity_vph": 2700.0,
        "length_km": 1.402,
        "grade_pct": 2.08,
        "structural_bottleneck": false,
        "importance": 0.8239121519195265,
        "signal_id": "SIG076"
      }
    },
    {
      "type": "Feature",
      "geometry": {
        "type": "LineString",
        "coordinates": [
          [
            78.5753893,
            17.4422668
          ],
          [
            78.574352,
            17.4424224
          ],
          [
            78.5732696,
            17.4425772
          ],
          [
            78.5721734,
            17.4426327
          ],
          [
            78.5710779,
            17.442565
          ],
          [
            78.5699938,
            17.4423669
          ],
          [
            78.5689258,
            17.4420576
          ],
          [
            78.5678737,
            17.4416774
          ],
          [
            78.5668369,
            17.4412698
          ],
          [
            78.5658183,
            17.4408615
          ],
          [
            78.5648269,
            17.4404527
          ],
          [
            78.5638765,
            17.4400227
          ],
          [
            78.562999,
            17.43947
          ]
        ]
      },
      "properties": {
        "segment_id": "R0272",
        "source_node": "N072",
        "target_node": "N071",
        "road_class": "collector",
        "lanes": 2,
        "free_flow_speed_kmh": 30.0,
        "capacity_vph": 1800.0,
        "length_km": 1.092,
        "grade_pct": 2.07,
        "structural_bottleneck": false,
        "importance": 0.7397364692013859,
        "signal_id": null
      }
    },
    {
      "type": "Feature",
      "geometry": {
        "type": "LineString",
        "coordinates": [
          [
            78.5627337,
            17.439648
          ],
          [
            78.5627154,
            17.4407407
          ],
          [
            78.5625859,
            17.441864
          ],
          [
            78.5624446,
            17.4430249
          ],
          [
            78.562313,
            17.4442171
          ],
          [
            78.5621853,
            17.4454297
          ],
          [
            78.5620348,
            17.4466483
          ],
          [
            78.5618322,
            17.4478582
          ],
          [
            78.5615647,
            17.4490473
          ],
          [
            78.5612468,
            17.4502081
          ],
          [
            78.5609141,
            17.4513367
          ],
          [
            78.5606047,
            17.4524297
          ],
          [
            78.5604013,
            17.4534911
          ]
        ]
      },
      "properties": {
        "segment_id": "R0273",
        "source_node": "N071",
        "target_node": "N083",
        "road_class": "collector",
        "lanes": 3,
        "free_flow_speed_kmh": 60.0,
        "capacity_vph": 2700.0,
        "length_km": 1.116,
        "grade_pct": 1.48,
        "structural_bottleneck": false,
        "importance": 0.8098374419338759,
        "signal_id": "SIG025"
      }
    },
    {
      "type": "Feature",
      "geometry": {
        "type": "LineString",
        "coordinates": [
          [
            78.5608351,
            17.4535643
          ],
          [
            78.5611259,
            17.4525175
          ],
          [
            78.5614077,
            17.4514199
          ],
          [
            78.5617058,
            17.4502854
          ],
          [
            78.5620111,
            17.4491225
          ],
          [
            78.5622936,
            17.447936
          ],
          [
            78.562521,
            17.4467303
          ],
          [
            78.5626778,
            17.4455127
          ],
          [
            78.5627758,
            17.444295
          ],
          [
            78.5628475,
            17.4430928
          ],
          [
            78.562928,
            17.4419217
          ],
          [
            78.5630353,
            17.4407946
          ],
          [
            78.5631675,
            17.4397212
          ]
        ]
      },
      "properties": {
        "segment_id": "R0274",
        "source_node": "N083",
        "target_node": "N071",
        "road_class": "collector",
        "lanes": 1,
        "free_flow_speed_kmh": 30.0,
        "capacity_vph": 900.0,
        "length_km": 1.783,
        "grade_pct": -2.03,
        "structural_bottleneck": false,
        "importance": 0.8239959437925035,
        "signal_id": null
      }
    },
    {
      "type": "Feature",
      "geometry": {
        "type": "LineString",
        "coordinates": [
          [
            78.5751245,
            17.442442
          ],
          [
            78.5750221,
            17.4435231
          ],
          [
            78.5749667,
            17.4446623
          ],
          [
            78.5749016,
            17.4458394
          ],
          [
            78.5748001,
            17.4470396
          ],
          [
            78.5746334,
            17.4482479
          ],
          [
            78.5743903,
            17.4494521
          ],
          [
            78.5740863,
            17.4506453
          ],
          [
            78.5737574,
            17.4518241
          ],
          [
            78.5734422,
            17.4529854
          ],
          [
            78.5731617,
            17.4541234
          ],
          [
            78.5729099,
            17.4552268
          ],
          [
            78.5726094,
            17.4562718
          ]
        ]
      },
      "properties": {
        "segment_id": "R0275",
        "source_node": "N072",
        "target_node": "N084",
        "road_class": "collector",
        "lanes": 2,
        "free_flow_speed_kmh": 50.0,
        "capacity_vph": 1800.0,
        "length_km": 1.488,
        "grade_pct": 2.9,
        "structural_bottleneck": false,
        "importance": 0.7660858624096828,
        "signal_id": "SIG073"
      }
    },
    {
      "type": "Feature",
      "geometry": {
        "type": "LineString",
        "coordinates": [
          [
            78.5730422,
            17.4563506
          ],
          [
            78.5733545,
            17.4553077
          ],
          [
            78.5737457,
            17.4542296
          ],
          [
            78.5741073,
            17.4531064
          ],
          [
            78.5744073,
            17.4519422
          ],
          [
            78.5746314,
            17.4507444
          ],
          [
            78.5747921,
            17.4495252
          ],
          [
            78.5749224,
            17.4483004
          ],
          [
            78.5750573,
            17.4470864
          ],
          [
            78.5752141,
            17.4458962
          ],
          [
            78.5753832,
            17.444738
          ],
          [
            78.5755344,
            17.4436162
          ],
          [
            78.5755573,
            17.4425208
          ]
        ]
      },
      "properties": {
        "segment_id": "R0276",
        "source_node": "N084",
        "target_node": "N072",
        "road_class": "collector",
        "lanes": 2,
        "free_flow_speed_kmh": 60.0,
        "capacity_vph": 1800.0,
        "length_km": 1.428,
        "grade_pct": 2.57,
        "structural_bottleneck": false,
        "importance": 0.7070463702899428,
        "signal_id": "SIG076"
      }
    },
    {
      "type": "Feature",
      "geometry": {
        "type": "LineString",
        "coordinates": [
          [
            78.346344,
            17.4261279
          ],
          [
            78.3472189,
            17.4268659
          ],
          [
            78.3481882,
            17.4274521
          ],
          [
            78.3492139,
            17.4279814
          ],
          [
            78.3502801,
            17.4284742
          ],
          [
            78.3513787,
            17.4289244
          ],
          [
            78.3525074,
            17.4293063
          ],
          [
            78.3536646,
            17.4295925
          ],
          [
            78.3548433,
            17.4297731
          ],
          [
            78.3560288,
            17.4298644
          ],
          [
            78.3572004,
            17.4299025
          ],
          [
            78.3583372,
            17.4299251
          ],
          [
            78.3594062,
            17.4300097
          ]
        ]
      },
      "properties": {
        "segment_id": "R0277",
        "source_node": "N073",
        "target_node": "N074",
        "road_class": "arterial",
        "lanes": 2,
        "free_flow_speed_kmh": 30.0,
        "capacity_vph": 2070.0,
        "length_km": 0.978,
        "grade_pct": -0.21,
        "structural_bottleneck": false,
        "importance": 1.3564664158309374,
        "signal_id": "SIG026"
      }
    },
    {
      "type": "Feature",
      "geometry": {
        "type": "LineString",
        "coordinates": [
          [
            78.3595886,
            17.4293963
          ],
          [
            78.3584693,
            17.4294806
          ],
          [
            78.3573282,
            17.4294725
          ],
          [
            78.3561664,
            17.4294013
          ],
          [
            78.354994,
            17.4292657
          ],
          [
            78.3538271,
            17.4290455
          ],
          [
            78.3526821,
            17.4287186
          ],
          [
            78.3515699,
            17.4282809
          ],
          [
            78.3504939,
            17.4277546
          ],
          [
            78.3494517,
            17.4271811
          ],
          [
            78.3484404,
            17.4266035
          ],
          [
            78.3474623,
            17.426047
          ],
          [
            78.3465264,
            17.4255145
          ]
        ]
      },
      "properties": {
        "segment_id": "R0278",
        "source_node": "N074",
        "target_node": "N073",
        "road_class": "arterial",
        "lanes": 1,
        "free_flow_speed_kmh": 30.0,
        "capacity_vph": 1035.0,
        "length_km": 1.661,
        "grade_pct": -2.66,
        "structural_bottleneck": false,
        "importance": 1.054332551883585,
        "signal_id": "SIG075"
      }
    },
    {
      "type": "Feature",
      "geometry": {
        "type": "LineString",
        "coordinates": [
          [
            78.3461194,
            17.4257693
          ],
          [
            78.3461313,
            17.4274674
          ],
          [
            78.3459818,
            17.4292154
          ],
          [
            78.3457427,
            17.4310099
          ],
          [
            78.3454524,
            17.4328419
          ],
          [
            78.3451502,
            17.4347026
          ],
          [
            78.3448571,
            17.43658
          ],
          [
            78.3445669,
            17.438458
          ],
          [
            78.3442537,
            17.4403168
          ],
          [
            78.3438904,
            17.4421368
          ],
          [
            78.3434683,
            17.4439013
          ],
          [
            78.3430058,
            17.4455979
          ],
          [
            78.3425947,
            17.4472264
          ]
        ]
      },
      "properties": {
        "segment_id": "R0279",
        "source_node": "N073",
        "target_node": "N085",
        "road_class": "arterial",
        "lanes": 2,
        "free_flow_speed_kmh": 50.0,
        "capacity_vph": 2070.0,
        "length_km": 1.7,
        "grade_pct": 3.95,
        "structural_bottleneck": false,
        "importance": 1.2114010580649424,
        "signal_id": "SIG066"
      }
    },
    {
      "type": "Feature",
      "geometry": {
        "type": "LineString",
        "coordinates": [
          [
            78.3432263,
            17.4473302
          ],
          [
            78.34381,
            17.44573
          ],
          [
            78.3442666,
            17.4440324
          ],
          [
            78.3446394,
            17.4422599
          ],
          [
            78.3449576,
            17.4404324
          ],
          [
            78.3452584,
            17.4385715
          ],
          [
            78.3455658,
            17.4366964
          ],
          [
            78.3458779,
            17.4348221
          ],
          [
            78.346169,
            17.4329596
          ],
          [
            78.3464057,
            17.4311188
          ],
          [
            78.3465677,
            17.4293116
          ],
          [
            78.3466604,
            17.4275543
          ],
          [
            78.346751,
            17.4258731
          ]
        ]
      },
      "properties": {
        "segment_id": "R0280",
        "source_node": "N085",
        "target_node": "N073",
        "road_class": "arterial",
        "lanes": 1,
        "free_flow_speed_kmh": 40.0,
        "capacity_vph": 1035.0,
        "length_km": 0.883,
        "grade_pct": 3.04,
        "structural_bottleneck": false,
        "importance": 1.304692384259924,
        "signal_id": "SIG075"
      }
    },
    {
      "type": "Feature",
      "geometry": {
        "type": "LineString",
        "coordinates": [
          [
            78.3594499,
            17.4300195
          ],
          [
            78.3610455,
            17.4306378
          ],
          [
            78.3627141,
            17.4312775
          ],
          [
            78.3644551,
            17.4318403
          ],
          [
            78.3662577,
            17.4322966
          ],
          [
            78.3681093,
            17.4326302
          ],
          [
            78.369993,
            17.4328509
          ],
          [
            78.3718886,
            17.4329922
          ],
          [
            78.3737748,
            17.4330951
          ],
          [
            78.3756321,
            17.4331873
          ],
          [
            78.377445,
            17.4332704
          ],
          [
            78.3792018,
            17.4333222
          ],
          [
            78.3809028,
            17.4332371
          ]
        ]
      },
      "properties": {
        "segment_id": "R0281",
        "source_node": "N074",
        "target_node": "N075",
        "road_class": "arterial",
        "lanes": 3,
        "free_flow_speed_kmh": 40.0,
        "capacity_vph": 3105.0,
        "length_km": 1.65,
        "grade_pct": 1.3,
        "structural_bottleneck": false,
        "importance": 1.3848902079591523,
        "signal_id": "SIG027"
      }
    },
    {
      "type": "Feature",
      "geometry": {
        "type": "LineString",
        "coordinates": [
          [
            78.3809978,
            17.4326041
          ],
          [
            78.3792837,
            17.4327756
          ],
          [
            78.3774991,
            17.4329102
          ],
          [
            78.375673,
            17.4329143
          ],
          [
            78.3738226,
            17.4327764
          ],
          [
            78.3719608,
            17.4325112
          ],
          [
            78.3700971,
            17.432157
          ],
          [
            78.3682399,
            17.4317592
          ],
          [
            78.3663998,
            17.4313495
          ],
          [
            78.3645911,
            17.4309336
          ],
          [
            78.3628316,
            17.4304937
          ],
          [
            78.3611405,
            17.4300047
          ],
          [
            78.3595449,
            17.4293865
          ]
        ]
      },
      "properties": {
        "segment_id": "R0282",
        "source_node": "N075",
        "target_node": "N074",
        "road_class": "arterial",
        "lanes": 2,
        "free_flow_speed_kmh": 30.0,
        "capacity_vph": 2070.0,
        "length_km": 1.109,
        "grade_pct": 3.31,
        "structural_bottleneck": false,
        "importance": 1.2680765125757756,
        "signal_id": "SIG026"
      }
    },
    {
      "type": "Feature",
      "geometry": {
        "type": "LineString",
        "coordinates": [
          [
            78.3591794,
            17.4296674
          ],
          [
            78.3592454,
            17.4311036
          ],
          [
            78.359244,
            17.4325967
          ],
          [
            78.3592228,
            17.4341392
          ],
          [
            78.359183,
            17.4357183
          ],
          [
            78.3591025,
            17.4373186
          ],
          [
            78.3589521,
            17.4389239
          ],
          [
            78.3587165,
            17.4405198
          ],
          [
            78.3584068,
            17.4420944
          ],
          [
            78.3580578,
            17.4436389
          ],
          [
            78.3577109,
            17.4451449
          ],
          [
            78.3573938,
            17.4466027
          ],
          [
            78.3571277,
            17.4480017
          ]
        ]
      },
      "properties": {
        "segment_id": "R0283",
        "source_node": "N074",
        "target_node": "N086",
        "road_class": "arterial",
        "lanes": 1,
        "free_flow_speed_kmh": 50.0,
        "capacity_vph": 1035.0,
        "length_km": 1.393,
        "grade_pct": -1.14,
        "structural_bottleneck": false,
        "importance": 1.005663522924233,
        "signal_id": "SIG054"
      }
    },
    {
      "type": "Feature",
      "geometry": {
        "type": "LineString",
        "coordinates": [
          [
            78.3577637,
            17.4480729
          ],
          [
            78.3581173,
            17.4466836
          ],
          [
            78.3584982,
            17.445233
          ],
          [
            78.3588636,
            17.443729
          ],
          [
            78.3591883,
            17.4421819
          ],
          [
            78.3594405,
            17.4406008
          ],
          [
            78.3596027,
            17.4389967
          ],
          [
            78.3596836,
            17.4373836
          ],
          [
            78.3597154,
            17.4357778
          ],
          [
            78.3597368,
            17.4341967
          ],
          [
            78.3597726,
            17.4326559
          ],
          [
            78.3598209,
            17.431168
          ],
          [
            78.3598154,
            17.4297386
          ]
        ]
      },
      "properties": {
        "segment_id": "R0284",
        "source_node": "N086",
        "target_node": "N074",
        "road_class": "arterial",
        "lanes": 2,
        "free_flow_speed_kmh": 40.0,
        "capacity_vph": 2070.0,
        "length_km": 1.197,
        "grade_pct": 2.42,
        "structural_bottleneck": false,
        "importance": 1.2007051603907848,
        "signal_id": "SIG026"
      }
    },
    {
      "type": "Feature",
      "geometry": {
        "type": "LineString",
        "coordinates": [
          [
            78.3809313,
            17.43324
          ],
          [
            78.3825568,
            17.4338361
          ],
          [
            78.3842702,
            17.4342151
          ],
          [
            78.3860498,
            17.4344908
          ],
          [
            78.3878779,
            17.4347053
          ],
          [
            78.389738,
            17.4348865
          ],
          [
            78.391615,
            17.4350354
          ],
          [
            78.3934953,
            17.43513
          ],
          [
            78.3953655,
            17.4351416
          ],
          [
            78.3972115,
            17.4350563
          ],
          [
            78.3990176,
            17.4348866
          ],
          [
            78.4007666,
            17.4346685
          ],
          [
            78.4024365,
            17.4345219
          ]
        ]
      },
      "properties": {
        "segment_id": "R0285",
        "source_node": "N075",
        "target_node": "N076",
        "road_class": "arterial",
        "lanes": 2,
        "free_flow_speed_kmh": 50.0,
        "capacity_vph": 2070.0,
        "length_km": 1.746,
        "grade_pct": -2.42,
        "structural_bottleneck": false,
        "importance": 1.270297405556688,
        "signal_id": null
      }
    },
    {
      "type": "Feature",
      "geometry": {
        "type": "LineString",
        "coordinates": [
          [
            78.4024745,
            17.4338831
          ],
          [
            78.4007927,
            17.4342313
          ],
          [
            78.399047,
            17.4343935
          ],
          [
            78.3972458,
            17.434481
          ],
          [
            78.3954024,
            17.434523
          ],
          [
            78.3935315,
            17.4345221
          ],
          [
            78.3916495,
            17.4344576
          ],
          [
            78.3897728,
            17.434303
          ],
          [
            78.3879172,
            17.4340462
          ],
          [
            78.3860968,
            17.433702
          ],
          [
            78.3843243,
            17.4333083
          ],
          [
            78.3826121,
            17.4329092
          ],
          [
            78.3809693,
            17.4326012
          ]
        ]
      },
      "properties": {
        "segment_id": "R0286",
        "source_node": "N076",
        "target_node": "N075",
        "road_class": "arterial",
        "lanes": 2,
        "free_flow_speed_kmh": 30.0,
        "capacity_vph": 2070.0,
        "length_km": 1.787,
        "grade_pct": -3.95,
        "structural_bottleneck": false,
        "importance": 1.3011314000867569,
        "signal_id": "SIG027"
      }
    },
    {
      "type": "Feature",
      "geometry": {
        "type": "LineString",
        "coordinates": [
          [
            78.3806368,
            17.4328564
          ],
          [
            78.3805231,
            17.4342639
          ],
          [
            78.3803578,
            17.4357253
          ],
          [
            78.3801094,
            17.4372214
          ],
          [
            78.3797892,
            17.4387415
          ],
          [
            78.379431,
            17.4402796
          ],
          [
            78.379074,
            17.4418309
          ],
          [
            78.378743,
            17.4433875
          ],
          [
            78.3784363,
            17.4449362
          ],
          [
            78.3781298,
            17.4464591
          ],
          [
            78.3777938,
            17.4479373
          ],
          [
            78.377413,
            17.4493546
          ],
          [
            78.3769825,
            17.4506972
          ]
        ]
      },
      "properties": {
        "segment_id": "R0287",
        "source_node": "N075",
        "target_node": "N087",
        "road_class": "arterial",
        "lanes": 2,
        "free_flow_speed_kmh": 40.0,
        "capacity_vph": 2070.0,
        "length_km": 1.32,
        "grade_pct": 0.78,
        "structural_bottleneck": false,
        "importance": 1.195156808419339,
        "signal_id": "SIG053"
      }
    },
    {
      "type": "Feature",
      "geometry": {
        "type": "LineString",
        "coordinates": [
          [
            78.3776095,
            17.4508256
          ],
          [
            78.3781009,
            17.4494955
          ],
          [
            78.3784844,
            17.4480787
          ],
          [
            78.3788099,
            17.4465984
          ],
          [
            78.3791065,
            17.4450735
          ],
          [
            78.3794086,
            17.4435239
          ],
          [
            78.3797355,
            17.4419664
          ],
          [
            78.3800805,
            17.4404127
          ],
          [
            78.3804142,
            17.4388695
          ],
          [
            78.3807019,
            17.4373428
          ],
          [
            78.380924,
            17.4358413
          ],
          [
            78.3810872,
            17.4343794
          ],
          [
            78.3812638,
            17.4329848
          ]
        ]
      },
      "properties": {
        "segment_id": "R0288",
        "source_node": "N087",
        "target_node": "N075",
        "road_class": "arterial",
        "lanes": 1,
        "free_flow_speed_kmh": 40.0,
        "capacity_vph": 1035.0,
        "length_km": 1.109,
        "grade_pct": 0.2,
        "structural_bottleneck": false,
        "importance": 1.2238463138577145,
        "signal_id": "SIG027"
      }
    },
    {
      "type": "Feature",
      "geometry": {
        "type": "LineString",
        "coordinates": [
          [
            78.4024114,
            17.4345194
          ],
          [
            78.4042529,
            17.4351243
          ],
          [
            78.4061771,
            17.4357587
          ],
          [
            78.4081811,
            17.4363201
          ],
          [
            78.4102515,
            17.4367786
          ],
          [
            78.412373,
            17.4371197
          ],
          [
            78.4145265,
            17.4373557
          ],
          [
            78.4166898,
            17.4375213
          ],
          [
            78.41884,
            17.4376562
          ],
          [
            78.4209564,
            17.4377848
          ],
          [
            78.4230218,
            17.437905
          ],
          [
            78.4250223,
            17.437992
          ],
          [
            78.4269556,
            17.4379381
          ]
        ]
      },
      "properties": {
        "segment_id": "R0289",
        "source_node": "N076",
        "target_node": "N077",
        "road_class": "arterial",
        "lanes": 2,
        "free_flow_speed_kmh": 30.0,
        "capacity_vph": 2070.0,
        "length_km": 1.447,
        "grade_pct": -2.62,
        "structural_bottleneck": false,
        "importance": 1.0803537357860695,
        "signal_id": "SIG056"
      }
    },
    {
      "type": "Feature",
      "geometry": {
        "type": "LineString",
        "coordinates": [
          [
            78.4270438,
            17.4373043
          ],
          [
            78.4251084,
            17.437374
          ],
          [
            78.4230853,
            17.4374487
          ],
          [
            78.4210041,
            17.4374422
          ],
          [
            78.4188856,
            17.4373289
          ],
          [
            78.4167496,
            17.4370922
          ],
          [
            78.4146122,
            17.4367405
          ],
          [
            78.4124861,
            17.4363073
          ],
          [
            78.4103825,
            17.4358381
          ],
          [
            78.4083136,
            17.4353686
          ],
          [
            78.4062953,
            17.4349101
          ],
          [
            78.404347,
            17.4344483
          ],
          [
            78.4024996,
            17.4338856
          ]
        ]
      },
      "properties": {
        "segment_id": "R0290",
        "source_node": "N077",
        "target_node": "N076",
        "road_class": "arterial",
        "lanes": 2,
        "free_flow_speed_kmh": 60.0,
        "capacity_vph": 2070.0,
        "length_km": 1.259,
        "grade_pct": -3.84,
        "structural_bottleneck": false,
        "importance": 1.237838555073291,
        "signal_id": null
      }
    },
    {
      "type": "Feature",
      "geometry": {
        "type": "LineString",
        "coordinates": [
          [
            78.4021366,
            17.4341757
          ],
          [
            78.4022274,
            17.4357105
          ],
          [
            78.4021737,
            17.437302
          ],
          [
            78.4020903,
            17.4389461
          ],
          [
            78.4020078,
            17.4406317
          ],
          [
            78.4019318,
            17.4423453
          ],
          [
            78.4018423,
            17.4440717
          ],
          [
            78.4017082,
            17.4457942
          ],
          [
            78.4015079,
            17.4474974
          ],
          [
            78.4012447,
            17.4491677
          ],
          [
            78.4009477,
            17.4507939
          ],
          [
            78.400657,
            17.4523655
          ],
          [
            78.4004778,
            17.4538776
          ]
        ]
      },
      "properties": {
        "segment_id": "R0291",
        "source_node": "N076",
        "target_node": "N088",
        "road_class": "arterial",
        "lanes": 3,
        "free_flow_speed_kmh": 50.0,
        "capacity_vph": 3105.0,
        "length_km": 1.579,
        "grade_pct": 2.73,
        "structural_bottleneck": false,
        "importance": 1.2664407914161744,
        "signal_id": null
      }
    },
    {
      "type": "Feature",
      "geometry": {
        "type": "LineString",
        "coordinates": [
          [
            78.4011156,
            17.4539312
          ],
          [
            78.4014085,
            17.4524288
          ],
          [
            78.4016452,
            17.4508526
          ],
          [
            78.4018857,
            17.4492217
          ],
          [
            78.4021332,
            17.44755
          ],
          [
            78.4023652,
            17.4458495
          ],
          [
            78.4025485,
            17.4441311
          ],
          [
            78.4026595,
            17.4424066
          ],
          [
            78.4026998,
            17.44069
          ],
          [
            78.4026967,
            17.4389972
          ],
          [
            78.4026882,
            17.4373453
          ],
          [
            78.4027024,
            17.4357504
          ],
          [
            78.4027744,
            17.4342293
          ]
        ]
      },
      "properties": {
        "segment_id": "R0292",
        "source_node": "N088",
        "target_node": "N076",
        "road_class": "arterial",
        "lanes": 2,
        "free_flow_speed_kmh": 40.0,
        "capacity_vph": 2070.0,
        "length_km": 1.331,
        "grade_pct": -2.63,
        "structural_bottleneck": false,
        "importance": 1.0018628298539425,
        "signal_id": null
      }
    },
    {
      "type": "Feature",
      "geometry": {
        "type": "LineString",
        "coordinates": [
          [
            78.4269357,
            17.4379347
          ],
          [
            78.4286783,
            17.4381578
          ],
          [
            78.4305031,
            17.4383735
          ],
          [
            78.4323894,
            17.4386039
          ],
          [
            78.4343175,
            17.4388668
          ],
          [
            78.4362654,
            17.4391907
          ],
          [
            78.4382132,
            17.439594
          ],
          [
            78.4401462,
            17.44007
          ],
          [
            78.4420546,
            17.4405875
          ],
          [
            78.4439308,
            17.4411046
          ],
          [
            78.4457652,
            17.4415894
          ],
          [
            78.4475431,
            17.4420348
          ],
          [
            78.4492387,
            17.442488
          ]
        ]
      },
      "properties": {
        "segment_id": "R0293",
        "source_node": "N077",
        "target_node": "N078",
        "road_class": "arterial",
        "lanes": 2,
        "free_flow_speed_kmh": 50.0,
        "capacity_vph": 2070.0,
        "length_km": 0.838,
        "grade_pct": -1.61,
        "structural_bottleneck": false,
        "importance": 1.4309184497227003,
        "signal_id": "SIG058"
      }
    },
    {
      "type": "Feature",
      "geometry": {
        "type": "LineString",
        "coordinates": [
          [
            78.4493667,
            17.441861
          ],
          [
            78.4476778,
            17.4413749
          ],
          [
            78.4459246,
            17.4408085
          ],
          [
            78.4441035,
            17.4402586
          ],
          [
            78.4422236,
            17.4397596
          ],
          [
            78.4402961,
            17.4393358
          ],
          [
            78.4383372,
            17.4389866
          ],
          [
            78.4363684,
            17.4386863
          ],
          [
            78.4344129,
            17.4383994
          ],
          [
            78.4324922,
            17.4381005
          ],
          [
            78.4306225,
            17.4377888
          ],
          [
            78.4288149,
            17.4374889
          ],
          [
            78.4270637,
            17.4373077
          ]
        ]
      },
      "properties": {
        "segment_id": "R0294",
        "source_node": "N078",
        "target_node": "N077",
        "road_class": "arterial",
        "lanes": 3,
        "free_flow_speed_kmh": 60.0,
        "capacity_vph": 3105.0,
        "length_km": 1.703,
        "grade_pct": -0.29,
        "structural_bottleneck": true,
        "importance": 1.2123980474433158,
        "signal_id": "SIG056"
      }
    },
    {
      "type": "Feature",
      "geometry": {
        "type": "LineString",
        "coordinates": [
          [
            78.4266837,
            17.4375709
          ],
          [
            78.4266231,
            17.4391688
          ],
          [
            78.4265883,
            17.4408433
          ],
          [
            78.4264773,
            17.4425637
          ],
          [
            78.4262717,
            17.4443126
          ],
          [
            78.4259781,
            17.4460765
          ],
          [
            78.425628,
            17.4478459
          ],
          [
            78.4252631,
            17.4496129
          ],
          [
            78.4249143,
            17.451368
          ],
          [
            78.4245872,
            17.4530976
          ],
          [
            78.4242628,
            17.454784
          ],
          [
            78.4239119,
            17.4564083
          ],
          [
            78.4234432,
            17.4579412
          ]
        ]
      },
      "properties": {
        "segment_id": "R0295",
        "source_node": "N077",
        "target_node": "N089",
        "road_class": "arterial",
        "lanes": 1,
        "free_flow_speed_kmh": 50.0,
        "capacity_vph": 1035.0,
        "length_km": 1.334,
        "grade_pct": -1.95,
        "structural_bottleneck": false,
        "importance": 1.026196914635939,
        "signal_id": null
      }
    },
    {
      "type": "Feature",
      "geometry": {
        "type": "LineString",
        "coordinates": [
          [
            78.4240752,
            17.4580418
          ],
          [
            78.4245833,
            17.4565151
          ],
          [
            78.4250575,
            17.4549105
          ],
          [
            78.4254468,
            17.4532343
          ],
          [
            78.4257538,
            17.4515016
          ],
          [
            78.4260061,
            17.4497311
          ],
          [
            78.4262408,
            17.4479434
          ],
          [
            78.4264844,
            17.446157
          ],
          [
            78.4267377,
            17.4443867
          ],
          [
            78.426977,
            17.4426432
          ],
          [
            78.4271687,
            17.4409357
          ],
          [
            78.4272902,
            17.4392749
          ],
          [
            78.4273157,
            17.4376715
          ]
        ]
      },
      "properties": {
        "segment_id": "R0296",
        "source_node": "N089",
        "target_node": "N077",
        "road_class": "arterial",
        "lanes": 3,
        "free_flow_speed_kmh": 60.0,
        "capacity_vph": 3105.0,
        "length_km": 1.006,
        "grade_pct": -3.72,
        "structural_bottleneck": false,
        "importance": 1.293831080262113,
        "signal_id": "SIG056"
      }
    },
    {
      "type": "Feature",
      "geometry": {
        "type": "LineString",
        "coordinates": [
          [
            78.4492798,
            17.4424937
          ],
          [
            78.451687,
            17.4423527
          ],
          [
            78.4541921,
            17.4423538
          ],
          [
            78.4567764,
            17.4424568
          ],
          [
            78.4594206,
            17.4426298
          ],
          [
            78.462106,
            17.4428311
          ],
          [
            78.4648132,
            17.4430304
          ],
          [
            78.4675209,
            17.4432233
          ],
          [
            78.4702059,
            17.4434301
          ],
          [
            78.4728445,
            17.4436806
          ],
          [
            78.4754137,
            17.4439934
          ],
          [
            78.4778925,
            17.4443614
          ],
          [
            78.4802639,
            17.4447196
          ]
        ]
      },
      "properties": {
        "segment_id": "R0297",
        "source_node": "N078",
        "target_node": "N079",
        "road_class": "arterial",
        "lanes": 2,
        "free_flow_speed_kmh": 50.0,
        "capacity_vph": 2070.0,
        "length_km": 1.473,
        "grade_pct": -0.24,
        "structural_bottleneck": true,
        "importance": 1.1481384012239833,
        "signal_id": "SIG057"
      }
    },
    {
      "type": "Feature",
      "geometry": {
        "type": "LineString",
        "coordinates": [
          [
            78.4803097,
            17.4440812
          ],
          [
            78.4779478,
            17.4435915
          ],
          [
            78.4754656,
            17.4432709
          ],
          [
            78.4728923,
            17.4430152
          ],
          [
            78.4702522,
            17.4427857
          ],
          [
            78.4675688,
            17.4425554
          ],
          [
            78.464864,
            17.442323
          ],
          [
            78.4621577,
            17.4421121
          ],
          [
            78.4594691,
            17.4419555
          ],
          [
            78.4568183,
            17.4418745
          ],
          [
            78.4542273,
            17.4418643
          ],
          [
            78.4517198,
            17.4418959
          ],
          [
            78.4493256,
            17.4418553
          ]
        ]
      },
      "properties": {
        "segment_id": "R0298",
        "source_node": "N079",
        "target_node": "N078",
        "road_class": "arterial",
        "lanes": 2,
        "free_flow_speed_kmh": 60.0,
        "capacity_vph": 2070.0,
        "length_km": 0.877,
        "grade_pct": -1.92,
        "structural_bottleneck": false,
        "importance": 1.0017832425915003,
        "signal_id": "SIG058"
      }
    },
    {
      "type": "Feature",
      "geometry": {
        "type": "LineString",
        "coordinates": [
          [
            78.4489917,
            17.442099
          ],
          [
            78.4483144,
            17.4433391
          ],
          [
            78.4476297,
            17.4446407
          ],
          [
            78.4470386,
            17.4460157
          ],
          [
            78.4465603,
            17.4474561
          ],
          [
            78.4461887,
            17.4489477
          ],
          [
            78.4458939,
            17.4504706
          ],
          [
            78.4456371,
            17.4520028
          ],
          [
            78.4453912,
            17.4535249
          ],
          [
            78.4451541,
            17.4550239
          ],
          [
            78.4449479,
            17.4564923
          ],
          [
            78.4448034,
            17.457925
          ],
          [
            78.4448098,
            17.4593309
          ]
        ]
      },
      "properties": {
        "segment_id": "R0299",
        "source_node": "N078",
        "target_node": "N090",
        "road_class": "arterial",
        "lanes": 1,
        "free_flow_speed_kmh": 60.0,
        "capacity_vph": 1035.0,
        "length_km": 1.214,
        "grade_pct": -2.65,
        "structural_bottleneck": false,
        "importance": 1.2432881217758582,
        "signal_id": "SIG052"
      }
    },
    {
      "type": "Feature",
      "geometry": {
        "type": "LineString",
        "coordinates": [
          [
            78.4454318,
            17.4594819
          ],
          [
            78.4453576,
            17.4580594
          ],
          [
            78.4454634,
            17.4566174
          ],
          [
            78.4456409,
            17.455142
          ],
          [
            78.4458609,
            17.4536389
          ],
          [
            78.4461204,
            17.4521201
          ],
          [
            78.4464387,
            17.4506029
          ],
          [
            78.4468403,
            17.4491058
          ],
          [
            78.4473345,
            17.447644
          ],
          [
            78.4479048,
            17.4462259
          ],
          [
            78.4485124,
            17.4448549
          ],
          [
            78.4491132,
            17.4435329
          ],
          [
            78.4496137,
            17.44225
          ]
        ]
      },
      "properties": {
        "segment_id": "R0300",
        "source_node": "N090",
        "target_node": "N078",
        "road_class": "arterial",
        "lanes": 2,
        "free_flow_speed_kmh": 30.0,
        "capacity_vph": 2070.0,
        "length_km": 1.36,
        "grade_pct": 1.2,
        "structural_bottleneck": false,
        "importance": 1.1028706315851902,
        "signal_id": "SIG058"
      }
    },
    {
      "type": "Feature",
      "geometry": {
        "type": "LineString",
        "coordinates": [
          [
            78.4802865,
            17.4447204
          ],
          [
            78.4818583,
            17.4449444
          ],
          [
            78.4835011,
            17.4451156
          ],
          [
            78.4852007,
            17.4452731
          ],
          [
            78.4869428,
            17.4454141
          ],
          [
            78.4887134,
            17.4455134
          ],
          [
            78.4904982,
            17.4455408
          ],
          [
            78.4922831,
            17.4454814
          ],
          [
            78.4940539,
            17.4453477
          ],
          [
            78.4957964,
            17.4451745
          ],
          [
            78.4974963,
            17.4450017
          ],
          [
            78.4991395,
            17.4448536
          ],
          [
            78.5007117,
            17.4447422
          ]
        ]
      },
      "properties": {
        "segment_id": "R0301",
        "source_node": "N079",
        "target_node": "N080",
        "road_class": "arterial",
        "lanes": 2,
        "free_flow_speed_kmh": 50.0,
        "capacity_vph": 2070.0,
        "length_km": 0.894,
        "grade_pct": 1.7,
        "structural_bottleneck": false,
        "importance": 1.2336297592150025,
        "signal_id": "SIG059"
      }
    },
    {
      "type": "Feature",
      "geometry": {
        "type": "LineString",
        "coordinates": [
          [
            78.5007123,
            17.4441022
          ],
          [
            78.4991401,
            17.444298
          ],
          [
            78.4974968,
            17.444519
          ],
          [
            78.4957969,
            17.4447164
          ],
          [
            78.4940544,
            17.444865
          ],
          [
            78.4922837,
            17.4449346
          ],
          [
            78.4904989,
            17.4449111
          ],
          [
            78.4887141,
            17.4448075
          ],
          [
            78.4869436,
            17.4446588
          ],
          [
            78.4852015,
            17.4445053
          ],
          [
            78.4835019,
            17.444371
          ],
          [
            78.481859,
            17.4442532
          ],
          [
            78.4802871,
            17.4440804
          ]
        ]
      },
      "properties": {
        "segment_id": "R0302",
        "source_node": "N080",
        "target_node": "N079",
        "road_class": "arterial",
        "lanes": 2,
        "free_flow_speed_kmh": 40.0,
        "capacity_vph": 2070.0,
        "length_km": 1.693,
        "grade_pct": 2.61,
        "structural_bottleneck": false,
        "importance": 1.345949869146782,
        "signal_id": "SIG057"
      }
    },
    {
      "type": "Feature",
      "geometry": {
        "type": "LineString",
        "coordinates": [
          [
            78.479977,
            17.4443204
          ],
          [
            78.4800776,
            17.4457336
          ],
          [
            78.4799594,
            17.4471529
          ],
          [
            78.479738,
            17.4485956
          ],
          [
            78.4794572,
            17.4500605
          ],
          [
            78.4791448,
            17.4515423
          ],
          [
            78.4788028,
            17.4530289
          ],
          [
            78.4784114,
            17.4545028
          ],
          [
            78.4779465,
            17.4559452
          ],
          [
            78.4773997,
            17.4573413
          ],
          [
            78.4767887,
            17.4586834
          ],
          [
            78.4761529,
            17.459969
          ],
          [
            78.4756123,
            17.4612166
          ]
        ]
      },
      "properties": {
        "segment_id": "R0303",
        "source_node": "N079",
        "target_node": "N091",
        "road_class": "arterial",
        "lanes": 2,
        "free_flow_speed_kmh": 30.0,
        "capacity_vph": 2070.0,
        "length_km": 1.446,
        "grade_pct": 1.62,
        "structural_bottleneck": false,
        "importance": 1.2419670245533598,
        "signal_id": "SIG051"
      }
    },
    {
      "type": "Feature",
      "geometry": {
        "type": "LineString",
        "coordinates": [
          [
            78.4762319,
            17.4613766
          ],
          [
            78.4769532,
            17.4601757
          ],
          [
            78.47753,
            17.4588749
          ],
          [
            78.4780622,
            17.4575125
          ],
          [
            78.4785714,
            17.4561066
          ],
          [
            78.479053,
            17.4546685
          ],
          [
            78.4794809,
            17.4532041
          ],
          [
            78.4798252,
            17.451718
          ],
          [
            78.4800716,
            17.4502192
          ],
          [
            78.4802323,
            17.4487233
          ],
          [
            78.4803406,
            17.4472514
          ],
          [
            78.4804341,
            17.4458257
          ],
          [
            78.4805966,
            17.4444804
          ]
        ]
      },
      "properties": {
        "segment_id": "R0304",
        "source_node": "N091",
        "target_node": "N079",
        "road_class": "arterial",
        "lanes": 2,
        "free_flow_speed_kmh": 40.0,
        "capacity_vph": 2070.0,
        "length_km": 1.766,
        "grade_pct": -2.88,
        "structural_bottleneck": false,
        "importance": 1.3043833410945336,
        "signal_id": "SIG057"
      }
    },
    {
      "type": "Feature",
      "geometry": {
        "type": "LineString",
        "coordinates": [
          [
            78.5006082,
            17.4447249
          ],
          [
            78.5019964,
            17.4456751
          ],
          [
            78.5034907,
            17.4465412
          ],
          [
            78.5050846,
            17.4472976
          ],
          [
            78.5067588,
            17.4479549
          ],
          [
            78.5084873,
            17.4485445
          ],
          [
            78.5102424,
            17.4491012
          ],
          [
            78.5120022,
            17.4496445
          ],
          [
            78.5137533,
            17.4501678
          ],
          [
            78.5154897,
            17.4506439
          ],
          [
            78.5172064,
            17.4510422
          ],
          [
            78.5188931,
            17.4513476
          ],
          [
            78.5205344,
            17.4515601
          ]
        ]
      },
      "properties": {
        "segment_id": "R0305",
        "source_node": "N080",
        "target_node": "N081",
        "road_class": "arterial",
        "lanes": 2,
        "free_flow_speed_kmh": 40.0,
        "capacity_vph": 2070.0,
        "length_km": 0.814,
        "grade_pct": 2.95,
        "structural_bottleneck": false,
        "importance": 1.1783166037389874,
        "signal_id": "SIG060"
      }
    },
    {
      "type": "Feature",
      "geometry": {
        "type": "LineString",
        "coordinates": [
          [
            78.520742,
            17.4509547
          ],
          [
            78.5190528,
            17.4508822
          ],
          [
            78.5173567,
            17.4506041
          ],
          [
            78.5156464,
            17.4501872
          ],
          [
            78.5139232,
            17.4496725
          ],
          [
            78.5121875,
            17.4491042
          ],
          [
            78.5104449,
            17.4485109
          ],
          [
            78.5087099,
            17.4478953
          ],
          [
            78.5070043,
            17.4472395
          ],
          [
            78.5053505,
            17.4465223
          ],
          [
            78.5037661,
            17.4457384
          ],
          [
            78.5022593,
            17.4449084
          ],
          [
            78.5008158,
            17.4441195
          ]
        ]
      },
      "properties": {
        "segment_id": "R0306",
        "source_node": "N081",
        "target_node": "N080",
        "road_class": "arterial",
        "lanes": 2,
        "free_flow_speed_kmh": 60.0,
        "capacity_vph": 2070.0,
        "length_km": 1.271,
        "grade_pct": -0.96,
        "structural_bottleneck": false,
        "importance": 1.081994003867349,
        "signal_id": "SIG059"
      }
    },
    {
      "type": "Feature",
      "geometry": {
        "type": "LineString",
        "coordinates": [
          [
            78.5003948,
            17.4443803
          ],
          [
            78.4999867,
            17.4458712
          ],
          [
            78.49972,
            17.4474504
          ],
          [
            78.499484,
            17.4490895
          ],
          [
            78.4992437,
            17.4507697
          ],
          [
            78.4989809,
            17.4524749
          ],
          [
            78.4987044,
            17.4541923
          ],
          [
            78.4984446,
            17.4559118
          ],
          [
            78.4982349,
            17.457624
          ],
          [
            78.4980916,
            17.4593171
          ],
          [
            78.4980044,
            17.4609758
          ],
          [
            78.4979415,
            17.462582
          ],
          [
            78.4977889,
            17.4641066
          ]
        ]
      },
      "properties": {
        "segment_id": "R0307",
        "source_node": "N080",
        "target_node": "N092",
        "road_class": "arterial",
        "lanes": 2,
        "free_flow_speed_kmh": 50.0,
        "capacity_vph": 2070.0,
        "length_km": 0.868,
        "grade_pct": 3.54,
        "structural_bottleneck": false,
        "importance": 1.0034947546672794,
        "signal_id": "SIG050"
      }
    },
    {
      "type": "Feature",
      "geometry": {
        "type": "LineString",
        "coordinates": [
          [
            78.4984233,
            17.4641904
          ],
          [
            78.4984617,
            17.4626507
          ],
          [
            78.498613,
            17.4610562
          ],
          [
            78.4987767,
            17.4594076
          ],
          [
            78.4989314,
            17.457716
          ],
          [
            78.4990824,
            17.455996
          ],
          [
            78.4992564,
            17.4542652
          ],
          [
            78.499483,
            17.4525413
          ],
          [
            78.4997745,
            17.4508399
          ],
          [
            78.5001163,
            17.449173
          ],
          [
            78.5004726,
            17.4475498
          ],
          [
            78.5008047,
            17.4459792
          ],
          [
            78.5010292,
            17.4444641
          ]
        ]
      },
      "properties": {
        "segment_id": "R0308",
        "source_node": "N092",
        "target_node": "N080",
        "road_class": "arterial",
        "lanes": 2,
        "free_flow_speed_kmh": 60.0,
        "capacity_vph": 2070.0,
        "length_km": 1.148,
        "grade_pct": 2.44,
        "structural_bottleneck": false,
        "importance": 1.0394211961340518,
        "signal_id": "SIG059"
      }
    },
    {
      "type": "Feature",
      "geometry": {
        "type": "LineString",
        "coordinates": [
          [
            78.5206188,
            17.4515768
          ],
          [
            78.5222935,
            17.4520476
          ],
          [
            78.5240495,
            17.4524441
          ],
          [
            78.5258697,
            17.4527971
          ],
          [
            78.5277389,
            17.4531029
          ],
          [
            78.5296432,
            17.4533364
          ],
          [
            78.531569,
            17.4534699
          ],
          [
            78.5335015,
            17.4534934
          ],
          [
            78.5354242,
            17.453424
          ],
          [
            78.5373196,
            17.4533
          ],
          [
            78.5391697,
            17.4531622
          ],
          [
            78.5409577,
            17.453034
          ],
          [
            78.5426681,
            17.452919
          ]
        ]
      },
      "properties": {
        "segment_id": "R0309",
        "source_node": "N081",
        "target_node": "N082",
        "road_class": "arterial",
        "lanes": 3,
        "free_flow_speed_kmh": 50.0,
        "capacity_vph": 3105.0,
        "length_km": 0.983,
        "grade_pct": -0.83,
        "structural_bottleneck": false,
        "importance": 0.953961912102373,
        "signal_id": null
      }
    },
    {
      "type": "Feature",
      "geometry": {
        "type": "LineString",
        "coordinates": [
          [
            78.5427069,
            17.4522802
          ],
          [
            78.5409865,
            17.452561
          ],
          [
            78.539196,
            17.4527292
          ],
          [
            78.5373474,
            17.452844
          ],
          [
            78.5354554,
            17.4529121
          ],
          [
            78.5335367,
            17.4529155
          ],
          [
            78.5316082,
            17.4528268
          ],
          [
            78.5296862,
            17.4526306
          ],
          [
            78.5277855,
            17.4523372
          ],
          [
            78.5259194,
            17.4519816
          ],
          [
            78.5241004,
            17.451608
          ],
          [
            78.5223421,
            17.451249
          ],
          [
            78.5206576,
            17.450938
          ]
        ]
      },
      "properties": {
        "segment_id": "R0310",
        "source_node": "N082",
        "target_node": "N081",
        "road_class": "arterial",
        "lanes": 1,
        "free_flow_speed_kmh": 60.0,
        "capacity_vph": 1035.0,
        "length_km": 1.188,
        "grade_pct": 1.48,
        "structural_bottleneck": false,
        "importance": 1.0235705111648374,
        "signal_id": "SIG060"
      }
    },
    {
      "type": "Feature",
      "geometry": {
        "type": "LineString",
        "coordinates": [
          [
            78.520335,
            17.4511551
          ],
          [
            78.5198193,
            17.4522776
          ],
          [
            78.5192578,
            17.4534431
          ],
          [
            78.5186857,
            17.4546518
          ],
          [
            78.5181286,
            17.4559007
          ],
          [
            78.5176205,
            17.4571895
          ],
          [
            78.5171838,
            17.4585141
          ],
          [
            78.5168165,
            17.4598622
          ],
          [
            78.5164932,
            17.4612134
          ],
          [
            78.51618,
            17.4625446
          ],
          [
            78.5158545,
            17.4638365
          ],
          [
            78.5155187,
            17.4650782
          ],
          [
            78.5152313,
            17.4662778
          ]
        ]
      },
      "properties": {
        "segment_id": "R0311",
        "source_node": "N081",
        "target_node": "N093",
        "road_class": "arterial",
        "lanes": 2,
        "free_flow_speed_kmh": 40.0,
        "capacity_vph": 2070.0,
        "length_km": 1.322,
        "grade_pct": 2.52,
        "structural_bottleneck": false,
        "importance": 1.2250838138030622,
        "signal_id": "SIG049"
      }
    },
    {
      "type": "Feature",
      "geometry": {
        "type": "LineString",
        "coordinates": [
          [
            78.5158377,
            17.4664824
          ],
          [
            78.5160955,
            17.4652729
          ],
          [
            78.5163085,
            17.4639898
          ],
          [
            78.5165671,
            17.4626752
          ],
          [
            78.516898,
            17.46135
          ],
          [
            78.5173162,
            17.4600308
          ],
          [
            78.517812,
            17.4587262
          ],
          [
            78.5183526,
            17.4574366
          ],
          [
            78.5188968,
            17.45616
          ],
          [
            78.5194153,
            17.454898
          ],
          [
            78.5199031,
            17.4536609
          ],
          [
            78.520379,
            17.4524664
          ],
          [
            78.5209414,
            17.4513597
          ]
        ]
      },
      "properties": {
        "segment_id": "R0312",
        "source_node": "N093",
        "target_node": "N081",
        "road_class": "arterial",
        "lanes": 1,
        "free_flow_speed_kmh": 30.0,
        "capacity_vph": 1035.0,
        "length_km": 1.78,
        "grade_pct": 0.41,
        "structural_bottleneck": false,
        "importance": 1.4150195661318854,
        "signal_id": "SIG060"
      }
    },
    {
      "type": "Feature",
      "geometry": {
        "type": "LineString",
        "coordinates": [
          [
            78.542671,
            17.4529192
          ],
          [
            78.5440299,
            17.4533999
          ],
          [
            78.545452,
            17.4538642
          ],
          [
            78.5469301,
            17.4542125
          ],
          [
            78.5484526,
            17.4544289
          ],
          [
            78.5500062,
            17.4545235
          ],
          [
            78.5515769,
            17.4545308
          ],
          [
            78.5531499,
            17.4544939
          ],
          [
            78.5547111,
            17.4544429
          ],
          [
            78.5562478,
            17.4543821
          ],
          [
            78.5577487,
            17.4542913
          ],
          [
            78.5592026,
            17.454142
          ],
          [
            78.5606017,
            17.4538473
          ]
        ]
      },
      "properties": {
        "segment_id": "R0313",
        "source_node": "N082",
        "target_node": "N083",
        "road_class": "arterial",
        "lanes": 1,
        "free_flow_speed_kmh": 50.0,
        "capacity_vph": 1035.0,
        "length_km": 1.582,
        "grade_pct": -2.8,
        "structural_bottleneck": false,
        "importance": 0.9404675173740517,
        "signal_id": "SIG025"
      }
    },
    {
      "type": "Feature",
      "geometry": {
        "type": "LineString",
        "coordinates": [
          [
            78.5606347,
            17.4532081
          ],
          [
            78.5592303,
            17.4536077
          ],
          [
            78.5577689,
            17.4539007
          ],
          [
            78.5562651,
            17.4540493
          ],
          [
            78.5547306,
            17.4540653
          ],
          [
            78.5531762,
            17.4539848
          ],
          [
            78.551612,
            17.4538519
          ],
          [
            78.550049,
            17.453698
          ],
          [
            78.5484992,
            17.4535282
          ],
          [
            78.5469762,
            17.4533232
          ],
          [
            78.5454939,
            17.453056
          ],
          [
            78.5440655,
            17.4527121
          ],
          [
            78.542704,
            17.45228
          ]
        ]
      },
      "properties": {
        "segment_id": "R0314",
        "source_node": "N083",
        "target_node": "N082",
        "road_class": "arterial",
        "lanes": 3,
        "free_flow_speed_kmh": 50.0,
        "capacity_vph": 3105.0,
        "length_km": 1.366,
        "grade_pct": 0.57,
        "structural_bottleneck": false,
        "importance": 0.9552316244274204,
        "signal_id": null
      }
    },
    {
      "type": "Feature",
      "geometry": {
        "type": "LineString",
        "coordinates": [
          [
            78.5423734,
            17.4525383
          ],
          [
            78.5417712,
            17.453971
          ],
          [
            78.5412944,
            17.4554981
          ],
          [
            78.5409002,
            17.4570974
          ],
          [
            78.5405596,
            17.458749
          ],
          [
            78.5402361,
            17.4604319
          ],
          [
            78.5399057,
            17.4621275
          ],
          [
            78.5395707,
            17.4638222
          ],
          [
            78.5392568,
            17.465507
          ],
          [
            78.5389973,
            17.4671745
          ],
          [
            78.5388128,
            17.4688147
          ],
          [
            78.538698,
            17.4704124
          ],
          [
            78.5385862,
            17.4719409
          ]
        ]
      },
      "properties": {
        "segment_id": "R0315",
        "source_node": "N082",
        "target_node": "N094",
        "road_class": "arterial",
        "lanes": 1,
        "free_flow_speed_kmh": 40.0,
        "capacity_vph": 1035.0,
        "length_km": 0.821,
        "grade_pct": 3.29,
        "structural_bottleneck": false,
        "importance": 1.2009814030011738,
        "signal_id": "SIG055"
      }
    },
    {
      "type": "Feature",
      "geometry": {
        "type": "LineString",
        "coordinates": [
          [
            78.5392144,
            17.4720635
          ],
          [
            78.5391933,
            17.4705091
          ],
          [
            78.5393602,
            17.4689215
          ],
          [
            78.5396048,
            17.4672931
          ],
          [
            78.539885,
            17.4656297
          ],
          [
            78.5401721,
            17.4639396
          ],
          [
            78.5404631,
            17.4622363
          ],
          [
            78.5407786,
            17.4605378
          ],
          [
            78.5411465,
            17.4588635
          ],
          [
            78.5415815,
            17.4572304
          ],
          [
            78.5420727,
            17.4556501
          ],
          [
            78.5425852,
            17.4541299
          ],
          [
            78.5430016,
            17.4526609
          ]
        ]
      },
      "properties": {
        "segment_id": "R0316",
        "source_node": "N094",
        "target_node": "N082",
        "road_class": "arterial",
        "lanes": 1,
        "free_flow_speed_kmh": 50.0,
        "capacity_vph": 1035.0,
        "length_km": 0.938,
        "grade_pct": -3.73,
        "structural_bottleneck": false,
        "importance": 0.9624140484973058,
        "signal_id": null
      }
    },
    {
      "type": "Feature",
      "geometry": {
        "type": "LineString",
        "coordinates": [
          [
            78.5605471,
            17.4538397
          ],
          [
            78.5613833,
            17.4545074
          ],
          [
            78.5623039,
            17.4550003
          ],
          [
            78.5632754,
            17.4554267
          ],
          [
            78.5642826,
            17.4558138
          ],
          [
            78.5653162,
            17.4561631
          ],
          [
            78.5663724,
            17.4564527
          ],
          [
            78.5674487,
            17.456654
          ],
          [
            78.5685398,
            17.4567513
          ],
          [
            78.5696344,
            17.4567551
          ],
          [
            78.5707159,
            17.4566989
          ],
          [
            78.5717662,
            17.4566233
          ],
          [
            78.5727547,
            17.4566232
          ]
        ]
      },
      "properties": {
        "segment_id": "R0317",
        "source_node": "N083",
        "target_node": "N084",
        "road_class": "arterial",
        "lanes": 3,
        "free_flow_speed_kmh": 30.0,
        "capacity_vph": 3105.0,
        "length_km": 1.149,
        "grade_pct": -2.66,
        "structural_bottleneck": false,
        "importance": 1.3877623441788067,
        "signal_id": "SIG073"
      }
    },
    {
      "type": "Feature",
      "geometry": {
        "type": "LineString",
        "coordinates": [
          [
            78.5728969,
            17.4559992
          ],
          [
            78.5718676,
            17.4561784
          ],
          [
            78.570819,
            17.4562468
          ],
          [
            78.5697485,
            17.4562547
          ],
          [
            78.5686639,
            17.4562069
          ],
          [
            78.5675783,
            17.4560855
          ],
          [
            78.5665063,
            17.4558655
          ],
          [
            78.5654593,
            17.4555355
          ],
          [
            78.564443,
            17.4551102
          ],
          [
            78.5634577,
            17.4546272
          ],
          [
            78.5625021,
            17.454131
          ],
          [
            78.5615782,
            17.4536523
          ],
          [
            78.5606893,
            17.4532157
          ]
        ]
      },
      "properties": {
        "segment_id": "R0318",
        "source_node": "N084",
        "target_node": "N083",
        "road_class": "arterial",
        "lanes": 2,
        "free_flow_speed_kmh": 50.0,
        "capacity_vph": 2070.0,
        "length_km": 1.685,
        "grade_pct": 1.06,
        "structural_bottleneck": false,
        "importance": 1.1784516668963136,
        "signal_id": "SIG025"
      }
    },
    {
      "type": "Feature",
      "geometry": {
        "type": "LineString",
        "coordinates": [
          [
            78.5603085,
            17.4534471
          ],
          [
            78.5597412,
            17.4548448
          ],
          [
            78.5591372,
            17.4563028
          ],
          [
            78.5585402,
            17.4578183
          ],
          [
            78.5579769,
            17.4593844
          ],
          [
            78.55748,
            17.4609958
          ],
          [
            78.5570689,
            17.4626433
          ],
          [
            78.5567369,
            17.4643115
          ],
          [
            78.5564548,
            17.4659787
          ],
          [
            78.5561867,
            17.4676217
          ],
          [
            78.5559107,
            17.4692208
          ],
          [
            78.5556306,
            17.4707631
          ],
          [
            78.5554129,
            17.4722519
          ]
        ]
      },
      "properties": {
        "segment_id": "R0319",
        "source_node": "N083",
        "target_node": "N095",
        "road_class": "arterial",
        "lanes": 3,
        "free_flow_speed_kmh": 40.0,
        "capacity_vph": 3105.0,
        "length_km": 1.462,
        "grade_pct": -1.46,
        "structural_bottleneck": false,
        "importance": 0.9919328307614528,
        "signal_id": null
      }
    },
    {
      "type": "Feature",
      "geometry": {
        "type": "LineString",
        "coordinates": [
          [
            78.5560323,
            17.4724131
          ],
          [
            78.5563473,
            17.4709497
          ],
          [
            78.5566483,
            17.4694129
          ],
          [
            78.5569487,
            17.4678201
          ],
          [
            78.5572647,
            17.4661896
          ],
          [
            78.557625,
            17.4645427
          ],
          [
            78.5580509,
            17.462899
          ],
          [
            78.5585398,
            17.4612717
          ],
          [
            78.5590641,
            17.4596675
          ],
          [
            78.5595835,
            17.4580899
          ],
          [
            78.5600654,
            17.4565444
          ],
          [
            78.5605006,
            17.4550425
          ],
          [
            78.5609279,
            17.4536083
          ]
        ]
      },
      "properties": {
        "segment_id": "R0320",
        "source_node": "N095",
        "target_node": "N083",
        "road_class": "arterial",
        "lanes": 2,
        "free_flow_speed_kmh": 50.0,
        "capacity_vph": 2070.0,
        "length_km": 1.285,
        "grade_pct": -1.24,
        "structural_bottleneck": false,
        "importance": 1.0861942017765984,
        "signal_id": "SIG025"
      }
    },
    {
      "type": "Feature",
      "geometry": {
        "type": "LineString",
        "coordinates": [
          [
            78.572517,
            17.4562273
          ],
          [
            78.5720892,
            17.4575469
          ],
          [
            78.5715668,
            17.4589056
          ],
          [
            78.5710413,
            17.4603153
          ],
          [
            78.570548,
            17.4617726
          ],
          [
            78.5701143,
            17.463272
          ],
          [
            78.5697438,
            17.4648016
          ],
          [
            78.569415,
            17.4663425
          ],
          [
            78.5690945,
            17.4678726
          ],
          [
            78.5687563,
            17.4693721
          ],
          [
            78.5683982,
            17.4708273
          ],
          [
            78.5680434,
            17.4722315
          ],
          [
            78.5677956,
            17.4736001
          ]
        ]
      },
      "properties": {
        "segment_id": "R0321",
        "source_node": "N084",
        "target_node": "N096",
        "road_class": "arterial",
        "lanes": 1,
        "free_flow_speed_kmh": 30.0,
        "capacity_vph": 1035.0,
        "length_km": 1.617,
        "grade_pct": 2.01,
        "structural_bottleneck": false,
        "importance": 1.1866542554798407,
        "signal_id": "SIG067"
      }
    },
    {
      "type": "Feature",
      "geometry": {
        "type": "LineString",
        "coordinates": [
          [
            78.5684132,
            17.4737679
          ],
          [
            78.5686651,
            17.4724005
          ],
          [
            78.568875,
            17.4709568
          ],
          [
            78.5691449,
            17.4694777
          ],
          [
            78.5694952,
            17.4679815
          ],
          [
            78.5699224,
            17.4664804
          ],
          [
            78.5703982,
            17.4649794
          ],
          [
            78.5708822,
            17.4634807
          ],
          [
            78.571342,
            17.4619884
          ],
          [
            78.5717693,
            17.4605132
          ],
          [
            78.5721805,
            17.4590724
          ],
          [
            78.5726044,
            17.4576869
          ],
          [
            78.5731346,
            17.4563951
          ]
        ]
      },
      "properties": {
        "segment_id": "R0322",
        "source_node": "N096",
        "target_node": "N084",
        "road_class": "arterial",
        "lanes": 3,
        "free_flow_speed_kmh": 40.0,
        "capacity_vph": 3105.0,
        "length_km": 1.364,
        "grade_pct": -1.51,
        "structural_bottleneck": false,
        "importance": 1.1431751923728932,
        "signal_id": "SIG073"
      }
    },
    {
      "type": "Feature",
      "geometry": {
        "type": "LineString",
        "coordinates": [
          [
            78.342899,
            17.447498
          ],
          [
            78.3439927,
            17.4480372
          ],
          [
            78.3451415,
            17.4484891
          ],
          [
            78.3463382,
            17.4487992
          ],
          [
            78.3475723,
            17.4489729
          ],
          [
            78.3488322,
            17.4490415
          ],
          [
            78.3501055,
            17.4490484
          ],
          [
            78.3513801,
            17.4490283
          ],
          [
            78.3526456,
            17.4489912
          ],
          [
            78.3538925,
            17.4489211
          ],
          [
            78.3551122,
            17.44879
          ],
          [
            78.3562956,
            17.4485786
          ],
          [
            78.3574342,
            17.448257
          ]
        ]
      },
      "properties": {
        "segment_id": "R0323",
        "source_node": "N085",
        "target_node": "N086",
        "road_class": "collector",
        "lanes": 2,
        "free_flow_speed_kmh": 40.0,
        "capacity_vph": 1800.0,
        "length_km": 1.172,
        "grade_pct": -0.79,
        "structural_bottleneck": false,
        "importance": 0.8550493206947167,
        "signal_id": "SIG054"
      }
    },
    {
      "type": "Feature",
      "geometry": {
        "type": "LineString",
        "coordinates": [
          [
            78.3574572,
            17.4478176
          ],
          [
            78.3563109,
            17.4482863
          ],
          [
            78.3551235,
            17.4485734
          ],
          [
            78.3539034,
            17.4487124
          ],
          [
            78.3526589,
            17.4487359
          ],
          [
            78.3513979,
            17.4486884
          ],
          [
            78.3501286,
            17.4486054
          ],
          [
            78.3488606,
            17.4484974
          ],
          [
            78.3476049,
            17.4483494
          ],
          [
            78.3463729,
            17.4481343
          ],
          [
            78.3451757,
            17.4478342
          ],
          [
            78.344023,
            17.4474559
          ],
          [
            78.342922,
            17.4470586
          ]
        ]
      },
      "properties": {
        "segment_id": "R0324",
        "source_node": "N086",
        "target_node": "N085",
        "road_class": "collector",
        "lanes": 2,
        "free_flow_speed_kmh": 60.0,
        "capacity_vph": 1800.0,
        "length_km": 0.984,
        "grade_pct": 0.68,
        "structural_bottleneck": false,
        "importance": 0.595193332210792,
        "signal_id": "SIG066"
      }
    },
    {
      "type": "Feature",
      "geometry": {
        "type": "LineString",
        "coordinates": [
          [
            78.3426908,
            17.4472677
          ],
          [
            78.3423897,
            17.4482663
          ],
          [
            78.3422457,
            17.4493182
          ],
          [
            78.3421595,
            17.4504095
          ],
          [
            78.3420925,
            17.451529
          ],
          [
            78.3420154,
            17.4526664
          ],
          [
            78.3419241,
            17.4538122
          ],
          [
            78.34184,
            17.4549584
          ],
          [
            78.341796,
            17.4560973
          ],
          [
            78.3418159,
            17.4572211
          ],
          [
            78.3418984,
            17.4583204
          ],
          [
            78.3420165,
            17.4593849
          ],
          [
            78.3420592,
            17.4604
          ]
        ]
      },
      "properties": {
        "segment_id": "R0325",
        "source_node": "N085",
        "target_node": "N097",
        "road_class": "collector",
        "lanes": 2,
        "free_flow_speed_kmh": 50.0,
        "capacity_vph": 1800.0,
        "length_km": 0.999,
        "grade_pct": -0.81,
        "structural_bottleneck": false,
        "importance": 0.7005148485419297,
        "signal_id": "SIG079"
      }
    },
    {
      "type": "Feature",
      "geometry": {
        "type": "LineString",
        "coordinates": [
          [
            78.3424986,
            17.4604212
          ],
          [
            78.3423283,
            17.4593999
          ],
          [
            78.3422992,
            17.4583397
          ],
          [
            78.342297,
            17.4572442
          ],
          [
            78.3422917,
            17.4561212
          ],
          [
            78.3422785,
            17.4549795
          ],
          [
            78.3422781,
            17.4538292
          ],
          [
            78.3423224,
            17.4526811
          ],
          [
            78.3424338,
            17.4515454
          ],
          [
            78.3426096,
            17.4504311
          ],
          [
            78.3428216,
            17.4493459
          ],
          [
            78.34303,
            17.4482971
          ],
          [
            78.3431302,
            17.4472889
          ]
        ]
      },
      "properties": {
        "segment_id": "R0326",
        "source_node": "N097",
        "target_node": "N085",
        "road_class": "collector",
        "lanes": 1,
        "free_flow_speed_kmh": 50.0,
        "capacity_vph": 900.0,
        "length_km": 1.221,
        "grade_pct": 1.3,
        "structural_bottleneck": false,
        "importance": 0.7859955786483195,
        "signal_id": "SIG066"
      }
    },
    {
      "type": "Feature",
      "geometry": {
        "type": "LineString",
        "coordinates": [
          [
            78.3574158,
            17.4482553
          ],
          [
            78.3588866,
            17.4488804
          ],
          [
            78.3604432,
            17.4493925
          ],
          [
            78.3620627,
            17.4498552
          ],
          [
            78.3637301,
            17.4502753
          ],
          [
            78.3654341,
            17.4506345
          ],
          [
            78.3671645,
            17.4509032
          ],
          [
            78.36891,
            17.4510619
          ],
          [
            78.3706557,
            17.4511162
          ],
          [
            78.3723836,
            17.4510967
          ],
          [
            78.3740736,
            17.451045
          ],
          [
            78.3757076,
            17.450993
          ],
          [
            78.3772661,
            17.4509794
          ]
        ]
      },
      "properties": {
        "segment_id": "R0327",
        "source_node": "N086",
        "target_node": "N087",
        "road_class": "collector",
        "lanes": 2,
        "free_flow_speed_kmh": 30.0,
        "capacity_vph": 1800.0,
        "length_km": 1.193,
        "grade_pct": 0.65,
        "structural_bottleneck": false,
        "importance": 0.81076249612002,
        "signal_id": "SIG053"
      }
    },
    {
      "type": "Feature",
      "geometry": {
        "type": "LineString",
        "coordinates": [
          [
            78.3773259,
            17.4505434
          ],
          [
            78.3757471,
            17.4507051
          ],
          [
            78.3741042,
            17.4508222
          ],
          [
            78.3724139,
            17.4508752
          ],
          [
            78.3706924,
            17.4508493
          ],
          [
            78.3689571,
            17.4507187
          ],
          [
            78.3672242,
            17.4504682
          ],
          [
            78.3655065,
            17.4501071
          ],
          [
            78.3638132,
            17.4496704
          ],
          [
            78.3621521,
            17.4492035
          ],
          [
            78.3605325,
            17.4487417
          ],
          [
            78.3589669,
            17.4482952
          ],
          [
            78.3574756,
            17.4478193
          ]
        ]
      },
      "properties": {
        "segment_id": "R0328",
        "source_node": "N087",
        "target_node": "N086",
        "road_class": "collector",
        "lanes": 2,
        "free_flow_speed_kmh": 30.0,
        "capacity_vph": 1800.0,
        "length_km": 1.0,
        "grade_pct": -0.67,
        "structural_bottleneck": false,
        "importance": 0.6146436014078633,
        "signal_id": "SIG054"
      }
    },
    {
      "type": "Feature",
      "geometry": {
        "type": "LineString",
        "coordinates": [
          [
            78.3572296,
            17.4479959
          ],
          [
            78.3568695,
            17.4491395
          ],
          [
            78.3564347,
            17.4503235
          ],
          [
            78.3560208,
            17.4515553
          ],
          [
            78.3556615,
            17.4528304
          ],
          [
            78.3553799,
            17.4541422
          ],
          [
            78.3551741,
            17.4554795
          ],
          [
            78.3550175,
            17.4568263
          ],
          [
            78.3548731,
            17.4581644
          ],
          [
            78.3547142,
            17.4594779
          ],
          [
            78.3545393,
            17.4607555
          ],
          [
            78.3543715,
            17.4619907
          ],
          [
            78.3543169,
            17.4631929
          ]
        ]
      },
      "properties": {
        "segment_id": "R0329",
        "source_node": "N086",
        "target_node": "N098",
        "road_class": "collector",
        "lanes": 2,
        "free_flow_speed_kmh": 40.0,
        "capacity_vph": 1800.0,
        "length_km": 1.553,
        "grade_pct": 2.73,
        "structural_bottleneck": false,
        "importance": 0.6795835111945132,
        "signal_id": "SIG045"
      }
    },
    {
      "type": "Feature",
      "geometry": {
        "type": "LineString",
        "coordinates": [
          [
            78.3547491,
            17.4632757
          ],
          [
            78.3548102,
            17.4620748
          ],
          [
            78.3548312,
            17.4608115
          ],
          [
            78.3548867,
            17.459511
          ],
          [
            78.3550046,
            17.4581896
          ],
          [
            78.3552087,
            17.4568629
          ],
          [
            78.3555012,
            17.4555422
          ],
          [
            78.3558576,
            17.4542338
          ],
          [
            78.3562375,
            17.4529408
          ],
          [
            78.3566043,
            17.4516671
          ],
          [
            78.3569429,
            17.4504209
          ],
          [
            78.3572651,
            17.4492153
          ],
          [
            78.3576618,
            17.4480787
          ]
        ]
      },
      "properties": {
        "segment_id": "R0330",
        "source_node": "N098",
        "target_node": "N086",
        "road_class": "collector",
        "lanes": 2,
        "free_flow_speed_kmh": 50.0,
        "capacity_vph": 1800.0,
        "length_km": 0.758,
        "grade_pct": 0.43,
        "structural_bottleneck": false,
        "importance": 0.7309429488890895,
        "signal_id": "SIG054"
      }
    },
    {
      "type": "Feature",
      "geometry": {
        "type": "LineString",
        "coordinates": [
          [
            78.3772536,
            17.4510786
          ],
          [
            78.3790108,
            17.4517063
          ],
          [
            78.3808494,
            17.4523459
          ],
          [
            78.3827673,
            17.4528901
          ],
          [
            78.3847511,
            17.4533142
          ],
          [
            78.3867845,
            17.4536156
          ],
          [
            78.3888477,
            17.4538184
          ],
          [
            78.3909187,
            17.453963
          ],
          [
            78.392976,
            17.4540852
          ],
          [
            78.3950013,
            17.4541989
          ],
          [
            78.3969796,
            17.4542912
          ],
          [
            78.3988982,
            17.4543331
          ],
          [
            78.4007543,
            17.4542216
          ]
        ]
      },
      "properties": {
        "segment_id": "R0331",
        "source_node": "N087",
        "target_node": "N088",
        "road_class": "arterial",
        "lanes": 1,
        "free_flow_speed_kmh": 50.0,
        "capacity_vph": 1035.0,
        "length_km": 1.55,
        "grade_pct": -2.02,
        "structural_bottleneck": false,
        "importance": 1.1437864936610238,
        "signal_id": null
      }
    },
    {
      "type": "Feature",
      "geometry": {
        "type": "LineString",
        "coordinates": [
          [
            78.4008391,
            17.4535872
          ],
          [
            78.3989707,
            17.453791
          ],
          [
            78.3970296,
            17.4539173
          ],
          [
            78.3950413,
            17.4539001
          ],
          [
            78.393022,
            17.4537416
          ],
          [
            78.3909845,
            17.4534706
          ],
          [
            78.3889395,
            17.4531318
          ],
          [
            78.3868982,
            17.4527653
          ],
          [
            78.3848748,
            17.452389
          ],
          [
            78.3828872,
            17.451994
          ],
          [
            78.3809551,
            17.4515555
          ],
          [
            78.3790981,
            17.4510535
          ],
          [
            78.3773384,
            17.4504442
          ]
        ]
      },
      "properties": {
        "segment_id": "R0332",
        "source_node": "N088",
        "target_node": "N087",
        "road_class": "arterial",
        "lanes": 2,
        "free_flow_speed_kmh": 50.0,
        "capacity_vph": 2070.0,
        "length_km": 1.591,
        "grade_pct": 3.22,
        "structural_bottleneck": false,
        "importance": 0.9445500340248414,
        "signal_id": "SIG053"
      }
    },
    {
      "type": "Feature",
      "geometry": {
        "type": "LineString",
        "coordinates": [
          [
            78.3769881,
            17.4506742
          ],
          [
            78.3763498,
            17.4516918
          ],
          [
            78.3758112,
            17.4527917
          ],
          [
            78.375364,
            17.4539608
          ],
          [
            78.3749877,
            17.4551824
          ],
          [
            78.3746467,
            17.4564356
          ],
          [
            78.37431,
            17.4577008
          ],
          [
            78.3739686,
            17.4589647
          ],
          [
            78.3736391,
            17.4602212
          ],
          [
            78.3733536,
            17.4614685
          ],
          [
            78.373139,
            17.4627035
          ],
          [
            78.3730009,
            17.4639168
          ],
          [
            78.3729049,
            17.4650881
          ]
        ]
      },
      "properties": {
        "segment_id": "R0333",
        "source_node": "N087",
        "target_node": "N099",
        "road_class": "arterial",
        "lanes": 2,
        "free_flow_speed_kmh": 30.0,
        "capacity_vph": 2070.0,
        "length_km": 0.785,
        "grade_pct": -2.89,
        "structural_bottleneck": false,
        "importance": 1.06675205307606,
        "signal_id": "SIG040"
      }
    },
    {
      "type": "Feature",
      "geometry": {
        "type": "LineString",
        "coordinates": [
          [
            78.3735207,
            17.4652625
          ],
          [
            78.3734903,
            17.4640555
          ],
          [
            78.3736472,
            17.4628474
          ],
          [
            78.373901,
            17.4616236
          ],
          [
            78.3742101,
            17.460383
          ],
          [
            78.3745382,
            17.4591261
          ],
          [
            78.3748704,
            17.4578596
          ],
          [
            78.3752183,
            17.4565975
          ],
          [
            78.3756079,
            17.455358
          ],
          [
            78.3760602,
            17.454158
          ],
          [
            78.3765745,
            17.453008
          ],
          [
            78.3771242,
            17.4519112
          ],
          [
            78.3776039,
            17.4508486
          ]
        ]
      },
      "properties": {
        "segment_id": "R0334",
        "source_node": "N099",
        "target_node": "N087",
        "road_class": "arterial",
        "lanes": 2,
        "free_flow_speed_kmh": 30.0,
        "capacity_vph": 2070.0,
        "length_km": 1.232,
        "grade_pct": -1.22,
        "structural_bottleneck": false,
        "importance": 0.9833102967184288,
        "signal_id": "SIG053"
      }
    },
    {
      "type": "Feature",
      "geometry": {
        "type": "LineString",
        "coordinates": [
          [
            78.4007581,
            17.454121
          ],
          [
            78.4024976,
            17.4545925
          ],
          [
            78.4043399,
            17.4549482
          ],
          [
            78.4062489,
            17.455299
          ],
          [
            78.408203,
            17.4556735
          ],
          [
            78.4101848,
            17.4560775
          ],
          [
            78.4121814,
            17.4564905
          ],
          [
            78.4141827,
            17.456877
          ],
          [
            78.4161777,
            17.457207
          ],
          [
            78.4181511,
            17.4574729
          ],
          [
            78.4200832,
            17.4576939
          ],
          [
            78.4219515,
            17.4579038
          ],
          [
            78.4237206,
            17.4582081
          ]
        ]
      },
      "properties": {
        "segment_id": "R0335",
        "source_node": "N088",
        "target_node": "N089",
        "road_class": "collector",
        "lanes": 2,
        "free_flow_speed_kmh": 60.0,
        "capacity_vph": 1800.0,
        "length_km": 1.009,
        "grade_pct": 1.27,
        "structural_bottleneck": false,
        "importance": 0.8162678063949385,
        "signal_id": null
      }
    },
    {
      "type": "Feature",
      "geometry": {
        "type": "LineString",
        "coordinates": [
          [
            78.4237978,
            17.4577749
          ],
          [
            78.4220116,
            17.4575658
          ],
          [
            78.4201569,
            17.45728
          ],
          [
            78.4182363,
            17.4569943
          ],
          [
            78.4162643,
            17.45672
          ],
          [
            78.4142601,
            17.4564421
          ],
          [
            78.4122454,
            17.4561309
          ],
          [
            78.4102408,
            17.4557625
          ],
          [
            78.4082632,
            17.4553354
          ],
          [
            78.4063244,
            17.4548749
          ],
          [
            78.4044338,
            17.4544208
          ],
          [
            78.4026018,
            17.4540071
          ],
          [
            78.4008353,
            17.4536878
          ]
        ]
      },
      "properties": {
        "segment_id": "R0336",
        "source_node": "N089",
        "target_node": "N088",
        "road_class": "collector",
        "lanes": 2,
        "free_flow_speed_kmh": 60.0,
        "capacity_vph": 1800.0,
        "length_km": 1.059,
        "grade_pct": 0.6,
        "structural_bottleneck": false,
        "importance": 0.8198399598739936,
        "signal_id": null
      }
    },
    {
      "type": "Feature",
      "geometry": {
        "type": "LineString",
        "coordinates": [
          [
            78.4005774,
            17.4539215
          ],
          [
            78.4006001,
            17.455048
          ],
          [
            78.4006016,
            17.4562271
          ],
          [
            78.4005903,
            17.4574479
          ],
          [
            78.4005837,
            17.4586989
          ],
          [
            78.4006139,
            17.4599673
          ],
          [
            78.400707,
            17.4612411
          ],
          [
            78.4008656,
            17.4625097
          ],
          [
            78.401066,
            17.4637649
          ],
          [
            78.4012697,
            17.4649994
          ],
          [
            78.4014444,
            17.4662057
          ],
          [
            78.4015809,
            17.4673742
          ],
          [
            78.4017144,
            17.4684921
          ]
        ]
      },
      "properties": {
        "segment_id": "R0337",
        "source_node": "N088",
        "target_node": "N100",
        "road_class": "collector",
        "lanes": 2,
        "free_flow_speed_kmh": 30.0,
        "capacity_vph": 1800.0,
        "length_km": 1.203,
        "grade_pct": 3.88,
        "structural_bottleneck": false,
        "importance": 0.7589241856392122,
        "signal_id": "SIG041"
      }
    },
    {
      "type": "Feature",
      "geometry": {
        "type": "LineString",
        "coordinates": [
          [
            78.402153,
            17.4684579
          ],
          [
            78.4020022,
            17.4673414
          ],
          [
            78.4017681,
            17.4661804
          ],
          [
            78.401538,
            17.4649785
          ],
          [
            78.4013454,
            17.4637431
          ],
          [
            78.4012175,
            17.4624822
          ],
          [
            78.4011581,
            17.4612059
          ],
          [
            78.4011446,
            17.4599259
          ],
          [
            78.4011398,
            17.4586555
          ],
          [
            78.401113,
            17.4574071
          ],
          [
            78.4010569,
            17.4561916
          ],
          [
            78.4009907,
            17.4550176
          ],
          [
            78.401016,
            17.4538873
          ]
        ]
      },
      "properties": {
        "segment_id": "R0338",
        "source_node": "N100",
        "target_node": "N088",
        "road_class": "collector",
        "lanes": 2,
        "free_flow_speed_kmh": 40.0,
        "capacity_vph": 1800.0,
        "length_km": 1.105,
        "grade_pct": -3.66,
        "structural_bottleneck": false,
        "importance": 0.783982384566233,
        "signal_id": null
      }
    },
    {
      "type": "Feature",
      "geometry": {
        "type": "LineString",
        "coordinates": [
          [
            78.4237447,
            17.458211
          ],
          [
            78.4253816,
            17.4584286
          ],
          [
            78.4270884,
            17.4587162
          ],
          [
            78.4288575,
            17.4589629
          ],
          [
            78.4306759,
            17.4591416
          ],
          [
            78.4325287,
            17.4592488
          ],
          [
            78.4343997,
            17.4593076
          ],
          [
            78.4362714,
            17.4593551
          ],
          [
            78.4381269,
            17.4594217
          ],
          [
            78.439951,
            17.4595144
          ],
          [
            78.4417298,
            17.4596136
          ],
          [
            78.4434509,
            17.4596856
          ],
          [
            78.4451063,
            17.4596259
          ]
        ]
      },
      "properties": {
        "segment_id": "R0339",
        "source_node": "N089",
        "target_node": "N090",
        "road_class": "collector",
        "lanes": 2,
        "free_flow_speed_kmh": 50.0,
        "capacity_vph": 1800.0,
        "length_km": 1.05,
        "grade_pct": 3.53,
        "structural_bottleneck": false,
        "importance": 0.7746484322266688,
        "signal_id": "SIG052"
      }
    },
    {
      "type": "Feature",
      "geometry": {
        "type": "LineString",
        "coordinates": [
          [
            78.4451353,
            17.4591869
          ],
          [
            78.4434829,
            17.4592039
          ],
          [
            78.4417516,
            17.4592847
          ],
          [
            78.4399638,
            17.4593209
          ],
          [
            78.4381361,
            17.4592835
          ],
          [
            78.4362841,
            17.4591632
          ],
          [
            78.4344215,
            17.4589778
          ],
          [
            78.4325608,
            17.4587646
          ],
          [
            78.4307143,
            17.458561
          ],
          [
            78.4288958,
            17.4583851
          ],
          [
            78.4271208,
            17.4582274
          ],
          [
            78.4254061,
            17.4580593
          ],
          [
            78.4237737,
            17.457772
          ]
        ]
      },
      "properties": {
        "segment_id": "R0340",
        "source_node": "N090",
        "target_node": "N089",
        "road_class": "collector",
        "lanes": 1,
        "free_flow_speed_kmh": 40.0,
        "capacity_vph": 900.0,
        "length_km": 1.415,
        "grade_pct": -2.28,
        "structural_bottleneck": false,
        "importance": 0.6046504895807838,
        "signal_id": null
      }
    },
    {
      "type": "Feature",
      "geometry": {
        "type": "LineString",
        "coordinates": [
          [
            78.4235434,
            17.4579487
          ],
          [
            78.4229477,
            17.4587991
          ],
          [
            78.4223883,
            17.4597004
          ],
          [
            78.421947,
            17.46066
          ],
          [
            78.4216311,
            17.4616707
          ],
          [
            78.4214211,
            17.4627199
          ],
          [
            78.4212786,
            17.4637913
          ],
          [
            78.4211656,
            17.4648685
          ],
          [
            78.4210631,
            17.465939
          ],
          [
            78.4209791,
            17.4669958
          ],
          [
            78.4209406,
            17.4680353
          ],
          [
            78.4209742,
            17.4690542
          ],
          [
            78.4211422,
            17.470056
          ]
        ]
      },
      "properties": {
        "segment_id": "R0341",
        "source_node": "N089",
        "target_node": "N101",
        "road_class": "collector",
        "lanes": 1,
        "free_flow_speed_kmh": 40.0,
        "capacity_vph": 900.0,
        "length_km": 1.352,
        "grade_pct": 3.55,
        "structural_bottleneck": false,
        "importance": 0.772381342925692,
        "signal_id": "SIG042"
      }
    },
    {
      "type": "Feature",
      "geometry": {
        "type": "LineString",
        "coordinates": [
          [
            78.4215738,
            17.4701416
          ],
          [
            78.4212918,
            17.4691171
          ],
          [
            78.4211522,
            17.4680772
          ],
          [
            78.4211571,
            17.467031
          ],
          [
            78.4212833,
            17.4659827
          ],
          [
            78.4214889,
            17.4649326
          ],
          [
            78.4217327,
            17.4638813
          ],
          [
            78.4219927,
            17.4628333
          ],
          [
            78.4222741,
            17.4617983
          ],
          [
            78.4226005,
            17.4607896
          ],
          [
            78.422995,
            17.4598207
          ],
          [
            78.4234615,
            17.458901
          ],
          [
            78.423975,
            17.4580343
          ]
        ]
      },
      "properties": {
        "segment_id": "R0342",
        "source_node": "N101",
        "target_node": "N089",
        "road_class": "collector",
        "lanes": 3,
        "free_flow_speed_kmh": 60.0,
        "capacity_vph": 2700.0,
        "length_km": 1.593,
        "grade_pct": 3.53,
        "structural_bottleneck": false,
        "importance": 0.8117428289692473,
        "signal_id": null
      }
    },
    {
      "type": "Feature",
      "geometry": {
        "type": "LineString",
        "coordinates": [
          [
            78.4451012,
            17.4597258
          ],
          [
            78.4474542,
            17.4601595
          ],
          [
            78.4499237,
            17.4604443
          ],
          [
            78.4524836,
            17.4606557
          ],
          [
            78.4551102,
            17.4608296
          ],
          [
            78.4577799,
            17.4610011
          ],
          [
            78.4604703,
            17.4611853
          ],
          [
            78.4631606,
            17.4613699
          ],
          [
            78.4658314,
            17.4615238
          ],
          [
            78.468463,
            17.461617
          ],
          [
            78.4710345,
            17.4616391
          ],
          [
            78.4735234,
            17.4616074
          ],
          [
            78.4759025,
            17.461616
          ]
        ]
      },
      "properties": {
        "segment_id": "R0343",
        "source_node": "N090",
        "target_node": "N091",
        "road_class": "arterial",
        "lanes": 1,
        "free_flow_speed_kmh": 30.0,
        "capacity_vph": 1035.0,
        "length_km": 0.795,
        "grade_pct": 0.51,
        "structural_bottleneck": false,
        "importance": 1.2227526012602266,
        "signal_id": "SIG051"
      }
    },
    {
      "type": "Feature",
      "geometry": {
        "type": "LineString",
        "coordinates": [
          [
            78.4759417,
            17.4609772
          ],
          [
            78.4735544,
            17.4611027
          ],
          [
            78.4710701,
            17.4610578
          ],
          [
            78.4685032,
            17.460961
          ],
          [
            78.4658728,
            17.46085
          ],
          [
            78.4631992,
            17.4607423
          ],
          [
            78.4605045,
            17.4606282
          ],
          [
            78.4578119,
            17.4604791
          ],
          [
            78.4551447,
            17.4602678
          ],
          [
            78.4525246,
            17.4599874
          ],
          [
            78.449972,
            17.4596581
          ],
          [
            78.4475058,
            17.4593188
          ],
          [
            78.4451404,
            17.459087
          ]
        ]
      },
      "properties": {
        "segment_id": "R0344",
        "source_node": "N091",
        "target_node": "N090",
        "road_class": "arterial",
        "lanes": 1,
        "free_flow_speed_kmh": 50.0,
        "capacity_vph": 1035.0,
        "length_km": 1.121,
        "grade_pct": 0.17,
        "structural_bottleneck": false,
        "importance": 1.4235102920010427,
        "signal_id": "SIG052"
      }
    },
    {
      "type": "Feature",
      "geometry": {
        "type": "LineString",
        "coordinates": [
          [
            78.4448138,
            17.4593161
          ],
          [
            78.4441269,
            17.4602227
          ],
          [
            78.44357,
            17.4612175
          ],
          [
            78.4430562,
            17.4622651
          ],
          [
            78.4425699,
            17.4633507
          ],
          [
            78.4421216,
            17.4644675
          ],
          [
            78.4417393,
            17.4656138
          ],
          [
            78.4414497,
            17.4667873
          ],
          [
            78.4412599,
            17.4679802
          ],
          [
            78.4411508,
            17.4691769
          ],
          [
            78.4410855,
            17.4703564
          ],
          [
            78.4410287,
            17.4714984
          ],
          [
            78.4409132,
            17.4725731
          ]
        ]
      },
      "properties": {
        "segment_id": "R0345",
        "source_node": "N090",
        "target_node": "N102",
        "road_class": "arterial",
        "lanes": 2,
        "free_flow_speed_kmh": 40.0,
        "capacity_vph": 2070.0,
        "length_km": 1.041,
        "grade_pct": -2.21,
        "structural_bottleneck": false,
        "importance": 1.4102044091062382,
        "signal_id": "SIG044"
      }
    },
    {
      "type": "Feature",
      "geometry": {
        "type": "LineString",
        "coordinates": [
          [
            78.4415272,
            17.4727537
          ],
          [
            78.4414943,
            17.4716354
          ],
          [
            78.4415308,
            17.4704874
          ],
          [
            78.4416208,
            17.4693151
          ],
          [
            78.4417697,
            17.4681302
          ],
          [
            78.4420003,
            17.4669493
          ],
          [
            78.4423338,
            17.4657887
          ],
          [
            78.4427714,
            17.4646587
          ],
          [
            78.4432882,
            17.463562
          ],
          [
            78.4438418,
            17.4624962
          ],
          [
            78.4443916,
            17.4614593
          ],
          [
            78.4449168,
            17.4604551
          ],
          [
            78.4454278,
            17.4594967
          ]
        ]
      },
      "properties": {
        "segment_id": "R0346",
        "source_node": "N102",
        "target_node": "N090",
        "road_class": "arterial",
        "lanes": 3,
        "free_flow_speed_kmh": 30.0,
        "capacity_vph": 3105.0,
        "length_km": 1.676,
        "grade_pct": -1.32,
        "structural_bottleneck": false,
        "importance": 1.2420500618437966,
        "signal_id": "SIG052"
      }
    },
    {
      "type": "Feature",
      "geometry": {
        "type": "LineString",
        "coordinates": [
          [
            78.475894,
            17.4615148
          ],
          [
            78.4775806,
            17.4618966
          ],
          [
            78.4793381,
            17.4623364
          ],
          [
            78.4811602,
            17.4627603
          ],
          [
            78.4830353,
            17.463137
          ],
          [
            78.4849517,
            17.463437
          ],
          [
            78.4868947,
            17.4636517
          ],
          [
            78.4888462,
            17.4637994
          ],
          [
            78.4907861,
            17.4639165
          ],
          [
            78.4926942,
            17.4640369
          ],
          [
            78.4945532,
            17.4641742
          ],
          [
            78.4963491,
            17.4643147
          ],
          [
            78.498078,
            17.4643667
          ]
        ]
      },
      "properties": {
        "segment_id": "R0347",
        "source_node": "N091",
        "target_node": "N092",
        "road_class": "collector",
        "lanes": 3,
        "free_flow_speed_kmh": 60.0,
        "capacity_vph": 2700.0,
        "length_km": 1.757,
        "grade_pct": 2.41,
        "structural_bottleneck": false,
        "importance": 0.8302670999770971,
        "signal_id": "SIG050"
      }
    },
    {
      "type": "Feature",
      "geometry": {
        "type": "LineString",
        "coordinates": [
          [
            78.4981342,
            17.4639303
          ],
          [
            78.4964011,
            17.4639097
          ],
          [
            78.4945848,
            17.4639277
          ],
          [
            78.4927147,
            17.4638778
          ],
          [
            78.4908094,
            17.4637348
          ],
          [
            78.4888854,
            17.4634946
          ],
          [
            78.4869553,
            17.4631801
          ],
          [
            78.4850295,
            17.4628317
          ],
          [
            78.4831188,
            17.4624875
          ],
          [
            78.4812368,
            17.4621647
          ],
          [
            78.4794002,
            17.4618532
          ],
          [
            78.4776283,
            17.4615259
          ],
          [
            78.4759502,
            17.4610784
          ]
        ]
      },
      "properties": {
        "segment_id": "R0348",
        "source_node": "N092",
        "target_node": "N091",
        "road_class": "collector",
        "lanes": 2,
        "free_flow_speed_kmh": 40.0,
        "capacity_vph": 1800.0,
        "length_km": 0.938,
        "grade_pct": -0.65,
        "structural_bottleneck": false,
        "importance": 0.8001081480265816,
        "signal_id": "SIG051"
      }
    },
    {
      "type": "Feature",
      "geometry": {
        "type": "LineString",
        "coordinates": [
          [
            78.4757065,
            17.4612526
          ],
          [
            78.4758483,
            17.4625322
          ],
          [
            78.4758384,
            17.4638372
          ],
          [
            78.4757667,
            17.4651748
          ],
          [
            78.475653,
            17.4665376
          ],
          [
            78.4754898,
            17.4679129
          ],
          [
            78.475253,
            17.4692845
          ],
          [
            78.4749209,
            17.4706366
          ],
          [
            78.4744926,
            17.4719579
          ],
          [
            78.473994,
            17.4732422
          ],
          [
            78.473468,
            17.4744871
          ],
          [
            78.472955,
            17.4756895
          ],
          [
            78.4725243,
            17.4768522
          ]
        ]
      },
      "properties": {
        "segment_id": "R0349",
        "source_node": "N091",
        "target_node": "N103",
        "road_class": "collector",
        "lanes": 2,
        "free_flow_speed_kmh": 60.0,
        "capacity_vph": 1800.0,
        "length_km": 0.999,
        "grade_pct": -3.22,
        "structural_bottleneck": false,
        "importance": 0.7245655692513123,
        "signal_id": "SIG046"
      }
    },
    {
      "type": "Feature",
      "geometry": {
        "type": "LineString",
        "coordinates": [
          [
            78.4729555,
            17.4769402
          ],
          [
            78.4736065,
            17.4758223
          ],
          [
            78.4741031,
            17.4746166
          ],
          [
            78.4745476,
            17.4733551
          ],
          [
            78.4749629,
            17.4720538
          ],
          [
            78.4753454,
            17.4707232
          ],
          [
            78.4756701,
            17.4693696
          ],
          [
            78.4759077,
            17.4679981
          ],
          [
            78.4760449,
            17.4666175
          ],
          [
            78.4760952,
            17.4652418
          ],
          [
            78.4760936,
            17.4638893
          ],
          [
            78.476079,
            17.4625792
          ],
          [
            78.4761377,
            17.4613406
          ]
        ]
      },
      "properties": {
        "segment_id": "R0350",
        "source_node": "N103",
        "target_node": "N091",
        "road_class": "collector",
        "lanes": 2,
        "free_flow_speed_kmh": 60.0,
        "capacity_vph": 1800.0,
        "length_km": 0.872,
        "grade_pct": -0.7,
        "structural_bottleneck": false,
        "importance": 0.6998650033576257,
        "signal_id": "SIG051"
      }
    },
    {
      "type": "Feature",
      "geometry": {
        "type": "LineString",
        "coordinates": [
          [
            78.4980782,
            17.4643667
          ],
          [
            78.4993971,
            17.4647144
          ],
          [
            78.5007826,
            17.4650218
          ],
          [
            78.5022262,
            17.4652607
          ],
          [
            78.5037141,
            17.4654408
          ],
          [
            78.5052302,
            17.4655934
          ],
          [
            78.5067576,
            17.4657539
          ],
          [
            78.5082816,
            17.4659409
          ],
          [
            78.5097909,
            17.4661464
          ],
          [
            78.5112771,
            17.4663404
          ],
          [
            78.5127322,
            17.4664892
          ],
          [
            78.5141461,
            17.4665756
          ],
          [
            78.5155066,
            17.4665983
          ]
        ]
      },
      "properties": {
        "segment_id": "R0351",
        "source_node": "N092",
        "target_node": "N093",
        "road_class": "collector",
        "lanes": 1,
        "free_flow_speed_kmh": 60.0,
        "capacity_vph": 900.0,
        "length_km": 1.609,
        "grade_pct": 0.78,
        "structural_bottleneck": false,
        "importance": 0.5964405972146978,
        "signal_id": "SIG049"
      }
    },
    {
      "type": "Feature",
      "geometry": {
        "type": "LineString",
        "coordinates": [
          [
            78.5155624,
            17.4661619
          ],
          [
            78.5141934,
            17.4662055
          ],
          [
            78.5127803,
            17.4661138
          ],
          [
            78.5113273,
            17.4659484
          ],
          [
            78.5098424,
            17.4657443
          ],
          [
            78.508333,
            17.4655398
          ],
          [
            78.5068085,
            17.4653567
          ],
          [
            78.5052819,
            17.4651896
          ],
          [
            78.5037691,
            17.4650117
          ],
          [
            78.5022861,
            17.4647927
          ],
          [
            78.500847,
            17.4645189
          ],
          [
            78.4994625,
            17.4642036
          ],
          [
            78.498134,
            17.4639303
          ]
        ]
      },
      "properties": {
        "segment_id": "R0352",
        "source_node": "N093",
        "target_node": "N092",
        "road_class": "collector",
        "lanes": 1,
        "free_flow_speed_kmh": 50.0,
        "capacity_vph": 900.0,
        "length_km": 1.455,
        "grade_pct": -0.55,
        "structural_bottleneck": false,
        "importance": 0.6370443739614107,
        "signal_id": "SIG050"
      }
    },
    {
      "type": "Feature",
      "geometry": {
        "type": "LineString",
        "coordinates": [
          [
            78.4978888,
            17.464114
          ],
          [
            78.4980385,
            17.4653915
          ],
          [
            78.498196,
            17.4667267
          ],
          [
            78.498261,
            17.4680925
          ],
          [
            78.4982086,
            17.4694736
          ],
          [
            78.4980305,
            17.4708574
          ],
          [
            78.4977455,
            17.4722355
          ],
          [
            78.4973935,
            17.4736031
          ],
          [
            78.4970178,
            17.4749555
          ],
          [
            78.4966447,
            17.4762857
          ],
          [
            78.4962735,
            17.4775823
          ],
          [
            78.4958825,
            17.4788305
          ],
          [
            78.4953682,
            17.4800026
          ]
        ]
      },
      "properties": {
        "segment_id": "R0353",
        "source_node": "N092",
        "target_node": "N104",
        "road_class": "collector",
        "lanes": 1,
        "free_flow_speed_kmh": 50.0,
        "capacity_vph": 900.0,
        "length_km": 1.032,
        "grade_pct": 1.99,
        "structural_bottleneck": false,
        "importance": 0.838302785726931,
        "signal_id": "SIG043"
      }
    },
    {
      "type": "Feature",
      "geometry": {
        "type": "LineString",
        "coordinates": [
          [
            78.4958028,
            17.4800716
          ],
          [
            78.4963941,
            17.4789117
          ],
          [
            78.4969623,
            17.4776916
          ],
          [
            78.4974176,
            17.4764083
          ],
          [
            78.4977486,
            17.4750714
          ],
          [
            78.4979709,
            17.4736946
          ],
          [
            78.4981212,
            17.4722951
          ],
          [
            78.498239,
            17.4708905
          ],
          [
            78.4983469,
            17.4694955
          ],
          [
            78.4984405,
            17.468121
          ],
          [
            78.498494,
            17.466774
          ],
          [
            78.4984793,
            17.4654614
          ],
          [
            78.4983234,
            17.464183
          ]
        ]
      },
      "properties": {
        "segment_id": "R0354",
        "source_node": "N104",
        "target_node": "N092",
        "road_class": "collector",
        "lanes": 3,
        "free_flow_speed_kmh": 50.0,
        "capacity_vph": 2700.0,
        "length_km": 0.782,
        "grade_pct": -2.04,
        "structural_bottleneck": false,
        "importance": 0.775404972183196,
        "signal_id": "SIG050"
      }
    },
    {
      "type": "Feature",
      "geometry": {
        "type": "LineString",
        "coordinates": [
          [
            78.5154596,
            17.4666912
          ],
          [
            78.5171706,
            17.4674875
          ],
          [
            78.5189815,
            17.468225
          ],
          [
            78.5208686,
            17.468931
          ],
          [
            78.5228165,
            17.4695987
          ],
          [
            78.5248144,
            17.4702009
          ],
          [
            78.5268525,
            17.4707079
          ],
          [
            78.5289165,
            17.4711068
          ],
          [
            78.530986,
            17.4714115
          ],
          [
            78.5330356,
            17.4716564
          ],
          [
            78.5350392,
            17.4718782
          ],
          [
            78.536975,
            17.472097
          ],
          [
            78.5388254,
            17.4723133
          ]
        ]
      },
      "properties": {
        "segment_id": "R0355",
        "source_node": "N093",
        "target_node": "N094",
        "road_class": "arterial",
        "lanes": 3,
        "free_flow_speed_kmh": 60.0,
        "capacity_vph": 3105.0,
        "length_km": 1.561,
        "grade_pct": -2.9,
        "structural_bottleneck": false,
        "importance": 1.163827882171946,
        "signal_id": "SIG055"
      }
    },
    {
      "type": "Feature",
      "geometry": {
        "type": "LineString",
        "coordinates": [
          [
            78.5389752,
            17.4716911
          ],
          [
            78.537096,
            17.471594
          ],
          [
            78.5351368,
            17.471473
          ],
          [
            78.5331265,
            17.4712787
          ],
          [
            78.5310871,
            17.4709913
          ],
          [
            78.529041,
            17.4705892
          ],
          [
            78.5270065,
            17.4700676
          ],
          [
            78.5249955,
            17.4694486
          ],
          [
            78.5230148,
            17.4687744
          ],
          [
            78.521071,
            17.4680897
          ],
          [
            78.5191747,
            17.4674218
          ],
          [
            78.5173428,
            17.4667715
          ],
          [
            78.5156094,
            17.466069
          ]
        ]
      },
      "properties": {
        "segment_id": "R0356",
        "source_node": "N094",
        "target_node": "N093",
        "road_class": "arterial",
        "lanes": 3,
        "free_flow_speed_kmh": 50.0,
        "capacity_vph": 3105.0,
        "length_km": 0.947,
        "grade_pct": 2.55,
        "structural_bottleneck": false,
        "importance": 1.1077585861770565,
        "signal_id": "SIG049"
      }
    },
    {
      "type": "Feature",
      "geometry": {
        "type": "LineString",
        "coordinates": [
          [
            78.515217,
            17.4663405
          ],
          [
            78.514946,
            17.4675392
          ],
          [
            78.5145973,
            17.4687838
          ],
          [
            78.51428,
            17.4700768
          ],
          [
            78.5140261,
            17.4714111
          ],
          [
            78.5138496,
            17.4727772
          ],
          [
            78.5137374,
            17.4741625
          ],
          [
            78.5136558,
            17.4755517
          ],
          [
            78.5135692,
            17.476929
          ],
          [
            78.5134597,
            17.4782813
          ],
          [
            78.5133366,
            17.4795985
          ],
          [
            78.51323,
            17.4808733
          ],
          [
            78.5132508,
            17.4821084
          ]
        ]
      },
      "properties": {
        "segment_id": "R0357",
        "source_node": "N093",
        "target_node": "N105",
        "road_class": "arterial",
        "lanes": 1,
        "free_flow_speed_kmh": 50.0,
        "capacity_vph": 1035.0,
        "length_km": 1.457,
        "grade_pct": -1.42,
        "structural_bottleneck": false,
        "importance": 1.0973507096353114,
        "signal_id": "SIG047"
      }
    },
    {
      "type": "Feature",
      "geometry": {
        "type": "LineString",
        "coordinates": [
          [
            78.5138858,
            17.4821876
          ],
          [
            78.5138537,
            17.4809511
          ],
          [
            78.5138117,
            17.4796578
          ],
          [
            78.5138482,
            17.4783298
          ],
          [
            78.5139739,
            17.4769795
          ],
          [
            78.5141725,
            17.4756161
          ],
          [
            78.5144073,
            17.4742461
          ],
          [
            78.5146399,
            17.4728758
          ],
          [
            78.5148499,
            17.4715138
          ],
          [
            78.5150441,
            17.4701721
          ],
          [
            78.5152496,
            17.4688652
          ],
          [
            78.5154955,
            17.4676077
          ],
          [
            78.515852,
            17.4664197
          ]
        ]
      },
      "properties": {
        "segment_id": "R0358",
        "source_node": "N105",
        "target_node": "N093",
        "road_class": "arterial",
        "lanes": 2,
        "free_flow_speed_kmh": 30.0,
        "capacity_vph": 2070.0,
        "length_km": 1.101,
        "grade_pct": -2.76,
        "structural_bottleneck": false,
        "importance": 0.9941378623564197,
        "signal_id": "SIG049"
      }
    },
    {
      "type": "Feature",
      "geometry": {
        "type": "LineString",
        "coordinates": [
          [
            78.538896,
            17.4722222
          ],
          [
            78.5401811,
            17.4727395
          ],
          [
            78.5415272,
            17.4731245
          ],
          [
            78.542923,
            17.4733655
          ],
          [
            78.5443562,
            17.4734821
          ],
          [
            78.5458144,
            17.4735146
          ],
          [
            78.5472852,
            17.4735043
          ],
          [
            78.5487564,
            17.4734743
          ],
          [
            78.5502163,
            17.4734202
          ],
          [
            78.5516538,
            17.4733174
          ],
          [
            78.5530578,
            17.4731397
          ],
          [
            78.5544166,
            17.4728795
          ],
          [
            78.5557183,
            17.4725525
          ]
        ]
      },
      "properties": {
        "segment_id": "R0359",
        "source_node": "N094",
        "target_node": "N095",
        "road_class": "collector",
        "lanes": 2,
        "free_flow_speed_kmh": 50.0,
        "capacity_vph": 1800.0,
        "length_km": 1.409,
        "grade_pct": 2.86,
        "structural_bottleneck": false,
        "importance": 0.6706591697264829,
        "signal_id": null
      }
    },
    {
      "type": "Feature",
      "geometry": {
        "type": "LineString",
        "coordinates": [
          [
            78.5557269,
            17.4721125
          ],
          [
            78.5544228,
            17.4725628
          ],
          [
            78.5530623,
            17.4729075
          ],
          [
            78.5516579,
            17.4731082
          ],
          [
            78.5502211,
            17.4731767
          ],
          [
            78.5487628,
            17.4731486
          ],
          [
            78.5472938,
            17.4730678
          ],
          [
            78.5458252,
            17.4729653
          ],
          [
            78.5443687,
            17.4728458
          ],
          [
            78.5429362,
            17.4726899
          ],
          [
            78.5415401,
            17.4724701
          ],
          [
            78.5401922,
            17.4721715
          ],
          [
            78.5389046,
            17.4717822
          ]
        ]
      },
      "properties": {
        "segment_id": "R0360",
        "source_node": "N095",
        "target_node": "N094",
        "road_class": "collector",
        "lanes": 3,
        "free_flow_speed_kmh": 30.0,
        "capacity_vph": 2700.0,
        "length_km": 0.908,
        "grade_pct": 2.92,
        "structural_bottleneck": false,
        "importance": 0.61769822620793,
        "signal_id": "SIG055"
      }
    },
    {
      "type": "Feature",
      "geometry": {
        "type": "LineString",
        "coordinates": [
          [
            78.538685,
            17.4719571
          ],
          [
            78.5381891,
            17.4727789
          ],
          [
            78.5378232,
            17.4736698
          ],
          [
            78.5375434,
            17.4746122
          ],
          [
            78.5373198,
            17.4755914
          ],
          [
            78.5371152,
            17.4765913
          ],
          [
            78.5369047,
            17.4775983
          ],
          [
            78.5366896,
            17.4786043
          ],
          [
            78.5364945,
            17.4796062
          ],
          [
            78.5363519,
            17.4806024
          ],
          [
            78.5362811,
            17.4815886
          ],
          [
            78.5362761,
            17.4825551
          ],
          [
            78.5362694,
            17.4834796
          ]
        ]
      },
      "properties": {
        "segment_id": "R0361",
        "source_node": "N094",
        "target_node": "N106",
        "road_class": "collector",
        "lanes": 1,
        "free_flow_speed_kmh": 30.0,
        "capacity_vph": 900.0,
        "length_km": 1.444,
        "grade_pct": 2.75,
        "structural_bottleneck": false,
        "importance": 0.648302518221213,
        "signal_id": "SIG048"
      }
    },
    {
      "type": "Feature",
      "geometry": {
        "type": "LineString",
        "coordinates": [
          [
            78.5367,
            17.4835698
          ],
          [
            78.5365743,
            17.4826176
          ],
          [
            78.5366312,
            17.481662
          ],
          [
            78.5367618,
            17.4806883
          ],
          [
            78.5369252,
            17.4796965
          ],
          [
            78.5370935,
            17.478689
          ],
          [
            78.5372648,
            17.4776738
          ],
          [
            78.5374604,
            17.4766637
          ],
          [
            78.5377093,
            17.475673
          ],
          [
            78.538027,
            17.4747136
          ],
          [
            78.5384035,
            17.4737915
          ],
          [
            78.5388052,
            17.4729081
          ],
          [
            78.5391156,
            17.4720473
          ]
        ]
      },
      "properties": {
        "segment_id": "R0362",
        "source_node": "N106",
        "target_node": "N094",
        "road_class": "collector",
        "lanes": 3,
        "free_flow_speed_kmh": 50.0,
        "capacity_vph": 2700.0,
        "length_km": 1.567,
        "grade_pct": 3.97,
        "structural_bottleneck": false,
        "importance": 0.7143609409816402,
        "signal_id": "SIG055"
      }
    },
    {
      "type": "Feature",
      "geometry": {
        "type": "LineString",
        "coordinates": [
          [
            78.5556987,
            17.4725512
          ],
          [
            78.556601,
            17.4731197
          ],
          [
            78.5575669,
            17.4735044
          ],
          [
            78.5585755,
            17.4738166
          ],
          [
            78.5596149,
            17.4740852
          ],
          [
            78.5606762,
            17.4743128
          ],
          [
            78.5617531,
            17.4744782
          ],
          [
            78.5628397,
            17.4745531
          ],
          [
            78.5639292,
            17.4745228
          ],
          [
            78.5650115,
            17.4743989
          ],
          [
            78.566074,
            17.4742167
          ],
          [
            78.5671035,
            17.4740187
          ],
          [
            78.5680805,
            17.4739027
          ]
        ]
      },
      "properties": {
        "segment_id": "R0363",
        "source_node": "N095",
        "target_node": "N096",
        "road_class": "collector",
        "lanes": 1,
        "free_flow_speed_kmh": 30.0,
        "capacity_vph": 900.0,
        "length_km": 1.791,
        "grade_pct": -3.01,
        "structural_bottleneck": false,
        "importance": 0.7271862793758541,
        "signal_id": "SIG067"
      }
    },
    {
      "type": "Feature",
      "geometry": {
        "type": "LineString",
        "coordinates": [
          [
            78.5681283,
            17.4734653
          ],
          [
            78.5671312,
            17.4737647
          ],
          [
            78.5661025,
            17.4739556
          ],
          [
            78.5650454,
            17.4740885
          ],
          [
            78.563968,
            17.4741674
          ],
          [
            78.5628813,
            17.4741727
          ],
          [
            78.5617967,
            17.4740782
          ],
          [
            78.5607244,
            17.4738713
          ],
          [
            78.5596716,
            17.4735658
          ],
          [
            78.5586429,
            17.4731993
          ],
          [
            78.557642,
            17.4728159
          ],
          [
            78.5566746,
            17.472446
          ],
          [
            78.5557465,
            17.4721138
          ]
        ]
      },
      "properties": {
        "segment_id": "R0364",
        "source_node": "N096",
        "target_node": "N095",
        "road_class": "collector",
        "lanes": 2,
        "free_flow_speed_kmh": 40.0,
        "capacity_vph": 1800.0,
        "length_km": 0.931,
        "grade_pct": 0.98,
        "structural_bottleneck": false,
        "importance": 0.756723351689032,
        "signal_id": null
      }
    },
    {
      "type": "Feature",
      "geometry": {
        "type": "LineString",
        "coordinates": [
          [
            78.5555149,
            17.4722601
          ],
          [
            78.5550336,
            17.4730424
          ],
          [
            78.5545197,
            17.4738563
          ],
          [
            78.5540153,
            17.4747077
          ],
          [
            78.5535457,
            17.475597
          ],
          [
            78.5531423,
            17.4765266
          ],
          [
            78.5528232,
            17.4774941
          ],
          [
            78.5525813,
            17.4784885
          ],
          [
            78.5523873,
            17.4794911
          ],
          [
            78.5522058,
            17.4804808
          ],
          [
            78.5520147,
            17.4814415
          ],
          [
            78.5518169,
            17.4823656
          ],
          [
            78.5516767,
            17.4832669
          ]
        ]
      },
      "properties": {
        "segment_id": "R0365",
        "source_node": "N095",
        "target_node": "N107",
        "road_class": "collector",
        "lanes": 1,
        "free_flow_speed_kmh": 40.0,
        "capacity_vph": 900.0,
        "length_km": 1.529,
        "grade_pct": -0.03,
        "structural_bottleneck": false,
        "importance": 0.6288728940728154,
        "signal_id": "SIG039"
      }
    },
    {
      "type": "Feature",
      "geometry": {
        "type": "LineString",
        "coordinates": [
          [
            78.5520921,
            17.4834117
          ],
          [
            78.5521844,
            17.4824937
          ],
          [
            78.5522436,
            17.4815213
          ],
          [
            78.5523631,
            17.4805357
          ],
          [
            78.552569,
            17.4795544
          ],
          [
            78.5528735,
            17.4785904
          ],
          [
            78.5532637,
            17.4776477
          ],
          [
            78.5537046,
            17.4767226
          ],
          [
            78.5541553,
            17.4758096
          ],
          [
            78.5545886,
            17.4749076
          ],
          [
            78.5550022,
            17.4740245
          ],
          [
            78.5554163,
            17.4731759
          ],
          [
            78.5559303,
            17.4724049
          ]
        ]
      },
      "properties": {
        "segment_id": "R0366",
        "source_node": "N107",
        "target_node": "N095",
        "road_class": "collector",
        "lanes": 2,
        "free_flow_speed_kmh": 60.0,
        "capacity_vph": 1800.0,
        "length_km": 1.687,
        "grade_pct": 2.88,
        "structural_bottleneck": false,
        "importance": 0.6236694496920319,
        "signal_id": null
      }
    },
    {
      "type": "Feature",
      "geometry": {
        "type": "LineString",
        "coordinates": [
          [
            78.5679044,
            17.4735923
          ],
          [
            78.5674483,
            17.4743442
          ],
          [
            78.5669311,
            17.4751114
          ],
          [
            78.5664478,
            17.4759289
          ],
          [
            78.5660185,
            17.4767971
          ],
          [
            78.5656388,
            17.4777054
          ],
          [
            78.5652836,
            17.4786336
          ],
          [
            78.5649219,
            17.4795588
          ],
          [
            78.5645363,
            17.4804644
          ],
          [
            78.5641338,
            17.4813449
          ],
          [
            78.5637424,
            17.4822045
          ],
          [
            78.5633955,
            17.4830498
          ],
          [
            78.5631747,
            17.4839095
          ]
        ]
      },
      "properties": {
        "segment_id": "R0367",
        "source_node": "N096",
        "target_node": "N108",
        "road_class": "collector",
        "lanes": 1,
        "free_flow_speed_kmh": 30.0,
        "capacity_vph": 900.0,
        "length_km": 1.34,
        "grade_pct": 1.98,
        "structural_bottleneck": false,
        "importance": 0.7360539858153032,
        "signal_id": "SIG080"
      }
    },
    {
      "type": "Feature",
      "geometry": {
        "type": "LineString",
        "coordinates": [
          [
            78.5635747,
            17.4840929
          ],
          [
            78.5637833,
            17.4832275
          ],
          [
            78.5640444,
            17.4823429
          ],
          [
            78.5643862,
            17.4814606
          ],
          [
            78.5647975,
            17.4805841
          ],
          [
            78.565246,
            17.4797074
          ],
          [
            78.5656943,
            17.4788218
          ],
          [
            78.5661184,
            17.4779253
          ],
          [
            78.566519,
            17.4770266
          ],
          [
            78.5669176,
            17.4761443
          ],
          [
            78.5673409,
            17.4752993
          ],
          [
            78.5678019,
            17.4745063
          ],
          [
            78.5683044,
            17.4737757
          ]
        ]
      },
      "properties": {
        "segment_id": "R0368",
        "source_node": "N108",
        "target_node": "N096",
        "road_class": "collector",
        "lanes": 2,
        "free_flow_speed_kmh": 60.0,
        "capacity_vph": 1800.0,
        "length_km": 1.782,
        "grade_pct": 0.97,
        "structural_bottleneck": false,
        "importance": 0.8287517578003113,
        "signal_id": "SIG067"
      }
    },
    {
      "type": "Feature",
      "geometry": {
        "type": "LineString",
        "coordinates": [
          [
            78.3422295,
            17.460625
          ],
          [
            78.3430523,
            17.4613646
          ],
          [
            78.3439628,
            17.4619181
          ],
          [
            78.3449391,
            17.4623417
          ],
          [
            78.3459642,
            17.4626703
          ],
          [
            78.3470198,
            17.4629444
          ],
          [
            78.3480909,
            17.4631895
          ],
          [
            78.349169,
            17.463405
          ],
          [
            78.3502501,
            17.4635679
          ],
          [
            78.351332,
            17.4636501
          ],
          [
            78.3524086,
            17.4636382
          ],
          [
            78.3534682,
            17.4635449
          ],
          [
            78.3544836,
            17.4634487
          ]
        ]
      },
      "properties": {
        "segment_id": "R0369",
        "source_node": "N097",
        "target_node": "N098",
        "road_class": "collector",
        "lanes": 2,
        "free_flow_speed_kmh": 30.0,
        "capacity_vph": 1800.0,
        "length_km": 1.652,
        "grade_pct": 2.37,
        "structural_bottleneck": false,
        "importance": 0.8100820320469491,
        "signal_id": "SIG045"
      }
    },
    {
      "type": "Feature",
      "geometry": {
        "type": "LineString",
        "coordinates": [
          [
            78.3545824,
            17.4630199
          ],
          [
            78.3535203,
            17.4633187
          ],
          [
            78.352456,
            17.4634328
          ],
          [
            78.3513905,
            17.463396
          ],
          [
            78.3503253,
            17.4632418
          ],
          [
            78.3492588,
            17.4630152
          ],
          [
            78.3481917,
            17.4627521
          ],
          [
            78.3471303,
            17.4624644
          ],
          [
            78.3460867,
            17.4621388
          ],
          [
            78.3450754,
            17.4617504
          ],
          [
            78.3441091,
            17.4612833
          ],
          [
            78.343195,
            17.4607454
          ],
          [
            78.3423283,
            17.4601962
          ]
        ]
      },
      "properties": {
        "segment_id": "R0370",
        "source_node": "N098",
        "target_node": "N097",
        "road_class": "collector",
        "lanes": 1,
        "free_flow_speed_kmh": 60.0,
        "capacity_vph": 900.0,
        "length_km": 1.522,
        "grade_pct": -1.6,
        "structural_bottleneck": false,
        "importance": 0.607139802480821,
        "signal_id": "SIG079"
      }
    },
    {
      "type": "Feature",
      "geometry": {
        "type": "LineString",
        "coordinates": [
          [
            78.342059,
            17.4604036
          ],
          [
            78.3417799,
            17.4612218
          ],
          [
            78.341659,
            17.4620823
          ],
          [
            78.3415968,
            17.4629747
          ],
          [
            78.3415542,
            17.46389
          ],
          [
            78.3415021,
            17.4648199
          ],
          [
            78.3414359,
            17.4657569
          ],
          [
            78.3413769,
            17.4666941
          ],
          [
            78.3413579,
            17.4676251
          ],
          [
            78.3414024,
            17.4685432
          ],
          [
            78.3415089,
            17.469441
          ],
          [
            78.3416503,
            17.4703099
          ],
          [
            78.3417151,
            17.4711392
          ]
        ]
      },
      "properties": {
        "segment_id": "R0371",
        "source_node": "N097",
        "target_node": "N109",
        "road_class": "collector",
        "lanes": 2,
        "free_flow_speed_kmh": 50.0,
        "capacity_vph": 1800.0,
        "length_km": 1.102,
        "grade_pct": -2.85,
        "structural_bottleneck": false,
        "importance": 0.5695692085615455,
        "signal_id": null
      }
    },
    {
      "type": "Feature",
      "geometry": {
        "type": "LineString",
        "coordinates": [
          [
            78.3421549,
            17.4711532
          ],
          [
            78.3419623,
            17.4703199
          ],
          [
            78.34191,
            17.4694538
          ],
          [
            78.3418838,
            17.4685587
          ],
          [
            78.3418539,
            17.467641
          ],
          [
            78.3418157,
            17.4667082
          ],
          [
            78.3417901,
            17.4657683
          ],
          [
            78.3418093,
            17.4648298
          ],
          [
            78.3418958,
            17.4639009
          ],
          [
            78.3420472,
            17.4629891
          ],
          [
            78.3422353,
            17.4621008
          ],
          [
            78.3424207,
            17.4612423
          ],
          [
            78.3424988,
            17.4604176
          ]
        ]
      },
      "properties": {
        "segment_id": "R0372",
        "source_node": "N109",
        "target_node": "N097",
        "road_class": "collector",
        "lanes": 3,
        "free_flow_speed_kmh": 40.0,
        "capacity_vph": 2700.0,
        "length_km": 1.045,
        "grade_pct": -2.11,
        "structural_bottleneck": false,
        "importance": 0.8618186849151748,
        "signal_id": "SIG079"
      }
    },
    {
      "type": "Feature",
      "geometry": {
        "type": "LineString",
        "coordinates": [
          [
            78.3545103,
            17.4634531
          ],
          [
            78.3559042,
            17.4640237
          ],
          [
            78.357376,
            17.464477
          ],
          [
            78.3589056,
            17.4648776
          ],
          [
            78.3604793,
            17.4652331
          ],
          [
            78.3620857,
            17.4655254
          ],
          [
            78.3637149,
            17.4657256
          ],
          [
            78.3653555,
            17.4658149
          ],
          [
            78.366994,
            17.4657993
          ],
          [
            78.3686139,
            17.4657102
          ],
          [
            78.3701976,
            17.4655902
          ],
          [
            78.3717287,
            17.4654717
          ],
          [
            78.3731901,
            17.4653941
          ]
        ]
      },
      "properties": {
        "segment_id": "R0373",
        "source_node": "N098",
        "target_node": "N099",
        "road_class": "collector",
        "lanes": 1,
        "free_flow_speed_kmh": 30.0,
        "capacity_vph": 900.0,
        "length_km": 1.362,
        "grade_pct": -2.86,
        "structural_bottleneck": false,
        "importance": 0.8332243211851956,
        "signal_id": "SIG040"
      }
    },
    {
      "type": "Feature",
      "geometry": {
        "type": "LineString",
        "coordinates": [
          [
            78.3732355,
            17.4649565
          ],
          [
            78.3717586,
            17.4651839
          ],
          [
            78.3702206,
            17.4653684
          ],
          [
            78.3686368,
            17.4654899
          ],
          [
            78.3670217,
            17.4655329
          ],
          [
            78.3653913,
            17.4654712
          ],
          [
            78.3637603,
            17.4652889
          ],
          [
            78.3621408,
            17.4649951
          ],
          [
            78.3605425,
            17.4646242
          ],
          [
            78.3589738,
            17.4642214
          ],
          [
            78.3574441,
            17.4638217
          ],
          [
            78.3559654,
            17.4634348
          ],
          [
            78.3545557,
            17.4630155
          ]
        ]
      },
      "properties": {
        "segment_id": "R0374",
        "source_node": "N099",
        "target_node": "N098",
        "road_class": "collector",
        "lanes": 2,
        "free_flow_speed_kmh": 60.0,
        "capacity_vph": 1800.0,
        "length_km": 0.947,
        "grade_pct": 0.37,
        "structural_bottleneck": false,
        "importance": 0.6734837377829428,
        "signal_id": "SIG045"
      }
    },
    {
      "type": "Feature",
      "geometry": {
        "type": "LineString",
        "coordinates": [
          [
            78.3543173,
            17.4632776
          ],
          [
            78.3543506,
            17.4641471
          ],
          [
            78.3543269,
            17.4650675
          ],
          [
            78.3543385,
            17.4660126
          ],
          [
            78.3544151,
            17.4669682
          ],
          [
            78.3545763,
            17.4679228
          ],
          [
            78.3548168,
            17.4688693
          ],
          [
            78.3551064,
            17.4698059
          ],
          [
            78.3554046,
            17.470733
          ],
          [
            78.3556814,
            17.4716485
          ],
          [
            78.3559314,
            17.4725457
          ],
          [
            78.3561744,
            17.4734127
          ],
          [
            78.3565127,
            17.474221
          ]
        ]
      },
      "properties": {
        "segment_id": "R0375",
        "source_node": "N098",
        "target_node": "N110",
        "road_class": "collector",
        "lanes": 3,
        "free_flow_speed_kmh": 40.0,
        "capacity_vph": 2700.0,
        "length_km": 0.836,
        "grade_pct": -0.48,
        "structural_bottleneck": false,
        "importance": 0.6298752935027483,
        "signal_id": "SIG081"
      }
    },
    {
      "type": "Feature",
      "geometry": {
        "type": "LineString",
        "coordinates": [
          [
            78.3569441,
            17.4741344
          ],
          [
            78.3565876,
            17.4733298
          ],
          [
            78.3561869,
            17.4724944
          ],
          [
            78.3558466,
            17.4716154
          ],
          [
            78.355589,
            17.470696
          ],
          [
            78.3554113,
            17.4697448
          ],
          [
            78.3552859,
            17.4687752
          ],
          [
            78.3551752,
            17.4678026
          ],
          [
            78.3550523,
            17.4668404
          ],
          [
            78.3549153,
            17.4658968
          ],
          [
            78.3547869,
            17.4649753
          ],
          [
            78.3547,
            17.464077
          ],
          [
            78.3547487,
            17.463191
          ]
        ]
      },
      "properties": {
        "segment_id": "R0376",
        "source_node": "N110",
        "target_node": "N098",
        "road_class": "collector",
        "lanes": 2,
        "free_flow_speed_kmh": 50.0,
        "capacity_vph": 1800.0,
        "length_km": 1.071,
        "grade_pct": -2.85,
        "structural_bottleneck": false,
        "importance": 0.572588845561726,
        "signal_id": "SIG045"
      }
    },
    {
      "type": "Feature",
      "geometry": {
        "type": "LineString",
        "coordinates": [
          [
            78.3731763,
            17.4654932
          ],
          [
            78.3753328,
            17.466218
          ],
          [
            78.3776,
            17.4668579
          ],
          [
            78.3799634,
            17.4673653
          ],
          [
            78.3824018,
            17.4677466
          ],
          [
            78.3848916,
            17.4680334
          ],
          [
            78.3874076,
            17.4682668
          ],
          [
            78.3899263,
            17.4684771
          ],
          [
            78.392427,
            17.4686691
          ],
          [
            78.3948916,
            17.4688225
          ],
          [
            78.3973035,
            17.4689075
          ],
          [
            78.3996445,
            17.468905
          ],
          [
            78.4018972,
            17.4687929
          ]
        ]
      },
      "properties": {
        "segment_id": "R0377",
        "source_node": "N099",
        "target_node": "N100",
        "road_class": "arterial",
        "lanes": 3,
        "free_flow_speed_kmh": 40.0,
        "capacity_vph": 3105.0,
        "length_km": 0.88,
        "grade_pct": -0.35,
        "structural_bottleneck": false,
        "importance": 1.3391734561476007,
        "signal_id": "SIG041"
      }
    },
    {
      "type": "Feature",
      "geometry": {
        "type": "LineString",
        "coordinates": [
          [
            78.4019702,
            17.4681571
          ],
          [
            78.3997007,
            17.4684162
          ],
          [
            78.3973524,
            17.4684811
          ],
          [
            78.3949406,
            17.4683963
          ],
          [
            78.3924811,
            17.468198
          ],
          [
            78.389989,
            17.467932
          ],
          [
            78.3874805,
            17.4676328
          ],
          [
            78.3849747,
            17.4673095
          ],
          [
            78.3824938,
            17.4669461
          ],
          [
            78.3800608,
            17.4665173
          ],
          [
            78.3776976,
            17.466009
          ],
          [
            78.375423,
            17.4654326
          ],
          [
            78.3732493,
            17.4648574
          ]
        ]
      },
      "properties": {
        "segment_id": "R0378",
        "source_node": "N100",
        "target_node": "N099",
        "road_class": "arterial",
        "lanes": 2,
        "free_flow_speed_kmh": 60.0,
        "capacity_vph": 2070.0,
        "length_km": 0.818,
        "grade_pct": 0.24,
        "structural_bottleneck": false,
        "importance": 0.979865325229853,
        "signal_id": "SIG040"
      }
    },
    {
      "type": "Feature",
      "geometry": {
        "type": "LineString",
        "coordinates": [
          [
            78.3728936,
            17.4651528
          ],
          [
            78.3725095,
            17.4660592
          ],
          [
            78.3722995,
            17.46702
          ],
          [
            78.3721581,
            17.4680193
          ],
          [
            78.3720457,
            17.469046
          ],
          [
            78.3719345,
            17.4700896
          ],
          [
            78.3718221,
            17.4711415
          ],
          [
            78.3717313,
            17.472195
          ],
          [
            78.3716938,
            17.4732438
          ],
          [
            78.3717299,
            17.4742809
          ],
          [
            78.3718341,
            17.4752976
          ],
          [
            78.3719761,
            17.4762833
          ],
          [
            78.3720413,
            17.4772215
          ]
        ]
      },
      "properties": {
        "segment_id": "R0379",
        "source_node": "N099",
        "target_node": "N111",
        "road_class": "arterial",
        "lanes": 3,
        "free_flow_speed_kmh": 60.0,
        "capacity_vph": 3105.0,
        "length_km": 0.885,
        "grade_pct": 2.97,
        "structural_bottleneck": false,
        "importance": 1.4126404372209307,
        "signal_id": "SIG082"
      }
    },
    {
      "type": "Feature",
      "geometry": {
        "type": "LineString",
        "coordinates": [
          [
            78.3726797,
            17.4772665
          ],
          [
            78.3723879,
            17.4763124
          ],
          [
            78.3722786,
            17.475329
          ],
          [
            78.3722604,
            17.4743184
          ],
          [
            78.3722925,
            17.4732861
          ],
          [
            78.3723395,
            17.4722379
          ],
          [
            78.3723886,
            17.4711815
          ],
          [
            78.3724538,
            17.4701263
          ],
          [
            78.3725646,
            17.4690826
          ],
          [
            78.3727451,
            17.4680608
          ],
          [
            78.372997,
            17.4670692
          ],
          [
            78.3732949,
            17.4661146
          ],
          [
            78.373532,
            17.4651978
          ]
        ]
      },
      "properties": {
        "segment_id": "R0380",
        "source_node": "N111",
        "target_node": "N099",
        "road_class": "arterial",
        "lanes": 2,
        "free_flow_speed_kmh": 50.0,
        "capacity_vph": 2070.0,
        "length_km": 0.873,
        "grade_pct": -0.96,
        "structural_bottleneck": false,
        "importance": 1.0002200386647078,
        "signal_id": "SIG040"
      }
    },
    {
      "type": "Feature",
      "geometry": {
        "type": "LineString",
        "coordinates": [
          [
            78.4019154,
            17.4686942
          ],
          [
            78.4033971,
            17.4689781
          ],
          [
            78.4049573,
            17.4691359
          ],
          [
            78.4065729,
            17.4692819
          ],
          [
            78.4082276,
            17.4694465
          ],
          [
            78.4099073,
            17.4696376
          ],
          [
            78.4115999,
            17.469836
          ],
          [
            78.4132948,
            17.4700076
          ],
          [
            78.4149808,
            17.4701238
          ],
          [
            78.4166447,
            17.4701786
          ],
          [
            78.4182712,
            17.4701932
          ],
          [
            78.4198438,
            17.4702034
          ],
          [
            78.4213397,
            17.470318
          ]
        ]
      },
      "properties": {
        "segment_id": "R0381",
        "source_node": "N100",
        "target_node": "N101",
        "road_class": "collector",
        "lanes": 2,
        "free_flow_speed_kmh": 60.0,
        "capacity_vph": 1800.0,
        "length_km": 1.666,
        "grade_pct": -2.76,
        "structural_bottleneck": false,
        "importance": 0.83156238460277,
        "signal_id": "SIG042"
      }
    },
    {
      "type": "Feature",
      "geometry": {
        "type": "LineString",
        "coordinates": [
          [
            78.4213763,
            17.4698796
          ],
          [
            78.4198724,
            17.4698613
          ],
          [
            78.4183062,
            17.4697742
          ],
          [
            78.4166852,
            17.4696941
          ],
          [
            78.415022,
            17.4696309
          ],
          [
            78.4133316,
            17.4695675
          ],
          [
            78.4116304,
            17.4694721
          ],
          [
            78.4099339,
            17.4693187
          ],
          [
            78.4082562,
            17.4691043
          ],
          [
            78.4066088,
            17.4688526
          ],
          [
            78.405002,
            17.4686021
          ],
          [
            78.4034467,
            17.4683855
          ],
          [
            78.401952,
            17.4682558
          ]
        ]
      },
      "properties": {
        "segment_id": "R0382",
        "source_node": "N101",
        "target_node": "N100",
        "road_class": "collector",
        "lanes": 2,
        "free_flow_speed_kmh": 40.0,
        "capacity_vph": 1800.0,
        "length_km": 1.659,
        "grade_pct": -3.26,
        "structural_bottleneck": false,
        "importance": 0.7692797792549678,
        "signal_id": "SIG041"
      }
    },
    {
      "type": "Feature",
      "geometry": {
        "type": "LineString",
        "coordinates": [
          [
            78.4017317,
            17.4683878
          ],
          [
            78.4010395,
            17.4690591
          ],
          [
            78.4003758,
            17.4697865
          ],
          [
            78.3997474,
            17.4705641
          ],
          [
            78.3991692,
            17.4713896
          ],
          [
            78.3986696,
            17.4722665
          ],
          [
            78.3982715,
            17.4731959
          ],
          [
            78.3979762,
            17.4741698
          ],
          [
            78.3977607,
            17.4751692
          ],
          [
            78.3975884,
            17.4761699
          ],
          [
            78.3974284,
            17.4771496
          ],
          [
            78.3972711,
            17.4780954
          ],
          [
            78.3971478,
            17.4790121
          ]
        ]
      },
      "properties": {
        "segment_id": "R0383",
        "source_node": "N100",
        "target_node": "N112",
        "road_class": "collector",
        "lanes": 2,
        "free_flow_speed_kmh": 60.0,
        "capacity_vph": 1800.0,
        "length_km": 0.914,
        "grade_pct": -3.26,
        "structural_bottleneck": false,
        "importance": 0.7070374038093928,
        "signal_id": null
      }
    },
    {
      "type": "Feature",
      "geometry": {
        "type": "LineString",
        "coordinates": [
          [
            78.3975518,
            17.4791865
          ],
          [
            78.3975745,
            17.4782263
          ],
          [
            78.3976058,
            17.4772261
          ],
          [
            78.3977173,
            17.4762255
          ],
          [
            78.397931,
            17.4752427
          ],
          [
            78.3982632,
            17.4742936
          ],
          [
            78.3987087,
            17.4733846
          ],
          [
            78.3992375,
            17.4725115
          ],
          [
            78.3998068,
            17.4716647
          ],
          [
            78.4003795,
            17.4708368
          ],
          [
            78.40094,
            17.4700299
          ],
          [
            78.4014972,
            17.4692566
          ],
          [
            78.4021357,
            17.4685622
          ]
        ]
      },
      "properties": {
        "segment_id": "R0384",
        "source_node": "N112",
        "target_node": "N100",
        "road_class": "collector",
        "lanes": 2,
        "free_flow_speed_kmh": 40.0,
        "capacity_vph": 1800.0,
        "length_km": 1.276,
        "grade_pct": -2.96,
        "structural_bottleneck": false,
        "importance": 0.7128320629723182,
        "signal_id": "SIG041"
      }
    },
    {
      "type": "Feature",
      "geometry": {
        "type": "LineString",
        "coordinates": [
          [
            78.4213298,
            17.470317
          ],
          [
            78.4228446,
            17.4706224
          ],
          [
            78.42442,
            17.4710015
          ],
          [
            78.4260564,
            17.471343
          ],
          [
            78.4277432,
            17.4716195
          ],
          [
            78.429467,
            17.4718264
          ],
          [
            78.431211,
            17.4719861
          ],
          [
            78.4329564,
            17.4721345
          ],
          [
            78.4346854,
            17.4723011
          ],
          [
            78.4363833,
            17.4724921
          ],
          [
            78.4380386,
            17.4726871
          ],
          [
            78.4396416,
            17.4728518
          ],
          [
            78.441192,
            17.4728816
          ]
        ]
      },
      "properties": {
        "segment_id": "R0385",
        "source_node": "N101",
        "target_node": "N102",
        "road_class": "collector",
        "lanes": 2,
        "free_flow_speed_kmh": 40.0,
        "capacity_vph": 1800.0,
        "length_km": 0.8,
        "grade_pct": -3.87,
        "structural_bottleneck": false,
        "importance": 0.706788373621936,
        "signal_id": "SIG044"
      }
    },
    {
      "type": "Feature",
      "geometry": {
        "type": "LineString",
        "coordinates": [
          [
            78.4412484,
            17.4724452
          ],
          [
            78.4396967,
            17.4724253
          ],
          [
            78.4380774,
            17.4723866
          ],
          [
            78.4364126,
            17.4722654
          ],
          [
            78.4347164,
            17.4720615
          ],
          [
            78.4329995,
            17.471801
          ],
          [
            78.4312707,
            17.4715239
          ],
          [
            78.4295398,
            17.4712631
          ],
          [
            78.4278196,
            17.471028
          ],
          [
            78.4261263,
            17.4708017
          ],
          [
            78.4244779,
            17.4705536
          ],
          [
            78.4228914,
            17.4702599
          ],
          [
            78.4213862,
            17.4698806
          ]
        ]
      },
      "properties": {
        "segment_id": "R0386",
        "source_node": "N102",
        "target_node": "N101",
        "road_class": "collector",
        "lanes": 2,
        "free_flow_speed_kmh": 60.0,
        "capacity_vph": 1800.0,
        "length_km": 1.648,
        "grade_pct": -3.85,
        "structural_bottleneck": false,
        "importance": 0.6510406382406335,
        "signal_id": "SIG042"
      }
    },
    {
      "type": "Feature",
      "geometry": {
        "type": "LineString",
        "coordinates": [
          [
            78.4211405,
            17.4700654
          ],
          [
            78.4205014,
            17.4709567
          ],
          [
            78.420019,
            17.4719166
          ],
          [
            78.4196705,
            17.4729328
          ],
          [
            78.4194277,
            17.4739919
          ],
          [
            78.4192493,
            17.4750788
          ],
          [
            78.419101,
            17.4761792
          ],
          [
            78.418972,
            17.4772826
          ],
          [
            78.4188779,
            17.4783824
          ],
          [
            78.4188476,
            17.4794741
          ],
          [
            78.4189027,
            17.4805521
          ],
          [
            78.4190414,
            17.4816073
          ],
          [
            78.4192146,
            17.4826231
          ]
        ]
      },
      "properties": {
        "segment_id": "R0387",
        "source_node": "N101",
        "target_node": "N113",
        "road_class": "collector",
        "lanes": 2,
        "free_flow_speed_kmh": 30.0,
        "capacity_vph": 1800.0,
        "length_km": 1.195,
        "grade_pct": -2.41,
        "structural_bottleneck": false,
        "importance": 0.6676176541390773,
        "signal_id": "SIG083"
      }
    },
    {
      "type": "Feature",
      "geometry": {
        "type": "LineString",
        "coordinates": [
          [
            78.4196496,
            17.4826899
          ],
          [
            78.4192996,
            17.4816469
          ],
          [
            78.4191722,
            17.4805935
          ],
          [
            78.4191672,
            17.4795231
          ],
          [
            78.4192403,
            17.4784379
          ],
          [
            78.4193549,
            17.4773413
          ],
          [
            78.419498,
            17.4762401
          ],
          [
            78.4196826,
            17.4751452
          ],
          [
            78.4199351,
            17.4740697
          ],
          [
            78.4202743,
            17.4730254
          ],
          [
            78.4206952,
            17.4720203
          ],
          [
            78.4211667,
            17.4710587
          ],
          [
            78.4215755,
            17.4701322
          ]
        ]
      },
      "properties": {
        "segment_id": "R0388",
        "source_node": "N113",
        "target_node": "N101",
        "road_class": "collector",
        "lanes": 2,
        "free_flow_speed_kmh": 50.0,
        "capacity_vph": 1800.0,
        "length_km": 0.781,
        "grade_pct": -3.28,
        "structural_bottleneck": false,
        "importance": 0.831084614742641,
        "signal_id": "SIG042"
      }
    },
    {
      "type": "Feature",
      "geometry": {
        "type": "LineString",
        "coordinates": [
          [
            78.4411776,
            17.4729806
          ],
          [
            78.443574,
            17.4735269
          ],
          [
            78.4460989,
            17.4739457
          ],
          [
            78.4487151,
            17.4743485
          ],
          [
            78.4513965,
            17.4747634
          ],
          [
            78.4541204,
            17.4751943
          ],
          [
            78.4568673,
            17.4756192
          ],
          [
            78.4596198,
            17.476003
          ],
          [
            78.4623591,
            17.4763185
          ],
          [
            78.4650635,
            17.4765625
          ],
          [
            78.4677076,
            17.4767578
          ],
          [
            78.4702643,
            17.4769401
          ],
          [
            78.4726973,
            17.4772134
          ]
        ]
      },
      "properties": {
        "segment_id": "R0389",
        "source_node": "N102",
        "target_node": "N103",
        "road_class": "arterial",
        "lanes": 3,
        "free_flow_speed_kmh": 30.0,
        "capacity_vph": 3105.0,
        "length_km": 0.945,
        "grade_pct": -1.77,
        "structural_bottleneck": false,
        "importance": 1.154635529767551,
        "signal_id": "SIG046"
      }
    },
    {
      "type": "Feature",
      "geometry": {
        "type": "LineString",
        "coordinates": [
          [
            78.4727825,
            17.476579
          ],
          [
            78.4703204,
            17.4765224
          ],
          [
            78.4677706,
            17.4762882
          ],
          [
            78.4651396,
            17.475996
          ],
          [
            78.4624442,
            17.4756849
          ],
          [
            78.4597043,
            17.4753738
          ],
          [
            78.4569432,
            17.4750545
          ],
          [
            78.4541867,
            17.4747006
          ],
          [
            78.4514606,
            17.4742866
          ],
          [
            78.4487878,
            17.4738072
          ],
          [
            78.4461877,
            17.4732842
          ],
          [
            78.4436773,
            17.4727578
          ],
          [
            78.4412628,
            17.4723462
          ]
        ]
      },
      "properties": {
        "segment_id": "R0390",
        "source_node": "N103",
        "target_node": "N102",
        "road_class": "arterial",
        "lanes": 3,
        "free_flow_speed_kmh": 60.0,
        "capacity_vph": 3105.0,
        "length_km": 0.994,
        "grade_pct": -3.41,
        "structural_bottleneck": false,
        "importance": 1.1611591246184052,
        "signal_id": "SIG044"
      }
    },
    {
      "type": "Feature",
      "geometry": {
        "type": "LineString",
        "coordinates": [
          [
            78.4409015,
            17.4726924
          ],
          [
            78.4405839,
            17.4737788
          ],
          [
            78.4404224,
            17.4748987
          ],
          [
            78.440323,
            17.4760512
          ],
          [
            78.4402655,
            17.4772285
          ],
          [
            78.4402569,
            17.4784204
          ],
          [
            78.4403225,
            17.479615
          ],
          [
            78.4404862,
            17.4808008
          ],
          [
            78.4407513,
            17.4819678
          ],
          [
            78.4410942,
            17.4831086
          ],
          [
            78.4414727,
            17.4842176
          ],
          [
            78.4418462,
            17.4852889
          ],
          [
            78.4421411,
            17.4863196
          ]
        ]
      },
      "properties": {
        "segment_id": "R0391",
        "source_node": "N102",
        "target_node": "N114",
        "road_class": "arterial",
        "lanes": 2,
        "free_flow_speed_kmh": 50.0,
        "capacity_vph": 2070.0,
        "length_km": 1.301,
        "grade_pct": -2.64,
        "structural_bottleneck": false,
        "importance": 1.39175686481485,
        "signal_id": "SIG078"
      }
    },
    {
      "type": "Feature",
      "geometry": {
        "type": "LineString",
        "coordinates": [
          [
            78.4427785,
            17.4862616
          ],
          [
            78.4423257,
            17.4852453
          ],
          [
            78.4419293,
            17.4841761
          ],
          [
            78.4415764,
            17.4830648
          ],
          [
            78.441276,
            17.4819201
          ],
          [
            78.4410553,
            17.480749
          ],
          [
            78.4409397,
            17.4795589
          ],
          [
            78.4409339,
            17.4783588
          ],
          [
            78.4410155,
            17.4771602
          ],
          [
            78.4411441,
            17.4759765
          ],
          [
            78.4412809,
            17.4748206
          ],
          [
            78.4414078,
            17.4737039
          ],
          [
            78.4415389,
            17.4726344
          ]
        ]
      },
      "properties": {
        "segment_id": "R0392",
        "source_node": "N114",
        "target_node": "N102",
        "road_class": "arterial",
        "lanes": 2,
        "free_flow_speed_kmh": 30.0,
        "capacity_vph": 2070.0,
        "length_km": 0.815,
        "grade_pct": -1.98,
        "structural_bottleneck": false,
        "importance": 1.217781806581852,
        "signal_id": "SIG044"
      }
    },
    {
      "type": "Feature",
      "geometry": {
        "type": "LineString",
        "coordinates": [
          [
            78.4727099,
            17.4771141
          ],
          [
            78.474446,
            17.477518
          ],
          [
            78.4762548,
            17.4779808
          ],
          [
            78.4781304,
            17.4784286
          ],
          [
            78.4800608,
            17.4788297
          ],
          [
            78.482034,
            17.4791547
          ],
          [
            78.4840351,
            17.4793947
          ],
          [
            78.4860454,
            17.4795678
          ],
          [
            78.4880437,
            17.4797101
          ],
          [
            78.4900094,
            17.4798553
          ],
          [
            78.4919243,
            17.4800168
          ],
          [
            78.4937742,
            17.4801806
          ],
          [
            78.4955555,
            17.480255
          ]
        ]
      },
      "properties": {
        "segment_id": "R0393",
        "source_node": "N103",
        "target_node": "N104",
        "road_class": "collector",
        "lanes": 2,
        "free_flow_speed_kmh": 30.0,
        "capacity_vph": 1800.0,
        "length_km": 1.581,
        "grade_pct": -1.46,
        "structural_bottleneck": false,
        "importance": 0.5961187602724801,
        "signal_id": "SIG043"
      }
    },
    {
      "type": "Feature",
      "geometry": {
        "type": "LineString",
        "coordinates": [
          [
            78.4956155,
            17.4798192
          ],
          [
            78.4938298,
            17.4797761
          ],
          [
            78.4919581,
            17.4797706
          ],
          [
            78.4900312,
            17.4796963
          ],
          [
            78.4880687,
            17.4795286
          ],
          [
            78.4860872,
            17.4792634
          ],
          [
            78.4840999,
            17.4789237
          ],
          [
            78.4821171,
            17.4785502
          ],
          [
            78.48015,
            17.478181
          ],
          [
            78.4782122,
            17.4778336
          ],
          [
            78.4763212,
            17.4774982
          ],
          [
            78.4744969,
            17.4771477
          ],
          [
            78.4727699,
            17.4766783
          ]
        ]
      },
      "properties": {
        "segment_id": "R0394",
        "source_node": "N104",
        "target_node": "N103",
        "road_class": "collector",
        "lanes": 2,
        "free_flow_speed_kmh": 60.0,
        "capacity_vph": 1800.0,
        "length_km": 0.809,
        "grade_pct": -2.87,
        "structural_bottleneck": false,
        "importance": 0.832617409414761,
        "signal_id": "SIG046"
      }
    },
    {
      "type": "Feature",
      "geometry": {
        "type": "LineString",
        "coordinates": [
          [
            78.4725201,
            17.4768878
          ],
          [
            78.4728926,
            17.4778213
          ],
          [
            78.4731168,
            17.4787906
          ],
          [
            78.473283,
            17.4797909
          ],
          [
            78.4734092,
            17.4808145
          ],
          [
            78.4734865,
            17.4818529
          ],
          [
            78.4734884,
            17.4828967
          ],
          [
            78.4733911,
            17.4839366
          ],
          [
            78.4731919,
            17.4849644
          ],
          [
            78.4729157,
            17.4859727
          ],
          [
            78.4726044,
            17.4869547
          ],
          [
            78.4722976,
            17.4879037
          ],
          [
            78.4720643,
            17.4888141
          ]
        ]
      },
      "properties": {
        "segment_id": "R0395",
        "source_node": "N103",
        "target_node": "N115",
        "road_class": "collector",
        "lanes": 3,
        "free_flow_speed_kmh": 30.0,
        "capacity_vph": 2700.0,
        "length_km": 0.854,
        "grade_pct": -0.19,
        "structural_bottleneck": false,
        "importance": 0.6357363378793167,
        "signal_id": "SIG086"
      }
    },
    {
      "type": "Feature",
      "geometry": {
        "type": "LineString",
        "coordinates": [
          [
            78.4725039,
            17.4888309
          ],
          [
            78.4728921,
            17.4879265
          ],
          [
            78.4732265,
            17.4869785
          ],
          [
            78.4735157,
            17.4859956
          ],
          [
            78.4737496,
            17.4849857
          ],
          [
            78.4739011,
            17.4839561
          ],
          [
            78.4739458,
            17.4829141
          ],
          [
            78.4738809,
            17.481868
          ],
          [
            78.4737309,
            17.4808268
          ],
          [
            78.4735373,
            17.4798006
          ],
          [
            78.4733387,
            17.4787991
          ],
          [
            78.4731525,
            17.4778312
          ],
          [
            78.4729597,
            17.4769046
          ]
        ]
      },
      "properties": {
        "segment_id": "R0396",
        "source_node": "N115",
        "target_node": "N103",
        "road_class": "collector",
        "lanes": 3,
        "free_flow_speed_kmh": 40.0,
        "capacity_vph": 2700.0,
        "length_km": 0.935,
        "grade_pct": -0.28,
        "structural_bottleneck": false,
        "importance": 0.6274378400876313,
        "signal_id": "SIG046"
      }
    },
    {
      "type": "Feature",
      "geometry": {
        "type": "LineString",
        "coordinates": [
          [
            78.4955599,
            17.4802556
          ],
          [
            78.4969023,
            17.480773
          ],
          [
            78.4983277,
            17.4811223
          ],
          [
            78.4998138,
            17.4813868
          ],
          [
            78.5013433,
            17.4816045
          ],
          [
            78.5028996,
            17.4818098
          ],
          [
            78.5044685,
            17.482016
          ],
          [
            78.5060389,
            17.482209
          ],
          [
            78.5076018,
            17.482358
          ],
          [
            78.5091478,
            17.4824356
          ],
          [
            78.5106649,
            17.4824357
          ],
          [
            78.512138,
            17.4823792
          ],
          [
            78.5135427,
            17.4823665
          ]
        ]
      },
      "properties": {
        "segment_id": "R0397",
        "source_node": "N104",
        "target_node": "N105",
        "road_class": "collector",
        "lanes": 3,
        "free_flow_speed_kmh": 40.0,
        "capacity_vph": 2700.0,
        "length_km": 1.004,
        "grade_pct": 3.26,
        "structural_bottleneck": false,
        "importance": 0.595573197537856,
        "signal_id": "SIG047"
      }
    },
    {
      "type": "Feature",
      "geometry": {
        "type": "LineString",
        "coordinates": [
          [
            78.5135939,
            17.4819295
          ],
          [
            78.5121708,
            17.4821001
          ],
          [
            78.5107058,
            17.4820873
          ],
          [
            78.5091976,
            17.482011
          ],
          [
            78.5076546,
            17.4819086
          ],
          [
            78.5060874,
            17.481796
          ],
          [
            78.5045101,
            17.4816619
          ],
          [
            78.5029385,
            17.4814785
          ],
          [
            78.5013883,
            17.4812216
          ],
          [
            78.4998723,
            17.4808885
          ],
          [
            78.4984003,
            17.4805038
          ],
          [
            78.4969803,
            17.4801084
          ],
          [
            78.4956111,
            17.4798186
          ]
        ]
      },
      "properties": {
        "segment_id": "R0398",
        "source_node": "N105",
        "target_node": "N104",
        "road_class": "collector",
        "lanes": 2,
        "free_flow_speed_kmh": 30.0,
        "capacity_vph": 1800.0,
        "length_km": 1.373,
        "grade_pct": -3.82,
        "structural_bottleneck": false,
        "importance": 0.8324455004431491,
        "signal_id": "SIG043"
      }
    },
    {
      "type": "Feature",
      "geometry": {
        "type": "LineString",
        "coordinates": [
          [
            78.4953896,
            17.4799371
          ],
          [
            78.4948623,
            17.4807259
          ],
          [
            78.4943788,
            17.4815848
          ],
          [
            78.4938709,
            17.4824694
          ],
          [
            78.4933324,
            17.483367
          ],
          [
            78.4927817,
            17.4842775
          ],
          [
            78.4922515,
            17.485208
          ],
          [
            78.4917712,
            17.486164
          ],
          [
            78.4913506,
            17.487141
          ],
          [
            78.4909754,
            17.488122
          ],
          [
            78.4906165,
            17.4890827
          ],
          [
            78.4902484,
            17.4900004
          ],
          [
            78.4898222,
            17.4908409
          ]
        ]
      },
      "properties": {
        "segment_id": "R0399",
        "source_node": "N104",
        "target_node": "N116",
        "road_class": "collector",
        "lanes": 3,
        "free_flow_speed_kmh": 60.0,
        "capacity_vph": 2700.0,
        "length_km": 1.516,
        "grade_pct": 3.93,
        "structural_bottleneck": false,
        "importance": 0.7982557793083644,
        "signal_id": "SIG087"
      }
    },
    {
      "type": "Feature",
      "geometry": {
        "type": "LineString",
        "coordinates": [
          [
            78.490214,
            17.4910409
          ],
          [
            78.4907346,
            17.4902487
          ],
          [
            78.4912248,
            17.4893932
          ],
          [
            78.4917419,
            17.4885133
          ],
          [
            78.4922877,
            17.4876194
          ],
          [
            78.4928403,
            17.4867099
          ],
          [
            78.493366,
            17.4857771
          ],
          [
            78.4938381,
            17.4848169
          ],
          [
            78.4942514,
            17.4838362
          ],
          [
            78.4946239,
            17.4828539
          ],
          [
            78.4949855,
            17.4818946
          ],
          [
            78.4953594,
            17.4809797
          ],
          [
            78.4957814,
            17.4801371
          ]
        ]
      },
      "properties": {
        "segment_id": "R0400",
        "source_node": "N116",
        "target_node": "N104",
        "road_class": "collector",
        "lanes": 2,
        "free_flow_speed_kmh": 50.0,
        "capacity_vph": 1800.0,
        "length_km": 0.857,
        "grade_pct": 0.11,
        "structural_bottleneck": false,
        "importance": 0.7382128714433314,
        "signal_id": "SIG043"
      }
    },
    {
      "type": "Feature",
      "geometry": {
        "type": "LineString",
        "coordinates": [
          [
            78.5135491,
            17.4824674
          ],
          [
            78.5153168,
            17.4825097
          ],
          [
            78.5171659,
            17.4825247
          ],
          [
            78.5190796,
            17.4825289
          ],
          [
            78.5210407,
            17.4825415
          ],
          [
            78.5230313,
            17.4825948
          ],
          [
            78.5250339,
            17.482713
          ],
          [
            78.5270326,
            17.4828964
          ],
          [
            78.5290131,
            17.4831188
          ],
          [
            78.5309616,
            17.4833413
          ],
          [
            78.532864,
            17.4835326
          ],
          [
            78.5347048,
            17.4836861
          ],
          [
            78.5364655,
            17.4838441
          ]
        ]
      },
      "properties": {
        "segment_id": "R0401",
        "source_node": "N105",
        "target_node": "N106",
        "road_class": "arterial",
        "lanes": 3,
        "free_flow_speed_kmh": 50.0,
        "capacity_vph": 3105.0,
        "length_km": 1.153,
        "grade_pct": -3.8,
        "structural_bottleneck": false,
        "importance": 1.129948701985526,
        "signal_id": "SIG048"
      }
    },
    {
      "type": "Feature",
      "geometry": {
        "type": "LineString",
        "coordinates": [
          [
            78.5365039,
            17.4832053
          ],
          [
            78.5347441,
            17.4830327
          ],
          [
            78.5329095,
            17.4827744
          ],
          [
            78.5310107,
            17.4825227
          ],
          [
            78.5290616,
            17.4823116
          ],
          [
            78.5270765,
            17.482167
          ],
          [
            78.5250713,
            17.4820902
          ],
          [
            78.5230636,
            17.4820566
          ],
          [
            78.5210715,
            17.4820291
          ],
          [
            78.5191126,
            17.4819784
          ],
          [
            78.5172034,
            17.4818999
          ],
          [
            78.5153585,
            17.481815
          ],
          [
            78.5135875,
            17.4818286
          ]
        ]
      },
      "properties": {
        "segment_id": "R0402",
        "source_node": "N106",
        "target_node": "N105",
        "road_class": "arterial",
        "lanes": 1,
        "free_flow_speed_kmh": 30.0,
        "capacity_vph": 1035.0,
        "length_km": 1.427,
        "grade_pct": 1.17,
        "structural_bottleneck": false,
        "importance": 1.3812406965670996,
        "signal_id": "SIG047"
      }
    },
    {
      "type": "Feature",
      "geometry": {
        "type": "LineString",
        "coordinates": [
          [
            78.5132975,
            17.4819774
          ],
          [
            78.5128877,
            17.4828449
          ],
          [
            78.5125061,
            17.483781
          ],
          [
            78.512065,
            17.4847203
          ],
          [
            78.5115485,
            17.4856424
          ],
          [
            78.5109609,
            17.4865402
          ],
          [
            78.5103291,
            17.4874202
          ],
          [
            78.5096902,
            17.4882958
          ],
          [
            78.5090741,
            17.4891756
          ],
          [
            78.50849,
            17.4900552
          ],
          [
            78.507925,
            17.4909164
          ],
          [
            78.5073558,
            17.4917343
          ],
          [
            78.5067019,
            17.492448
          ]
        ]
      },
      "properties": {
        "segment_id": "R0403",
        "source_node": "N105",
        "target_node": "N117",
        "road_class": "arterial",
        "lanes": 2,
        "free_flow_speed_kmh": 30.0,
        "capacity_vph": 2070.0,
        "length_km": 1.21,
        "grade_pct": 2.88,
        "structural_bottleneck": false,
        "importance": 1.2883238940427977,
        "signal_id": "SIG077"
      }
    },
    {
      "type": "Feature",
      "geometry": {
        "type": "LineString",
        "coordinates": [
          [
            78.5072435,
            17.4927892
          ],
          [
            78.5079086,
            17.4920824
          ],
          [
            78.5085809,
            17.4913295
          ],
          [
            78.5092055,
            17.4905059
          ],
          [
            78.5097785,
            17.4896192
          ],
          [
            78.5103176,
            17.488691
          ],
          [
            78.510851,
            17.487749
          ],
          [
            78.5113994,
            17.4868164
          ],
          [
            78.5119627,
            17.4859033
          ],
          [
            78.5125186,
            17.485006
          ],
          [
            78.5130347,
            17.484114
          ],
          [
            78.5134862,
            17.483222
          ],
          [
            78.5138391,
            17.4823186
          ]
        ]
      },
      "properties": {
        "segment_id": "R0404",
        "source_node": "N117",
        "target_node": "N105",
        "road_class": "arterial",
        "lanes": 2,
        "free_flow_speed_kmh": 30.0,
        "capacity_vph": 2070.0,
        "length_km": 1.195,
        "grade_pct": -3.84,
        "structural_bottleneck": false,
        "importance": 1.1466984824679725,
        "signal_id": "SIG047"
      }
    },
    {
      "type": "Feature",
      "geometry": {
        "type": "LineString",
        "coordinates": [
          [
            78.5364873,
            17.4837447
          ],
          [
            78.5376697,
            17.4834893
          ],
          [
            78.5389069,
            17.483343
          ],
          [
            78.5401878,
            17.4832783
          ],
          [
            78.5415015,
            17.4832681
          ],
          [
            78.5428368,
            17.4832739
          ],
          [
            78.5441826,
            17.483266
          ],
          [
            78.5455281,
            17.4832395
          ],
          [
            78.546863,
            17.4832155
          ],
          [
            78.548177,
            17.4832269
          ],
          [
            78.5494595,
            17.4832974
          ],
          [
            78.5507,
            17.483426
          ],
          [
            78.551887,
            17.4835593
          ]
        ]
      },
      "properties": {
        "segment_id": "R0405",
        "source_node": "N106",
        "target_node": "N107",
        "road_class": "collector",
        "lanes": 2,
        "free_flow_speed_kmh": 30.0,
        "capacity_vph": 1800.0,
        "length_km": 1.201,
        "grade_pct": -2.59,
        "structural_bottleneck": false,
        "importance": 0.7382466918659445,
        "signal_id": "SIG039"
      }
    },
    {
      "type": "Feature",
      "geometry": {
        "type": "LineString",
        "coordinates": [
          [
            78.5518818,
            17.4831193
          ],
          [
            78.5506934,
            17.4828808
          ],
          [
            78.5494536,
            17.4828025
          ],
          [
            78.5481716,
            17.4827843
          ],
          [
            78.5468579,
            17.4827869
          ],
          [
            78.5455226,
            17.4827807
          ],
          [
            78.5441765,
            17.4827607
          ],
          [
            78.5428304,
            17.4827479
          ],
          [
            78.5414956,
            17.4827748
          ],
          [
            78.5401828,
            17.4828645
          ],
          [
            78.5389029,
            17.4830151
          ],
          [
            78.5376662,
            17.4831991
          ],
          [
            78.5364821,
            17.4833047
          ]
        ]
      },
      "properties": {
        "segment_id": "R0406",
        "source_node": "N107",
        "target_node": "N106",
        "road_class": "collector",
        "lanes": 2,
        "free_flow_speed_kmh": 60.0,
        "capacity_vph": 1800.0,
        "length_km": 1.578,
        "grade_pct": 0.62,
        "structural_bottleneck": false,
        "importance": 0.5692463364488993,
        "signal_id": "SIG048"
      }
    },
    {
      "type": "Feature",
      "geometry": {
        "type": "LineString",
        "coordinates": [
          [
            78.5362673,
            17.4834909
          ],
          [
            78.5363759,
            17.484219
          ],
          [
            78.536342,
            17.484957
          ],
          [
            78.5362793,
            17.4857162
          ],
          [
            78.5362181,
            17.4864949
          ],
          [
            78.5361636,
            17.4872875
          ],
          [
            78.536096,
            17.4880844
          ],
          [
            78.535984,
            17.4888745
          ],
          [
            78.5358063,
            17.4896479
          ],
          [
            78.5355659,
            17.4903987
          ],
          [
            78.5352914,
            17.491125
          ],
          [
            78.5350225,
            17.4918264
          ],
          [
            78.5348634,
            17.4925129
          ]
        ]
      },
      "properties": {
        "segment_id": "R0407",
        "source_node": "N106",
        "target_node": "N118",
        "road_class": "collector",
        "lanes": 1,
        "free_flow_speed_kmh": 30.0,
        "capacity_vph": 900.0,
        "length_km": 1.484,
        "grade_pct": 0.1,
        "structural_bottleneck": false,
        "importance": 0.8273048134941154,
        "signal_id": "SIG085"
      }
    },
    {
      "type": "Feature",
      "geometry": {
        "type": "LineString",
        "coordinates": [
          [
            78.5352982,
            17.4925805
          ],
          [
            78.5355701,
            17.4919116
          ],
          [
            78.5357854,
            17.4912018
          ],
          [
            78.5360038,
            17.4904668
          ],
          [
            78.5362287,
            17.4897136
          ],
          [
            78.5364379,
            17.4889451
          ],
          [
            78.5365986,
            17.4881626
          ],
          [
            78.5366876,
            17.487369
          ],
          [
            78.5367067,
            17.486571
          ],
          [
            78.5366831,
            17.4857791
          ],
          [
            78.5366545,
            17.4850056
          ],
          [
            78.5366492,
            17.4842615
          ],
          [
            78.5367021,
            17.4835585
          ]
        ]
      },
      "properties": {
        "segment_id": "R0408",
        "source_node": "N118",
        "target_node": "N106",
        "road_class": "collector",
        "lanes": 3,
        "free_flow_speed_kmh": 50.0,
        "capacity_vph": 2700.0,
        "length_km": 1.773,
        "grade_pct": 1.84,
        "structural_bottleneck": false,
        "importance": 0.6249365673742207,
        "signal_id": "SIG048"
      }
    },
    {
      "type": "Feature",
      "geometry": {
        "type": "LineString",
        "coordinates": [
          [
            78.5518717,
            17.4835589
          ],
          [
            78.5527261,
            17.4841304
          ],
          [
            78.5536309,
            17.484523
          ],
          [
            78.5545758,
            17.4847739
          ],
          [
            78.555551,
            17.4849159
          ],
          [
            78.556546,
            17.4849924
          ],
          [
            78.5575508,
            17.4850365
          ],
          [
            78.5585571,
            17.4850561
          ],
          [
            78.5595578,
            17.4850339
          ],
          [
            78.5605465,
            17.4849416
          ],
          [
            78.5615163,
            17.4847612
          ],
          [
            78.5624586,
            17.4845001
          ],
          [
            78.563362,
            17.4842208
          ]
        ]
      },
      "properties": {
        "segment_id": "R0409",
        "source_node": "N107",
        "target_node": "N108",
        "road_class": "collector",
        "lanes": 2,
        "free_flow_speed_kmh": 40.0,
        "capacity_vph": 1800.0,
        "length_km": 1.138,
        "grade_pct": -1.71,
        "structural_bottleneck": false,
        "importance": 0.5882917501831074,
        "signal_id": "SIG080"
      }
    },
    {
      "type": "Feature",
      "geometry": {
        "type": "LineString",
        "coordinates": [
          [
            78.5633874,
            17.4837816
          ],
          [
            78.5624736,
            17.4842412
          ],
          [
            78.5615289,
            17.4845423
          ],
          [
            78.5605607,
            17.4846951
          ],
          [
            78.5595755,
            17.4847262
          ],
          [
            78.5585789,
            17.4846787
          ],
          [
            78.5575764,
            17.4845921
          ],
          [
            78.5565753,
            17.4844841
          ],
          [
            78.5555839,
            17.4843451
          ],
          [
            78.5546118,
            17.484149
          ],
          [
            78.5536683,
            17.4838735
          ],
          [
            78.5527614,
            17.4835179
          ],
          [
            78.5518971,
            17.4831197
          ]
        ]
      },
      "properties": {
        "segment_id": "R0410",
        "source_node": "N108",
        "target_node": "N107",
        "road_class": "collector",
        "lanes": 2,
        "free_flow_speed_kmh": 30.0,
        "capacity_vph": 1800.0,
        "length_km": 1.765,
        "grade_pct": 3.25,
        "structural_bottleneck": false,
        "importance": 0.6094291180422768,
        "signal_id": "SIG039"
      }
    },
    {
      "type": "Feature",
      "geometry": {
        "type": "LineString",
        "coordinates": [
          [
            78.5516762,
            17.4832681
          ],
          [
            78.5515685,
            17.4840959
          ],
          [
            78.5514974,
            17.4849752
          ],
          [
            78.5513912,
            17.4858737
          ],
          [
            78.5512236,
            17.4867746
          ],
          [
            78.550972,
            17.4876624
          ],
          [
            78.5506349,
            17.4885287
          ],
          [
            78.5502361,
            17.489374
          ],
          [
            78.5498152,
            17.4902038
          ],
          [
            78.5494078,
            17.4910227
          ],
          [
            78.5490288,
            17.4918279
          ],
          [
            78.5486675,
            17.492608
          ],
          [
            78.5482365,
            17.4933252
          ]
        ]
      },
      "properties": {
        "segment_id": "R0411",
        "source_node": "N107",
        "target_node": "N119",
        "road_class": "collector",
        "lanes": 3,
        "free_flow_speed_kmh": 60.0,
        "capacity_vph": 2700.0,
        "length_km": 1.291,
        "grade_pct": -1.97,
        "structural_bottleneck": false,
        "importance": 0.7711719503887663,
        "signal_id": "SIG084"
      }
    },
    {
      "type": "Feature",
      "geometry": {
        "type": "LineString",
        "coordinates": [
          [
            78.5486529,
            17.4934676
          ],
          [
            78.5491133,
            17.4927604
          ],
          [
            78.5496283,
            17.492033
          ],
          [
            78.5500921,
            17.4912568
          ],
          [
            78.5504778,
            17.4904305
          ],
          [
            78.5507794,
            17.4895598
          ],
          [
            78.5510165,
            17.4886592
          ],
          [
            78.5512242,
            17.4877486
          ],
          [
            78.5514333,
            17.4868463
          ],
          [
            78.5516537,
            17.4859635
          ],
          [
            78.5518695,
            17.4851024
          ],
          [
            78.5520497,
            17.4842604
          ],
          [
            78.5520926,
            17.4834105
          ]
        ]
      },
      "properties": {
        "segment_id": "R0412",
        "source_node": "N119",
        "target_node": "N107",
        "road_class": "collector",
        "lanes": 1,
        "free_flow_speed_kmh": 40.0,
        "capacity_vph": 900.0,
        "length_km": 1.042,
        "grade_pct": -0.26,
        "structural_bottleneck": false,
        "importance": 0.7888949120207928,
        "signal_id": "SIG039"
      }
    },
    {
      "type": "Feature",
      "geometry": {
        "type": "LineString",
        "coordinates": [
          [
            78.563161,
            17.483949
          ],
          [
            78.5632569,
            17.4847185
          ],
          [
            78.5633207,
            17.4855139
          ],
          [
            78.5632841,
            17.4863117
          ],
          [
            78.5631454,
            17.4871047
          ],
          [
            78.5629295,
            17.4878923
          ],
          [
            78.5626763,
            17.4886775
          ],
          [
            78.5624216,
            17.4894624
          ],
          [
            78.5621792,
            17.4902435
          ],
          [
            78.5619369,
            17.4910112
          ],
          [
            78.5616666,
            17.4917519
          ],
          [
            78.5613452,
            17.4924532
          ],
          [
            78.5609261,
            17.4930969
          ]
        ]
      },
      "properties": {
        "segment_id": "R0413",
        "source_node": "N108",
        "target_node": "N120",
        "road_class": "collector",
        "lanes": 1,
        "free_flow_speed_kmh": 30.0,
        "capacity_vph": 900.0,
        "length_km": 1.07,
        "grade_pct": 0.8,
        "structural_bottleneck": false,
        "importance": 0.8278398616748452,
        "signal_id": "SIG089"
      }
    },
    {
      "type": "Feature",
      "geometry": {
        "type": "LineString",
        "coordinates": [
          [
            78.5613535,
            17.4932013
          ],
          [
            78.5618527,
            17.4925772
          ],
          [
            78.5622447,
            17.4918931
          ],
          [
            78.5625391,
            17.4911584
          ],
          [
            78.562758,
            17.4903849
          ],
          [
            78.5629386,
            17.4895887
          ],
          [
            78.5631136,
            17.4887844
          ],
          [
            78.5632934,
            17.4879812
          ],
          [
            78.5634624,
            17.4871821
          ],
          [
            78.5635897,
            17.4863863
          ],
          [
            78.5636492,
            17.4855941
          ],
          [
            78.5636368,
            17.4848113
          ],
          [
            78.5635884,
            17.4840534
          ]
        ]
      },
      "properties": {
        "segment_id": "R0414",
        "source_node": "N120",
        "target_node": "N108",
        "road_class": "collector",
        "lanes": 3,
        "free_flow_speed_kmh": 40.0,
        "capacity_vph": 2700.0,
        "length_km": 1.46,
        "grade_pct": 3.16,
        "structural_bottleneck": false,
        "importance": 0.7935336876710504,
        "signal_id": "SIG080"
      }
    },
    {
      "type": "Feature",
      "geometry": {
        "type": "LineString",
        "coordinates": [
          [
            78.3418908,
            17.4713617
          ],
          [
            78.3429532,
            17.4719672
          ],
          [
            78.3440666,
            17.4725845
          ],
          [
            78.3452365,
            17.4731353
          ],
          [
            78.346458,
            17.4735913
          ],
          [
            78.347725,
            17.4739291
          ],
          [
            78.3490272,
            17.4741477
          ],
          [
            78.3503487,
            17.4742725
          ],
          [
            78.3516703,
            17.4743438
          ],
          [
            78.3529743,
            17.4743971
          ],
          [
            78.3542472,
            17.4744453
          ],
          [
            78.355481,
            17.4744751
          ],
          [
            78.3566842,
            17.4743932
          ]
        ]
      },
      "properties": {
        "segment_id": "R0415",
        "source_node": "N109",
        "target_node": "N110",
        "road_class": "collector",
        "lanes": 3,
        "free_flow_speed_kmh": 30.0,
        "capacity_vph": 2700.0,
        "length_km": 1.517,
        "grade_pct": -3.1,
        "structural_bottleneck": false,
        "importance": 0.8117714212315259,
        "signal_id": "SIG081"
      }
    },
    {
      "type": "Feature",
      "geometry": {
        "type": "LineString",
        "coordinates": [
          [
            78.3567726,
            17.4739622
          ],
          [
            78.3555508,
            17.4741347
          ],
          [
            78.354279,
            17.4742902
          ],
          [
            78.3529886,
            17.4743274
          ],
          [
            78.3516942,
            17.4742275
          ],
          [
            78.3504057,
            17.4739941
          ],
          [
            78.3491278,
            17.4736571
          ],
          [
            78.3478619,
            17.4732611
          ],
          [
            78.3466108,
            17.4728455
          ],
          [
            78.3453816,
            17.4724272
          ],
          [
            78.3441871,
            17.4719967
          ],
          [
            78.3430428,
            17.4715298
          ],
          [
            78.3419792,
            17.4709307
          ]
        ]
      },
      "properties": {
        "segment_id": "R0416",
        "source_node": "N110",
        "target_node": "N109",
        "road_class": "collector",
        "lanes": 2,
        "free_flow_speed_kmh": 40.0,
        "capacity_vph": 1800.0,
        "length_km": 1.01,
        "grade_pct": -2.76,
        "structural_bottleneck": false,
        "importance": 0.5705050340033828,
        "signal_id": null
      }
    },
    {
      "type": "Feature",
      "geometry": {
        "type": "LineString",
        "coordinates": [
          [
            78.3566861,
            17.4743936
          ],
          [
            78.3579098,
            17.4745245
          ],
          [
            78.3591757,
            17.4747283
          ],
          [
            78.3604872,
            17.4749293
          ],
          [
            78.3618352,
            17.4751167
          ],
          [
            78.3632052,
            17.4753063
          ],
          [
            78.3645802,
            17.4755285
          ],
          [
            78.365944,
            17.4758077
          ],
          [
            78.3672849,
            17.476146
          ],
          [
            78.3685965,
            17.4765191
          ],
          [
            78.3698751,
            17.4768879
          ],
          [
            78.3711159,
            17.4772192
          ],
          [
            78.3723182,
            17.4774599
          ]
        ]
      },
      "properties": {
        "segment_id": "R0417",
        "source_node": "N110",
        "target_node": "N111",
        "road_class": "collector",
        "lanes": 2,
        "free_flow_speed_kmh": 30.0,
        "capacity_vph": 1800.0,
        "length_km": 0.869,
        "grade_pct": -3.15,
        "structural_bottleneck": false,
        "importance": 0.7608504130409492,
        "signal_id": "SIG082"
      }
    },
    {
      "type": "Feature",
      "geometry": {
        "type": "LineString",
        "coordinates": [
          [
            78.3724028,
            17.4770281
          ],
          [
            78.3712122,
            17.4767284
          ],
          [
            78.3699721,
            17.4763932
          ],
          [
            78.3686917,
            17.4760337
          ],
          [
            78.3673783,
            17.4756702
          ],
          [
            78.3660363,
            17.4753371
          ],
          [
            78.3646715,
            17.4750629
          ],
          [
            78.3632941,
            17.4748533
          ],
          [
            78.3619193,
            17.4746877
          ],
          [
            78.3605653,
            17.4745312
          ],
          [
            78.3592489,
            17.4743549
          ],
          [
            78.3579828,
            17.4741525
          ],
          [
            78.3567707,
            17.4739618
          ]
        ]
      },
      "properties": {
        "segment_id": "R0418",
        "source_node": "N111",
        "target_node": "N110",
        "road_class": "collector",
        "lanes": 3,
        "free_flow_speed_kmh": 40.0,
        "capacity_vph": 2700.0,
        "length_km": 1.737,
        "grade_pct": 3.99,
        "structural_bottleneck": false,
        "importance": 0.6465084055059319,
        "signal_id": "SIG081"
      }
    },
    {
      "type": "Feature",
      "geometry": {
        "type": "LineString",
        "coordinates": [
          [
            78.3723368,
            17.4775631
          ],
          [
            78.3742649,
            17.4776426
          ],
          [
            78.3762856,
            17.4776492
          ],
          [
            78.3783752,
            17.477668
          ],
          [
            78.3805139,
            17.4777306
          ],
          [
            78.3826824,
            17.4778621
          ],
          [
            78.3848631,
            17.4780642
          ],
          [
            78.3870404,
            17.4783122
          ],
          [
            78.3891998,
            17.4785668
          ],
          [
            78.3913262,
            17.4787953
          ],
          [
            78.3934029,
            17.4789882
          ],
          [
            78.3954111,
            17.4791628
          ],
          [
            78.3973261,
            17.4794184
          ]
        ]
      },
      "properties": {
        "segment_id": "R0419",
        "source_node": "N111",
        "target_node": "N112",
        "road_class": "arterial",
        "lanes": 1,
        "free_flow_speed_kmh": 50.0,
        "capacity_vph": 1035.0,
        "length_km": 1.771,
        "grade_pct": -1.9,
        "structural_bottleneck": false,
        "importance": 1.191450660768099,
        "signal_id": null
      }
    },
    {
      "type": "Feature",
      "geometry": {
        "type": "LineString",
        "coordinates": [
          [
            78.3973735,
            17.4787802
          ],
          [
            78.3954571,
            17.4785435
          ],
          [
            78.3934584,
            17.4782399
          ],
          [
            78.3913899,
            17.4779367
          ],
          [
            78.3892668,
            17.4776647
          ],
          [
            78.387104,
            17.4774554
          ],
          [
            78.3849183,
            17.4773211
          ],
          [
            78.3827281,
            17.4772465
          ],
          [
            78.3805535,
            17.4771971
          ],
          [
            78.3784146,
            17.4771377
          ],
          [
            78.3763299,
            17.4770524
          ],
          [
            78.3743161,
            17.4769525
          ],
          [
            78.3723842,
            17.4769249
          ]
        ]
      },
      "properties": {
        "segment_id": "R0420",
        "source_node": "N112",
        "target_node": "N111",
        "road_class": "arterial",
        "lanes": 2,
        "free_flow_speed_kmh": 50.0,
        "capacity_vph": 2070.0,
        "length_km": 1.494,
        "grade_pct": -1.31,
        "structural_bottleneck": false,
        "importance": 1.2952214019442945,
        "signal_id": "SIG082"
      }
    },
    {
      "type": "Feature",
      "geometry": {
        "type": "LineString",
        "coordinates": [
          [
            78.3973148,
            17.4793165
          ],
          [
            78.3990345,
            17.4794657
          ],
          [
            78.4008418,
            17.4795593
          ],
          [
            78.402704,
            17.479703
          ],
          [
            78.4046009,
            17.479924
          ],
          [
            78.4065156,
            17.4802301
          ],
          [
            78.4084354,
            17.480602
          ],
          [
            78.4103508,
            17.4810015
          ],
          [
            78.4122522,
            17.4813899
          ],
          [
            78.414127,
            17.481748
          ],
          [
            78.4159583,
            17.4820835
          ],
          [
            78.4177259,
            17.4824234
          ],
          [
            78.4193971,
            17.4828737
          ]
        ]
      },
      "properties": {
        "segment_id": "R0421",
        "source_node": "N112",
        "target_node": "N113",
        "road_class": "collector",
        "lanes": 1,
        "free_flow_speed_kmh": 30.0,
        "capacity_vph": 900.0,
        "length_km": 0.838,
        "grade_pct": -2.43,
        "structural_bottleneck": false,
        "importance": 0.5861904177302765,
        "signal_id": "SIG083"
      }
    },
    {
      "type": "Feature",
      "geometry": {
        "type": "LineString",
        "coordinates": [
          [
            78.4194671,
            17.4824393
          ],
          [
            78.417798,
            17.4819757
          ],
          [
            78.4160538,
            17.4814907
          ],
          [
            78.4142361,
            17.4810711
          ],
          [
            78.4123586,
            17.4807293
          ],
          [
            78.4104395,
            17.4804505
          ],
          [
            78.4085,
            17.4802008
          ],
          [
            78.4065612,
            17.4799468
          ],
          [
            78.4046411,
            17.4796743
          ],
          [
            78.4027534,
            17.4793962
          ],
          [
            78.4009087,
            17.4791444
          ],
          [
            78.3991175,
            17.4789505
          ],
          [
            78.3973848,
            17.4788821
          ]
        ]
      },
      "properties": {
        "segment_id": "R0422",
        "source_node": "N113",
        "target_node": "N112",
        "road_class": "collector",
        "lanes": 3,
        "free_flow_speed_kmh": 60.0,
        "capacity_vph": 2700.0,
        "length_km": 1.173,
        "grade_pct": -1.92,
        "structural_bottleneck": false,
        "importance": 0.6692942395338175,
        "signal_id": null
      }
    },
    {
      "type": "Feature",
      "geometry": {
        "type": "LineString",
        "coordinates": [
          [
            78.4193978,
            17.4828738
          ],
          [
            78.4212104,
            17.4828988
          ],
          [
            78.4230898,
            17.4830193
          ],
          [
            78.425019,
            17.4832405
          ],
          [
            78.4269846,
            17.4835419
          ],
          [
            78.4289765,
            17.4838846
          ],
          [
            78.4309844,
            17.48423
          ],
          [
            78.4329948,
            17.4845591
          ],
          [
            78.4349902,
            17.4848801
          ],
          [
            78.4369498,
            17.4852198
          ],
          [
            78.4388531,
            17.4856046
          ],
          [
            78.4406826,
            17.4860413
          ],
          [
            78.4424255,
            17.4865079
          ]
        ]
      },
      "properties": {
        "segment_id": "R0423",
        "source_node": "N113",
        "target_node": "N114",
        "road_class": "collector",
        "lanes": 1,
        "free_flow_speed_kmh": 50.0,
        "capacity_vph": 900.0,
        "length_km": 1.706,
        "grade_pct": 1.53,
        "structural_bottleneck": false,
        "importance": 0.8201251637812643,
        "signal_id": "SIG078"
      }
    },
    {
      "type": "Feature",
      "geometry": {
        "type": "LineString",
        "coordinates": [
          [
            78.4424941,
            17.4860733
          ],
          [
            78.4407667,
            17.4855084
          ],
          [
            78.4389351,
            17.4850846
          ],
          [
            78.4370273,
            17.4847287
          ],
          [
            78.435065,
            17.4844061
          ],
          [
            78.4330699,
            17.4840835
          ],
          [
            78.4310606,
            17.4837471
          ],
          [
            78.4290514,
            17.4834104
          ],
          [
            78.4270535,
            17.4831052
          ],
          [
            78.4250786,
            17.4828626
          ],
          [
            78.4231412,
            17.4826939
          ],
          [
            78.4212602,
            17.4825834
          ],
          [
            78.4194664,
            17.4824392
          ]
        ]
      },
      "properties": {
        "segment_id": "R0424",
        "source_node": "N114",
        "target_node": "N113",
        "road_class": "collector",
        "lanes": 3,
        "free_flow_speed_kmh": 50.0,
        "capacity_vph": 2700.0,
        "length_km": 1.171,
        "grade_pct": 3.57,
        "structural_bottleneck": false,
        "importance": 0.7291803414537809,
        "signal_id": "SIG083"
      }
    },
    {
      "type": "Feature",
      "geometry": {
        "type": "LineString",
        "coordinates": [
          [
            78.4424327,
            17.4866095
          ],
          [
            78.4447512,
            17.4865338
          ],
          [
            78.4471593,
            17.4866305
          ],
          [
            78.4496464,
            17.4867808
          ],
          [
            78.4521947,
            17.4869467
          ],
          [
            78.4547849,
            17.48711
          ],
          [
            78.4573954,
            17.4872804
          ],
          [
            78.4600029,
            17.4874855
          ],
          [
            78.4625844,
            17.4877523
          ],
          [
            78.4651183,
            17.4880873
          ],
          [
            78.4675857,
            17.4884697
          ],
          [
            78.4699688,
            17.4888603
          ],
          [
            78.472257,
            17.4891414
          ]
        ]
      },
      "properties": {
        "segment_id": "R0425",
        "source_node": "N114",
        "target_node": "N115",
        "road_class": "arterial",
        "lanes": 2,
        "free_flow_speed_kmh": 40.0,
        "capacity_vph": 2070.0,
        "length_km": 0.766,
        "grade_pct": -1.02,
        "structural_bottleneck": false,
        "importance": 1.102354279316926,
        "signal_id": "SIG086"
      }
    },
    {
      "type": "Feature",
      "geometry": {
        "type": "LineString",
        "coordinates": [
          [
            78.4723112,
            17.4885036
          ],
          [
            78.4700344,
            17.4880878
          ],
          [
            78.4676452,
            17.4877684
          ],
          [
            78.4651718,
            17.4874577
          ],
          [
            78.4626362,
            17.4871415
          ],
          [
            78.4600583,
            17.4868328
          ],
          [
            78.4574563,
            17.4865632
          ],
          [
            78.4548484,
            17.4863625
          ],
          [
            78.4522546,
            17.4862403
          ],
          [
            78.4496975,
            17.4861788
          ],
          [
            78.4472008,
            17.4861421
          ],
          [
            78.4447884,
            17.4860955
          ],
          [
            78.4424869,
            17.4859717
          ]
        ]
      },
      "properties": {
        "segment_id": "R0426",
        "source_node": "N115",
        "target_node": "N114",
        "road_class": "arterial",
        "lanes": 3,
        "free_flow_speed_kmh": 40.0,
        "capacity_vph": 3105.0,
        "length_km": 1.281,
        "grade_pct": 3.52,
        "structural_bottleneck": false,
        "importance": 1.2567137155706232,
        "signal_id": "SIG078"
      }
    },
    {
      "type": "Feature",
      "geometry": {
        "type": "LineString",
        "coordinates": [
          [
            78.472258,
            17.4890409
          ],
          [
            78.4736437,
            17.4890306
          ],
          [
            78.4750889,
            17.4890439
          ],
          [
            78.4765828,
            17.4890689
          ],
          [
            78.4781115,
            17.4891156
          ],
          [
            78.4796593,
            17.489212
          ],
          [
            78.4812105,
            17.4893844
          ],
          [
            78.4827519,
            17.4896386
          ],
          [
            78.4842736,
            17.4899532
          ],
          [
            78.4857679,
            17.4902887
          ],
          [
            78.4872266,
            17.4906077
          ],
          [
            78.4886394,
            17.4908928
          ],
          [
            78.489992,
            17.4911593
          ]
        ]
      },
      "properties": {
        "segment_id": "R0427",
        "source_node": "N115",
        "target_node": "N116",
        "road_class": "collector",
        "lanes": 3,
        "free_flow_speed_kmh": 30.0,
        "capacity_vph": 2700.0,
        "length_km": 1.414,
        "grade_pct": -2.43,
        "structural_bottleneck": false,
        "importance": 0.5717989990489436,
        "signal_id": "SIG087"
      }
    },
    {
      "type": "Feature",
      "geometry": {
        "type": "LineString",
        "coordinates": [
          [
            78.4900442,
            17.4907225
          ],
          [
            78.4886987,
            17.4903969
          ],
          [
            78.4872973,
            17.4900159
          ],
          [
            78.4858438,
            17.4896528
          ],
          [
            78.4843471,
            17.4893386
          ],
          [
            78.482816,
            17.4891021
          ],
          [
            78.4812622,
            17.4889515
          ],
          [
            78.4797004,
            17.488868
          ],
          [
            78.4781475,
            17.4888147
          ],
          [
            78.4766201,
            17.488757
          ],
          [
            78.4751323,
            17.4886808
          ],
          [
            78.4736952,
            17.4885994
          ],
          [
            78.4723102,
            17.4886041
          ]
        ]
      },
      "properties": {
        "segment_id": "R0428",
        "source_node": "N116",
        "target_node": "N115",
        "road_class": "collector",
        "lanes": 3,
        "free_flow_speed_kmh": 40.0,
        "capacity_vph": 2700.0,
        "length_km": 1.692,
        "grade_pct": 2.28,
        "structural_bottleneck": false,
        "importance": 0.7495023154083293,
        "signal_id": "SIG086"
      }
    },
    {
      "type": "Feature",
      "geometry": {
        "type": "LineString",
        "coordinates": [
          [
            78.4899964,
            17.4911598
          ],
          [
            78.4913211,
            17.4910893
          ],
          [
            78.4927095,
            17.4909761
          ],
          [
            78.4941391,
            17.4909277
          ],
          [
            78.4955953,
            17.4909702
          ],
          [
            78.4970657,
            17.4911086
          ],
          [
            78.4985408,
            17.4913207
          ],
          [
            78.5000125,
            17.4915668
          ],
          [
            78.5014727,
            17.4918095
          ],
          [
            78.5029111,
            17.4920325
          ],
          [
            78.5043146,
            17.4922464
          ],
          [
            78.5056687,
            17.4924797
          ],
          [
            78.506951,
            17.4928375
          ]
        ]
      },
      "properties": {
        "segment_id": "R0429",
        "source_node": "N116",
        "target_node": "N117",
        "road_class": "collector",
        "lanes": 2,
        "free_flow_speed_kmh": 50.0,
        "capacity_vph": 1800.0,
        "length_km": 0.884,
        "grade_pct": -3.49,
        "structural_bottleneck": false,
        "importance": 0.811649198120589,
        "signal_id": "SIG077"
      }
    },
    {
      "type": "Feature",
      "geometry": {
        "type": "LineString",
        "coordinates": [
          [
            78.5069944,
            17.4923997
          ],
          [
            78.5057111,
            17.4920516
          ],
          [
            78.5043736,
            17.4916499
          ],
          [
            78.5029836,
            17.4912996
          ],
          [
            78.5015497,
            17.4910314
          ],
          [
            78.5000825,
            17.4908602
          ],
          [
            78.4985949,
            17.4907738
          ],
          [
            78.4971024,
            17.4907379
          ],
          [
            78.4956206,
            17.4907137
          ],
          [
            78.4941637,
            17.4906787
          ],
          [
            78.4927431,
            17.4906369
          ],
          [
            78.4913681,
            17.4906149
          ],
          [
            78.4900398,
            17.490722
          ]
        ]
      },
      "properties": {
        "segment_id": "R0430",
        "source_node": "N117",
        "target_node": "N116",
        "road_class": "collector",
        "lanes": 2,
        "free_flow_speed_kmh": 40.0,
        "capacity_vph": 1800.0,
        "length_km": 1.629,
        "grade_pct": 3.78,
        "structural_bottleneck": false,
        "importance": 0.7203990322686009,
        "signal_id": "SIG087"
      }
    },
    {
      "type": "Feature",
      "geometry": {
        "type": "LineString",
        "coordinates": [
          [
            78.5069735,
            17.4929386
          ],
          [
            78.5091367,
            17.4928245
          ],
          [
            78.5113973,
            17.4926679
          ],
          [
            78.5137361,
            17.4925659
          ],
          [
            78.5161337,
            17.492535
          ],
          [
            78.5185705,
            17.4925643
          ],
          [
            78.5210268,
            17.492621
          ],
          [
            78.5234832,
            17.4926681
          ],
          [
            78.5259199,
            17.4926851
          ],
          [
            78.5283176,
            17.4926785
          ],
          [
            78.5306567,
            17.4926767
          ],
          [
            78.5329178,
            17.4927125
          ],
          [
            78.5350816,
            17.4928667
          ]
        ]
      },
      "properties": {
        "segment_id": "R0431",
        "source_node": "N117",
        "target_node": "N118",
        "road_class": "arterial",
        "lanes": 2,
        "free_flow_speed_kmh": 30.0,
        "capacity_vph": 2070.0,
        "length_km": 0.968,
        "grade_pct": -2.5,
        "structural_bottleneck": false,
        "importance": 1.0220433323770004,
        "signal_id": "SIG085"
      }
    },
    {
      "type": "Feature",
      "geometry": {
        "type": "LineString",
        "coordinates": [
          [
            78.53508,
            17.4922267
          ],
          [
            78.5329161,
            17.4920549
          ],
          [
            78.5306548,
            17.4919317
          ],
          [
            78.5283155,
            17.491884
          ],
          [
            78.5259179,
            17.4919006
          ],
          [
            78.5234813,
            17.491948
          ],
          [
            78.5210252,
            17.4919891
          ],
          [
            78.518569,
            17.4920034
          ],
          [
            78.5161323,
            17.4919975
          ],
          [
            78.5137347,
            17.492
          ],
          [
            78.5113957,
            17.4920432
          ],
          [
            78.5091349,
            17.4921428
          ],
          [
            78.5069719,
            17.4922986
          ]
        ]
      },
      "properties": {
        "segment_id": "R0432",
        "source_node": "N118",
        "target_node": "N117",
        "road_class": "arterial",
        "lanes": 2,
        "free_flow_speed_kmh": 40.0,
        "capacity_vph": 2070.0,
        "length_km": 0.794,
        "grade_pct": 0.08,
        "structural_bottleneck": false,
        "importance": 1.0643335653297843,
        "signal_id": "SIG077"
      }
    },
    {
      "type": "Feature",
      "geometry": {
        "type": "LineString",
        "coordinates": [
          [
            78.5350668,
            17.4927663
          ],
          [
            78.5361092,
            17.4926149
          ],
          [
            78.5371898,
            17.492595
          ],
          [
            78.5383032,
            17.4926453
          ],
          [
            78.5394423,
            17.4927316
          ],
          [
            78.5406001,
            17.4928163
          ],
          [
            78.5417687,
            17.4928786
          ],
          [
            78.5429382,
            17.4929248
          ],
          [
            78.5440977,
            17.4929828
          ],
          [
            78.5452359,
            17.4930841
          ],
          [
            78.5463423,
            17.4932434
          ],
          [
            78.5474087,
            17.4934484
          ],
          [
            78.5484307,
            17.493616
          ]
        ]
      },
      "properties": {
        "segment_id": "R0433",
        "source_node": "N118",
        "target_node": "N119",
        "road_class": "collector",
        "lanes": 2,
        "free_flow_speed_kmh": 30.0,
        "capacity_vph": 1800.0,
        "length_km": 1.298,
        "grade_pct": 3.37,
        "structural_bottleneck": false,
        "importance": 0.7896799463661233,
        "signal_id": "SIG084"
      }
    },
    {
      "type": "Feature",
      "geometry": {
        "type": "LineString",
        "coordinates": [
          [
            78.5484587,
            17.4931768
          ],
          [
            78.5474434,
            17.4929026
          ],
          [
            78.546372,
            17.4927768
          ],
          [
            78.5452611,
            17.4926868
          ],
          [
            78.5441223,
            17.4925962
          ],
          [
            78.5429662,
            17.4924853
          ],
          [
            78.5418015,
            17.492362
          ],
          [
            78.5406358,
            17.4922555
          ],
          [
            78.5394762,
            17.4921981
          ],
          [
            78.5383312,
            17.4922052
          ],
          [
            78.5372108,
            17.492265
          ],
          [
            78.5361264,
            17.4923443
          ],
          [
            78.5350948,
            17.4923271
          ]
        ]
      },
      "properties": {
        "segment_id": "R0434",
        "source_node": "N119",
        "target_node": "N118",
        "road_class": "collector",
        "lanes": 3,
        "free_flow_speed_kmh": 60.0,
        "capacity_vph": 2700.0,
        "length_km": 1.708,
        "grade_pct": -0.4,
        "structural_bottleneck": false,
        "importance": 0.750411795778777,
        "signal_id": "SIG085"
      }
    },
    {
      "type": "Feature",
      "geometry": {
        "type": "LineString",
        "coordinates": [
          [
            78.548449,
            17.4936164
          ],
          [
            78.5494229,
            17.4934338
          ],
          [
            78.550443,
            17.493355
          ],
          [
            78.5514984,
            17.4932809
          ],
          [
            78.5525799,
            17.4931915
          ],
          [
            78.553679,
            17.4930946
          ],
          [
            78.5547873,
            17.4930188
          ],
          [
            78.5558966,
            17.4929961
          ],
          [
            78.5569985,
            17.4930408
          ],
          [
            78.5580837,
            17.4931403
          ],
          [
            78.5591429,
            17.4932603
          ],
          [
            78.5601665,
            17.4933639
          ],
          [
            78.5611441,
            17.4933691
          ]
        ]
      },
      "properties": {
        "segment_id": "R0435",
        "source_node": "N119",
        "target_node": "N120",
        "road_class": "collector",
        "lanes": 2,
        "free_flow_speed_kmh": 50.0,
        "capacity_vph": 1800.0,
        "length_km": 1.018,
        "grade_pct": 0.51,
        "structural_bottleneck": false,
        "importance": 0.6075352181956777,
        "signal_id": "SIG089"
      }
    },
    {
      "type": "Feature",
      "geometry": {
        "type": "LineString",
        "coordinates": [
          [
            78.5611355,
            17.4929291
          ],
          [
            78.5601562,
            17.4928354
          ],
          [
            78.5591332,
            17.4927598
          ],
          [
            78.5580746,
            17.492675
          ],
          [
            78.5569896,
            17.4925882
          ],
          [
            78.5558875,
            17.4925282
          ],
          [
            78.5547777,
            17.4925259
          ],
          [
            78.5536693,
            17.4925952
          ],
          [
            78.5525708,
            17.4927223
          ],
          [
            78.5514904,
            17.4928724
          ],
          [
            78.5504362,
            17.4930081
          ],
          [
            78.5494166,
            17.4931095
          ],
          [
            78.5484404,
            17.4931764
          ]
        ]
      },
      "properties": {
        "segment_id": "R0436",
        "source_node": "N120",
        "target_node": "N119",
        "road_class": "collector",
        "lanes": 3,
        "free_flow_speed_kmh": 30.0,
        "capacity_vph": 2700.0,
        "length_km": 1.088,
        "grade_pct": -0.13,
        "structural_bottleneck": false,
        "importance": 0.6227857333487494,
        "signal_id": "SIG084"
      }
    },
    {
      "type": "Feature",
      "geometry": {
        "type": "Point",
        "coordinates": [
          78.3666192,
          17.3437317
        ]
      },
      "properties": {
        "node_id": "N001",
        "degree": 2,
        "signal_id": "SIG088",
        "cycle_s": 100.0,
        "green_ratio": 0.423,
        "is_signalized": true,
        "type": "intersection"
      }
    },
    {
      "type": "Feature",
      "geometry": {
        "type": "Point",
        "coordinates": [
          78.3788229,
          17.3431137
        ]
      },
      "properties": {
        "node_id": "N002",
        "degree": 3,
        "signal_id": "SIG069",
        "cycle_s": 90.0,
        "green_ratio": 0.617,
        "is_signalized": true,
        "type": "intersection"
      }
    },
    {
      "type": "Feature",
      "geometry": {
        "type": "Point",
        "coordinates": [
          78.400048,
          17.3425033
        ]
      },
      "properties": {
        "node_id": "N003",
        "degree": 3,
        "signal_id": "SIG065",
        "cycle_s": 120.0,
        "green_ratio": 0.571,
        "is_signalized": true,
        "type": "intersection"
      }
    },
    {
      "type": "Feature",
      "geometry": {
        "type": "Point",
        "coordinates": [
          78.4253766,
          17.3467533
        ]
      },
      "properties": {
        "node_id": "N004",
        "degree": 3,
        "signal_id": null,
        "cycle_s": null,
        "green_ratio": null,
        "is_signalized": false,
        "type": "intersection"
      }
    },
    {
      "type": "Feature",
      "geometry": {
        "type": "Point",
        "coordinates": [
          78.450219,
          17.3485971
        ]
      },
      "properties": {
        "node_id": "N005",
        "degree": 3,
        "signal_id": "SIG062",
        "cycle_s": 120.0,
        "green_ratio": 0.511,
        "is_signalized": true,
        "type": "intersection"
      }
    },
    {
      "type": "Feature",
      "geometry": {
        "type": "Point",
        "coordinates": [
          78.4731563,
          17.3495768
        ]
      },
      "properties": {
        "node_id": "N006",
        "degree": 3,
        "signal_id": "SIG072",
        "cycle_s": 100.0,
        "green_ratio": 0.421,
        "is_signalized": true,
        "type": "intersection"
      }
    },
    {
      "type": "Feature",
      "geometry": {
        "type": "Point",
        "coordinates": [
          78.4967793,
          17.3536482
        ]
      },
      "properties": {
        "node_id": "N007",
        "degree": 3,
        "signal_id": null,
        "cycle_s": null,
        "green_ratio": null,
        "is_signalized": false,
        "type": "intersection"
      }
    },
    {
      "type": "Feature",
      "geometry": {
        "type": "Point",
        "coordinates": [
          78.515735,
          17.3569631
        ]
      },
      "properties": {
        "node_id": "N008",
        "degree": 3,
        "signal_id": "SIG071",
        "cycle_s": 100.0,
        "green_ratio": 0.494,
        "is_signalized": true,
        "type": "intersection"
      }
    },
    {
      "type": "Feature",
      "geometry": {
        "type": "Point",
        "coordinates": [
          78.535961,
          17.3590256
        ]
      },
      "properties": {
        "node_id": "N009",
        "degree": 3,
        "signal_id": null,
        "cycle_s": null,
        "green_ratio": null,
        "is_signalized": false,
        "type": "intersection"
      }
    },
    {
      "type": "Feature",
      "geometry": {
        "type": "Point",
        "coordinates": [
          78.5597789,
          17.3645597
        ]
      },
      "properties": {
        "node_id": "N010",
        "degree": 3,
        "signal_id": "SIG064",
        "cycle_s": 90.0,
        "green_ratio": 0.452,
        "is_signalized": true,
        "type": "intersection"
      }
    },
    {
      "type": "Feature",
      "geometry": {
        "type": "Point",
        "coordinates": [
          78.573166,
          17.3673405
        ]
      },
      "properties": {
        "node_id": "N011",
        "degree": 3,
        "signal_id": null,
        "cycle_s": null,
        "green_ratio": null,
        "is_signalized": false,
        "type": "intersection"
      }
    },
    {
      "type": "Feature",
      "geometry": {
        "type": "Point",
        "coordinates": [
          78.5851,
          17.370378
        ]
      },
      "properties": {
        "node_id": "N012",
        "degree": 2,
        "signal_id": null,
        "cycle_s": null,
        "green_ratio": null,
        "is_signalized": false,
        "type": "intersection"
      }
    },
    {
      "type": "Feature",
      "geometry": {
        "type": "Point",
        "coordinates": [
          78.3625256,
          17.3532927
        ]
      },
      "properties": {
        "node_id": "N013",
        "degree": 3,
        "signal_id": "SIG061",
        "cycle_s": 100.0,
        "green_ratio": 0.462,
        "is_signalized": true,
        "type": "intersection"
      }
    },
    {
      "type": "Feature",
      "geometry": {
        "type": "Point",
        "coordinates": [
          78.3793612,
          17.3519306
        ]
      },
      "properties": {
        "node_id": "N014",
        "degree": 4,
        "signal_id": null,
        "cycle_s": null,
        "green_ratio": null,
        "is_signalized": false,
        "type": "intersection"
      }
    },
    {
      "type": "Feature",
      "geometry": {
        "type": "Point",
        "coordinates": [
          78.3965868,
          17.3534412
        ]
      },
      "properties": {
        "node_id": "N015",
        "degree": 4,
        "signal_id": "SIG001",
        "cycle_s": 90.0,
        "green_ratio": 0.507,
        "is_signalized": true,
        "type": "intersection"
      }
    },
    {
      "type": "Feature",
      "geometry": {
        "type": "Point",
        "coordinates": [
          78.4235767,
          17.3560575
        ]
      },
      "properties": {
        "node_id": "N016",
        "degree": 4,
        "signal_id": "SIG006",
        "cycle_s": 110.0,
        "green_ratio": 0.549,
        "is_signalized": true,
        "type": "intersection"
      }
    },
    {
      "type": "Feature",
      "geometry": {
        "type": "Point",
        "coordinates": [
          78.4470636,
          17.3573675
        ]
      },
      "properties": {
        "node_id": "N017",
        "degree": 4,
        "signal_id": null,
        "cycle_s": null,
        "green_ratio": null,
        "is_signalized": false,
        "type": "intersection"
      }
    },
    {
      "type": "Feature",
      "geometry": {
        "type": "Point",
        "coordinates": [
          78.4702444,
          17.3596349
        ]
      },
      "properties": {
        "node_id": "N018",
        "degree": 4,
        "signal_id": "SIG004",
        "cycle_s": 90.0,
        "green_ratio": 0.518,
        "is_signalized": true,
        "type": "intersection"
      }
    },
    {
      "type": "Feature",
      "geometry": {
        "type": "Point",
        "coordinates": [
          78.4942693,
          17.3621193
        ]
      },
      "properties": {
        "node_id": "N019",
        "degree": 4,
        "signal_id": "SIG005",
        "cycle_s": 110.0,
        "green_ratio": 0.433,
        "is_signalized": true,
        "type": "intersection"
      }
    },
    {
      "type": "Feature",
      "geometry": {
        "type": "Point",
        "coordinates": [
          78.5137207,
          17.3662
        ]
      },
      "properties": {
        "node_id": "N020",
        "degree": 4,
        "signal_id": null,
        "cycle_s": null,
        "green_ratio": null,
        "is_signalized": false,
        "type": "intersection"
      }
    },
    {
      "type": "Feature",
      "geometry": {
        "type": "Point",
        "coordinates": [
          78.5354936,
          17.3693506
        ]
      },
      "properties": {
        "node_id": "N021",
        "degree": 4,
        "signal_id": "SIG007",
        "cycle_s": 110.0,
        "green_ratio": 0.619,
        "is_signalized": true,
        "type": "intersection"
      }
    },
    {
      "type": "Feature",
      "geometry": {
        "type": "Point",
        "coordinates": [
          78.5579115,
          17.3746747
        ]
      },
      "properties": {
        "node_id": "N022",
        "degree": 4,
        "signal_id": "SIG003",
        "cycle_s": 120.0,
        "green_ratio": 0.503,
        "is_signalized": true,
        "type": "intersection"
      }
    },
    {
      "type": "Feature",
      "geometry": {
        "type": "Point",
        "coordinates": [
          78.5719897,
          17.3780188
        ]
      },
      "properties": {
        "node_id": "N023",
        "degree": 4,
        "signal_id": "SIG002",
        "cycle_s": 110.0,
        "green_ratio": 0.585,
        "is_signalized": true,
        "type": "intersection"
      }
    },
    {
      "type": "Feature",
      "geometry": {
        "type": "Point",
        "coordinates": [
          78.5846983,
          17.3787211
        ]
      },
      "properties": {
        "node_id": "N024",
        "degree": 3,
        "signal_id": "SIG063",
        "cycle_s": 110.0,
        "green_ratio": 0.586,
        "is_signalized": true,
        "type": "intersection"
      }
    },
    {
      "type": "Feature",
      "geometry": {
        "type": "Point",
        "coordinates": [
          78.3582853,
          17.3646834
        ]
      },
      "properties": {
        "node_id": "N025",
        "degree": 3,
        "signal_id": "SIG068",
        "cycle_s": 100.0,
        "green_ratio": 0.497,
        "is_signalized": true,
        "type": "intersection"
      }
    },
    {
      "type": "Feature",
      "geometry": {
        "type": "Point",
        "coordinates": [
          78.3758864,
          17.3632318
        ]
      },
      "properties": {
        "node_id": "N026",
        "degree": 4,
        "signal_id": "SIG018",
        "cycle_s": 100.0,
        "green_ratio": 0.449,
        "is_signalized": true,
        "type": "intersection"
      }
    },
    {
      "type": "Feature",
      "geometry": {
        "type": "Point",
        "coordinates": [
          78.3972856,
          17.3659172
        ]
      },
      "properties": {
        "node_id": "N027",
        "degree": 4,
        "signal_id": "SIG017",
        "cycle_s": 100.0,
        "green_ratio": 0.425,
        "is_signalized": true,
        "type": "intersection"
      }
    },
    {
      "type": "Feature",
      "geometry": {
        "type": "Point",
        "coordinates": [
          78.4199593,
          17.3682644
        ]
      },
      "properties": {
        "node_id": "N028",
        "degree": 4,
        "signal_id": "SIG016",
        "cycle_s": 120.0,
        "green_ratio": 0.523,
        "is_signalized": true,
        "type": "intersection"
      }
    },
    {
      "type": "Feature",
      "geometry": {
        "type": "Point",
        "coordinates": [
          78.4429401,
          17.3684285
        ]
      },
      "properties": {
        "node_id": "N029",
        "degree": 4,
        "signal_id": "SIG015",
        "cycle_s": 100.0,
        "green_ratio": 0.532,
        "is_signalized": true,
        "type": "intersection"
      }
    },
    {
      "type": "Feature",
      "geometry": {
        "type": "Point",
        "coordinates": [
          78.4655531,
          17.3719546
        ]
      },
      "properties": {
        "node_id": "N030",
        "degree": 4,
        "signal_id": null,
        "cycle_s": null,
        "green_ratio": null,
        "is_signalized": false,
        "type": "intersection"
      }
    },
    {
      "type": "Feature",
      "geometry": {
        "type": "Point",
        "coordinates": [
          78.4908037,
          17.3755926
        ]
      },
      "properties": {
        "node_id": "N031",
        "degree": 4,
        "signal_id": "SIG014",
        "cycle_s": 120.0,
        "green_ratio": 0.556,
        "is_signalized": true,
        "type": "intersection"
      }
    },
    {
      "type": "Feature",
      "geometry": {
        "type": "Point",
        "coordinates": [
          78.5119471,
          17.3781482
        ]
      },
      "properties": {
        "node_id": "N032",
        "degree": 4,
        "signal_id": null,
        "cycle_s": null,
        "green_ratio": null,
        "is_signalized": false,
        "type": "intersection"
      }
    },
    {
      "type": "Feature",
      "geometry": {
        "type": "Point",
        "coordinates": [
          78.5341755,
          17.3840704
        ]
      },
      "properties": {
        "node_id": "N033",
        "degree": 4,
        "signal_id": null,
        "cycle_s": null,
        "green_ratio": null,
        "is_signalized": false,
        "type": "intersection"
      }
    },
    {
      "type": "Feature",
      "geometry": {
        "type": "Point",
        "coordinates": [
          78.5556762,
          17.3869764
        ]
      },
      "properties": {
        "node_id": "N034",
        "degree": 4,
        "signal_id": "SIG012",
        "cycle_s": 110.0,
        "green_ratio": 0.56,
        "is_signalized": true,
        "type": "intersection"
      }
    },
    {
      "type": "Feature",
      "geometry": {
        "type": "Point",
        "coordinates": [
          78.5712485,
          17.3900183
        ]
      },
      "properties": {
        "node_id": "N035",
        "degree": 4,
        "signal_id": "SIG011",
        "cycle_s": 100.0,
        "green_ratio": 0.425,
        "is_signalized": true,
        "type": "intersection"
      }
    },
    {
      "type": "Feature",
      "geometry": {
        "type": "Point",
        "coordinates": [
          78.5845687,
          17.3914209
        ]
      },
      "properties": {
        "node_id": "N036",
        "degree": 3,
        "signal_id": "SIG070",
        "cycle_s": 100.0,
        "green_ratio": 0.616,
        "is_signalized": true,
        "type": "intersection"
      }
    },
    {
      "type": "Feature",
      "geometry": {
        "type": "Point",
        "coordinates": [
          78.3568588,
          17.3817313
        ]
      },
      "properties": {
        "node_id": "N037",
        "degree": 3,
        "signal_id": null,
        "cycle_s": null,
        "green_ratio": null,
        "is_signalized": false,
        "type": "intersection"
      }
    },
    {
      "type": "Feature",
      "geometry": {
        "type": "Point",
        "coordinates": [
          78.370386,
          17.3835011
        ]
      },
      "properties": {
        "node_id": "N038",
        "degree": 4,
        "signal_id": "SIG010",
        "cycle_s": 100.0,
        "green_ratio": 0.478,
        "is_signalized": true,
        "type": "intersection"
      }
    },
    {
      "type": "Feature",
      "geometry": {
        "type": "Point",
        "coordinates": [
          78.3894045,
          17.3839092
        ]
      },
      "properties": {
        "node_id": "N039",
        "degree": 4,
        "signal_id": "SIG009",
        "cycle_s": 110.0,
        "green_ratio": 0.522,
        "is_signalized": true,
        "type": "intersection"
      }
    },
    {
      "type": "Feature",
      "geometry": {
        "type": "Point",
        "coordinates": [
          78.4170572,
          17.3868312
        ]
      },
      "properties": {
        "node_id": "N040",
        "degree": 4,
        "signal_id": "SIG013",
        "cycle_s": 110.0,
        "green_ratio": 0.541,
        "is_signalized": true,
        "type": "intersection"
      }
    },
    {
      "type": "Feature",
      "geometry": {
        "type": "Point",
        "coordinates": [
          78.4383302,
          17.388711
        ]
      },
      "properties": {
        "node_id": "N041",
        "degree": 4,
        "signal_id": null,
        "cycle_s": null,
        "green_ratio": null,
        "is_signalized": false,
        "type": "intersection"
      }
    },
    {
      "type": "Feature",
      "geometry": {
        "type": "Point",
        "coordinates": [
          78.4603584,
          17.3888895
        ]
      },
      "properties": {
        "node_id": "N042",
        "degree": 4,
        "signal_id": null,
        "cycle_s": null,
        "green_ratio": null,
        "is_signalized": false,
        "type": "intersection"
      }
    },
    {
      "type": "Feature",
      "geometry": {
        "type": "Point",
        "coordinates": [
          78.4879521,
          17.3934086
        ]
      },
      "properties": {
        "node_id": "N043",
        "degree": 4,
        "signal_id": "SIG008",
        "cycle_s": 100.0,
        "green_ratio": 0.475,
        "is_signalized": true,
        "type": "intersection"
      }
    },
    {
      "type": "Feature",
      "geometry": {
        "type": "Point",
        "coordinates": [
          78.5098029,
          17.3970428
        ]
      },
      "properties": {
        "node_id": "N044",
        "degree": 4,
        "signal_id": null,
        "cycle_s": null,
        "green_ratio": null,
        "is_signalized": false,
        "type": "intersection"
      }
    },
    {
      "type": "Feature",
      "geometry": {
        "type": "Point",
        "coordinates": [
          78.5299077,
          17.3993148
        ]
      },
      "properties": {
        "node_id": "N045",
        "degree": 4,
        "signal_id": null,
        "cycle_s": null,
        "green_ratio": null,
        "is_signalized": false,
        "type": "intersection"
      }
    },
    {
      "type": "Feature",
      "geometry": {
        "type": "Point",
        "coordinates": [
          78.5518698,
          17.4032898
        ]
      },
      "properties": {
        "node_id": "N046",
        "degree": 4,
        "signal_id": "SIG021",
        "cycle_s": 110.0,
        "green_ratio": 0.485,
        "is_signalized": true,
        "type": "intersection"
      }
    },
    {
      "type": "Feature",
      "geometry": {
        "type": "Point",
        "coordinates": [
          78.5683045,
          17.4074119
        ]
      },
      "properties": {
        "node_id": "N047",
        "degree": 4,
        "signal_id": null,
        "cycle_s": null,
        "green_ratio": null,
        "is_signalized": false,
        "type": "intersection"
      }
    },
    {
      "type": "Feature",
      "geometry": {
        "type": "Point",
        "coordinates": [
          78.5813716,
          17.4095906
        ]
      },
      "properties": {
        "node_id": "N048",
        "degree": 3,
        "signal_id": null,
        "cycle_s": null,
        "green_ratio": null,
        "is_signalized": false,
        "type": "intersection"
      }
    },
    {
      "type": "Feature",
      "geometry": {
        "type": "Point",
        "coordinates": [
          78.3535399,
          17.3976231
        ]
      },
      "properties": {
        "node_id": "N049",
        "degree": 3,
        "signal_id": null,
        "cycle_s": null,
        "green_ratio": null,
        "is_signalized": false,
        "type": "intersection"
      }
    },
    {
      "type": "Feature",
      "geometry": {
        "type": "Point",
        "coordinates": [
          78.3673093,
          17.3998512
        ]
      },
      "properties": {
        "node_id": "N050",
        "degree": 4,
        "signal_id": null,
        "cycle_s": null,
        "green_ratio": null,
        "is_signalized": false,
        "type": "intersection"
      }
    },
    {
      "type": "Feature",
      "geometry": {
        "type": "Point",
        "coordinates": [
          78.3845718,
          17.4010103
        ]
      },
      "properties": {
        "node_id": "N051",
        "degree": 4,
        "signal_id": null,
        "cycle_s": null,
        "green_ratio": null,
        "is_signalized": false,
        "type": "intersection"
      }
    },
    {
      "type": "Feature",
      "geometry": {
        "type": "Point",
        "coordinates": [
          78.4118319,
          17.4028434
        ]
      },
      "properties": {
        "node_id": "N052",
        "degree": 4,
        "signal_id": "SIG020",
        "cycle_s": 100.0,
        "green_ratio": 0.553,
        "is_signalized": true,
        "type": "intersection"
      }
    },
    {
      "type": "Feature",
      "geometry": {
        "type": "Point",
        "coordinates": [
          78.4337894,
          17.4052092
        ]
      },
      "properties": {
        "node_id": "N053",
        "degree": 4,
        "signal_id": "SIG024",
        "cycle_s": 100.0,
        "green_ratio": 0.554,
        "is_signalized": true,
        "type": "intersection"
      }
    },
    {
      "type": "Feature",
      "geometry": {
        "type": "Point",
        "coordinates": [
          78.4555207,
          17.4061504
        ]
      },
      "properties": {
        "node_id": "N054",
        "degree": 4,
        "signal_id": "SIG023",
        "cycle_s": 90.0,
        "green_ratio": 0.531,
        "is_signalized": true,
        "type": "intersection"
      }
    },
    {
      "type": "Feature",
      "geometry": {
        "type": "Point",
        "coordinates": [
          78.4881006,
          17.4082405
        ]
      },
      "properties": {
        "node_id": "N055",
        "degree": 4,
        "signal_id": "SIG019",
        "cycle_s": 90.0,
        "green_ratio": 0.486,
        "is_signalized": true,
        "type": "intersection"
      }
    },
    {
      "type": "Feature",
      "geometry": {
        "type": "Point",
        "coordinates": [
          78.5054883,
          17.4121933
        ]
      },
      "properties": {
        "node_id": "N056",
        "degree": 4,
        "signal_id": "SIG022",
        "cycle_s": 90.0,
        "green_ratio": 0.487,
        "is_signalized": true,
        "type": "intersection"
      }
    },
    {
      "type": "Feature",
      "geometry": {
        "type": "Point",
        "coordinates": [
          78.5284416,
          17.4148732
        ]
      },
      "properties": {
        "node_id": "N057",
        "degree": 4,
        "signal_id": "SIG038",
        "cycle_s": 120.0,
        "green_ratio": 0.468,
        "is_signalized": true,
        "type": "intersection"
      }
    },
    {
      "type": "Feature",
      "geometry": {
        "type": "Point",
        "coordinates": [
          78.5484527,
          17.4189168
        ]
      },
      "properties": {
        "node_id": "N058",
        "degree": 4,
        "signal_id": "SIG037",
        "cycle_s": 110.0,
        "green_ratio": 0.553,
        "is_signalized": true,
        "type": "intersection"
      }
    },
    {
      "type": "Feature",
      "geometry": {
        "type": "Point",
        "coordinates": [
          78.5669435,
          17.4215606
        ]
      },
      "properties": {
        "node_id": "N059",
        "degree": 4,
        "signal_id": "SIG036",
        "cycle_s": 120.0,
        "green_ratio": 0.582,
        "is_signalized": true,
        "type": "intersection"
      }
    },
    {
      "type": "Feature",
      "geometry": {
        "type": "Point",
        "coordinates": [
          78.5780051,
          17.4238474
        ]
      },
      "properties": {
        "node_id": "N060",
        "degree": 3,
        "signal_id": "SIG074",
        "cycle_s": 110.0,
        "green_ratio": 0.476,
        "is_signalized": true,
        "type": "intersection"
      }
    },
    {
      "type": "Feature",
      "geometry": {
        "type": "Point",
        "coordinates": [
          78.3509727,
          17.4113211
        ]
      },
      "properties": {
        "node_id": "N061",
        "degree": 3,
        "signal_id": null,
        "cycle_s": null,
        "green_ratio": null,
        "is_signalized": false,
        "type": "intersection"
      }
    },
    {
      "type": "Feature",
      "geometry": {
        "type": "Point",
        "coordinates": [
          78.3641875,
          17.4128566
        ]
      },
      "properties": {
        "node_id": "N062",
        "degree": 4,
        "signal_id": "SIG035",
        "cycle_s": 100.0,
        "green_ratio": 0.518,
        "is_signalized": true,
        "type": "intersection"
      }
    },
    {
      "type": "Feature",
      "geometry": {
        "type": "Point",
        "coordinates": [
          78.3817287,
          17.4155408
        ]
      },
      "properties": {
        "node_id": "N063",
        "degree": 4,
        "signal_id": "SIG033",
        "cycle_s": 90.0,
        "green_ratio": 0.506,
        "is_signalized": true,
        "type": "intersection"
      }
    },
    {
      "type": "Feature",
      "geometry": {
        "type": "Point",
        "coordinates": [
          78.4078757,
          17.4176701
        ]
      },
      "properties": {
        "node_id": "N064",
        "degree": 4,
        "signal_id": "SIG034",
        "cycle_s": 110.0,
        "green_ratio": 0.613,
        "is_signalized": true,
        "type": "intersection"
      }
    },
    {
      "type": "Feature",
      "geometry": {
        "type": "Point",
        "coordinates": [
          78.4290658,
          17.4192252
        ]
      },
      "properties": {
        "node_id": "N065",
        "degree": 4,
        "signal_id": "SIG032",
        "cycle_s": 100.0,
        "green_ratio": 0.467,
        "is_signalized": true,
        "type": "intersection"
      }
    },
    {
      "type": "Feature",
      "geometry": {
        "type": "Point",
        "coordinates": [
          78.4545895,
          17.4220971
        ]
      },
      "properties": {
        "node_id": "N066",
        "degree": 4,
        "signal_id": null,
        "cycle_s": null,
        "green_ratio": null,
        "is_signalized": false,
        "type": "intersection"
      }
    },
    {
      "type": "Feature",
      "geometry": {
        "type": "Point",
        "coordinates": [
          78.4842229,
          17.4268696
        ]
      },
      "properties": {
        "node_id": "N067",
        "degree": 4,
        "signal_id": "SIG029",
        "cycle_s": 120.0,
        "green_ratio": 0.595,
        "is_signalized": true,
        "type": "intersection"
      }
    },
    {
      "type": "Feature",
      "geometry": {
        "type": "Point",
        "coordinates": [
          78.5042457,
          17.4290297
        ]
      },
      "properties": {
        "node_id": "N068",
        "degree": 4,
        "signal_id": "SIG028",
        "cycle_s": 90.0,
        "green_ratio": 0.608,
        "is_signalized": true,
        "type": "intersection"
      }
    },
    {
      "type": "Feature",
      "geometry": {
        "type": "Point",
        "coordinates": [
          78.5222284,
          17.4320785
        ]
      },
      "properties": {
        "node_id": "N069",
        "degree": 4,
        "signal_id": "SIG031",
        "cycle_s": 110.0,
        "green_ratio": 0.51,
        "is_signalized": true,
        "type": "intersection"
      }
    },
    {
      "type": "Feature",
      "geometry": {
        "type": "Point",
        "coordinates": [
          78.5453183,
          17.4354177
        ]
      },
      "properties": {
        "node_id": "N070",
        "degree": 4,
        "signal_id": "SIG030",
        "cycle_s": 110.0,
        "green_ratio": 0.613,
        "is_signalized": true,
        "type": "intersection"
      }
    },
    {
      "type": "Feature",
      "geometry": {
        "type": "Point",
        "coordinates": [
          78.5629506,
          17.4396846
        ]
      },
      "properties": {
        "node_id": "N071",
        "degree": 4,
        "signal_id": null,
        "cycle_s": null,
        "green_ratio": null,
        "is_signalized": false,
        "type": "intersection"
      }
    },
    {
      "type": "Feature",
      "geometry": {
        "type": "Point",
        "coordinates": [
          78.5753409,
          17.4424814
        ]
      },
      "properties": {
        "node_id": "N072",
        "degree": 3,
        "signal_id": "SIG076",
        "cycle_s": 90.0,
        "green_ratio": 0.607,
        "is_signalized": true,
        "type": "intersection"
      }
    },
    {
      "type": "Feature",
      "geometry": {
        "type": "Point",
        "coordinates": [
          78.3464352,
          17.4258212
        ]
      },
      "properties": {
        "node_id": "N073",
        "degree": 3,
        "signal_id": "SIG075",
        "cycle_s": 90.0,
        "green_ratio": 0.512,
        "is_signalized": true,
        "type": "intersection"
      }
    },
    {
      "type": "Feature",
      "geometry": {
        "type": "Point",
        "coordinates": [
          78.3594974,
          17.429703
        ]
      },
      "properties": {
        "node_id": "N074",
        "degree": 4,
        "signal_id": "SIG026",
        "cycle_s": 120.0,
        "green_ratio": 0.618,
        "is_signalized": true,
        "type": "intersection"
      }
    },
    {
      "type": "Feature",
      "geometry": {
        "type": "Point",
        "coordinates": [
          78.3809503,
          17.4329206
        ]
      },
      "properties": {
        "node_id": "N075",
        "degree": 4,
        "signal_id": "SIG027",
        "cycle_s": 120.0,
        "green_ratio": 0.565,
        "is_signalized": true,
        "type": "intersection"
      }
    },
    {
      "type": "Feature",
      "geometry": {
        "type": "Point",
        "coordinates": [
          78.4024555,
          17.4342025
        ]
      },
      "properties": {
        "node_id": "N076",
        "degree": 4,
        "signal_id": null,
        "cycle_s": null,
        "green_ratio": null,
        "is_signalized": false,
        "type": "intersection"
      }
    },
    {
      "type": "Feature",
      "geometry": {
        "type": "Point",
        "coordinates": [
          78.4269997,
          17.4376212
        ]
      },
      "properties": {
        "node_id": "N077",
        "degree": 4,
        "signal_id": "SIG056",
        "cycle_s": 90.0,
        "green_ratio": 0.553,
        "is_signalized": true,
        "type": "intersection"
      }
    },
    {
      "type": "Feature",
      "geometry": {
        "type": "Point",
        "coordinates": [
          78.4493027,
          17.4421745
        ]
      },
      "properties": {
        "node_id": "N078",
        "degree": 4,
        "signal_id": "SIG058",
        "cycle_s": 120.0,
        "green_ratio": 0.533,
        "is_signalized": true,
        "type": "intersection"
      }
    },
    {
      "type": "Feature",
      "geometry": {
        "type": "Point",
        "coordinates": [
          78.4802868,
          17.4444004
        ]
      },
      "properties": {
        "node_id": "N079",
        "degree": 4,
        "signal_id": "SIG057",
        "cycle_s": 90.0,
        "green_ratio": 0.422,
        "is_signalized": true,
        "type": "intersection"
      }
    },
    {
      "type": "Feature",
      "geometry": {
        "type": "Point",
        "coordinates": [
          78.500712,
          17.4444222
        ]
      },
      "properties": {
        "node_id": "N080",
        "degree": 4,
        "signal_id": "SIG059",
        "cycle_s": 120.0,
        "green_ratio": 0.462,
        "is_signalized": true,
        "type": "intersection"
      }
    },
    {
      "type": "Feature",
      "geometry": {
        "type": "Point",
        "coordinates": [
          78.5206382,
          17.4512574
        ]
      },
      "properties": {
        "node_id": "N081",
        "degree": 4,
        "signal_id": "SIG060",
        "cycle_s": 100.0,
        "green_ratio": 0.516,
        "is_signalized": true,
        "type": "intersection"
      }
    },
    {
      "type": "Feature",
      "geometry": {
        "type": "Point",
        "coordinates": [
          78.5426875,
          17.4525996
        ]
      },
      "properties": {
        "node_id": "N082",
        "degree": 4,
        "signal_id": null,
        "cycle_s": null,
        "green_ratio": null,
        "is_signalized": false,
        "type": "intersection"
      }
    },
    {
      "type": "Feature",
      "geometry": {
        "type": "Point",
        "coordinates": [
          78.5606182,
          17.4535277
        ]
      },
      "properties": {
        "node_id": "N083",
        "degree": 4,
        "signal_id": "SIG025",
        "cycle_s": 110.0,
        "green_ratio": 0.524,
        "is_signalized": true,
        "type": "intersection"
      }
    },
    {
      "type": "Feature",
      "geometry": {
        "type": "Point",
        "coordinates": [
          78.5728258,
          17.4563112
        ]
      },
      "properties": {
        "node_id": "N084",
        "degree": 3,
        "signal_id": "SIG073",
        "cycle_s": 110.0,
        "green_ratio": 0.43,
        "is_signalized": true,
        "type": "intersection"
      }
    },
    {
      "type": "Feature",
      "geometry": {
        "type": "Point",
        "coordinates": [
          78.3429105,
          17.4472783
        ]
      },
      "properties": {
        "node_id": "N085",
        "degree": 3,
        "signal_id": "SIG066",
        "cycle_s": 100.0,
        "green_ratio": 0.583,
        "is_signalized": true,
        "type": "intersection"
      }
    },
    {
      "type": "Feature",
      "geometry": {
        "type": "Point",
        "coordinates": [
          78.3574457,
          17.4480373
        ]
      },
      "properties": {
        "node_id": "N086",
        "degree": 4,
        "signal_id": "SIG054",
        "cycle_s": 120.0,
        "green_ratio": 0.589,
        "is_signalized": true,
        "type": "intersection"
      }
    },
    {
      "type": "Feature",
      "geometry": {
        "type": "Point",
        "coordinates": [
          78.377296,
          17.4507614
        ]
      },
      "properties": {
        "node_id": "N087",
        "degree": 4,
        "signal_id": "SIG053",
        "cycle_s": 110.0,
        "green_ratio": 0.493,
        "is_signalized": true,
        "type": "intersection"
      }
    },
    {
      "type": "Feature",
      "geometry": {
        "type": "Point",
        "coordinates": [
          78.4007967,
          17.4539044
        ]
      },
      "properties": {
        "node_id": "N088",
        "degree": 4,
        "signal_id": null,
        "cycle_s": null,
        "green_ratio": null,
        "is_signalized": false,
        "type": "intersection"
      }
    },
    {
      "type": "Feature",
      "geometry": {
        "type": "Point",
        "coordinates": [
          78.4237592,
          17.4579915
        ]
      },
      "properties": {
        "node_id": "N089",
        "degree": 4,
        "signal_id": null,
        "cycle_s": null,
        "green_ratio": null,
        "is_signalized": false,
        "type": "intersection"
      }
    },
    {
      "type": "Feature",
      "geometry": {
        "type": "Point",
        "coordinates": [
          78.4451208,
          17.4594064
        ]
      },
      "properties": {
        "node_id": "N090",
        "degree": 4,
        "signal_id": "SIG052",
        "cycle_s": 90.0,
        "green_ratio": 0.46,
        "is_signalized": true,
        "type": "intersection"
      }
    },
    {
      "type": "Feature",
      "geometry": {
        "type": "Point",
        "coordinates": [
          78.4759221,
          17.4612966
        ]
      },
      "properties": {
        "node_id": "N091",
        "degree": 4,
        "signal_id": "SIG051",
        "cycle_s": 90.0,
        "green_ratio": 0.476,
        "is_signalized": true,
        "type": "intersection"
      }
    },
    {
      "type": "Feature",
      "geometry": {
        "type": "Point",
        "coordinates": [
          78.4981061,
          17.4641485
        ]
      },
      "properties": {
        "node_id": "N092",
        "degree": 4,
        "signal_id": "SIG050",
        "cycle_s": 120.0,
        "green_ratio": 0.576,
        "is_signalized": true,
        "type": "intersection"
      }
    },
    {
      "type": "Feature",
      "geometry": {
        "type": "Point",
        "coordinates": [
          78.5155345,
          17.4663801
        ]
      },
      "properties": {
        "node_id": "N093",
        "degree": 4,
        "signal_id": "SIG049",
        "cycle_s": 90.0,
        "green_ratio": 0.535,
        "is_signalized": true,
        "type": "intersection"
      }
    },
    {
      "type": "Feature",
      "geometry": {
        "type": "Point",
        "coordinates": [
          78.5389003,
          17.4720022
        ]
      },
      "properties": {
        "node_id": "N094",
        "degree": 4,
        "signal_id": "SIG055",
        "cycle_s": 90.0,
        "green_ratio": 0.506,
        "is_signalized": true,
        "type": "intersection"
      }
    },
    {
      "type": "Feature",
      "geometry": {
        "type": "Point",
        "coordinates": [
          78.5557226,
          17.4723325
        ]
      },
      "properties": {
        "node_id": "N095",
        "degree": 4,
        "signal_id": null,
        "cycle_s": null,
        "green_ratio": null,
        "is_signalized": false,
        "type": "intersection"
      }
    },
    {
      "type": "Feature",
      "geometry": {
        "type": "Point",
        "coordinates": [
          78.5681044,
          17.473684
        ]
      },
      "properties": {
        "node_id": "N096",
        "degree": 3,
        "signal_id": "SIG067",
        "cycle_s": 110.0,
        "green_ratio": 0.524,
        "is_signalized": true,
        "type": "intersection"
      }
    },
    {
      "type": "Feature",
      "geometry": {
        "type": "Point",
        "coordinates": [
          78.3422789,
          17.4604106
        ]
      },
      "properties": {
        "node_id": "N097",
        "degree": 3,
        "signal_id": "SIG079",
        "cycle_s": 120.0,
        "green_ratio": 0.49,
        "is_signalized": true,
        "type": "intersection"
      }
    },
    {
      "type": "Feature",
      "geometry": {
        "type": "Point",
        "coordinates": [
          78.354533,
          17.4632343
        ]
      },
      "properties": {
        "node_id": "N098",
        "degree": 4,
        "signal_id": "SIG045",
        "cycle_s": 100.0,
        "green_ratio": 0.506,
        "is_signalized": true,
        "type": "intersection"
      }
    },
    {
      "type": "Feature",
      "geometry": {
        "type": "Point",
        "coordinates": [
          78.3732128,
          17.4651753
        ]
      },
      "properties": {
        "node_id": "N099",
        "degree": 4,
        "signal_id": "SIG040",
        "cycle_s": 90.0,
        "green_ratio": 0.508,
        "is_signalized": true,
        "type": "intersection"
      }
    },
    {
      "type": "Feature",
      "geometry": {
        "type": "Point",
        "coordinates": [
          78.4019337,
          17.468475
        ]
      },
      "properties": {
        "node_id": "N100",
        "degree": 4,
        "signal_id": "SIG041",
        "cycle_s": 100.0,
        "green_ratio": 0.449,
        "is_signalized": true,
        "type": "intersection"
      }
    },
    {
      "type": "Feature",
      "geometry": {
        "type": "Point",
        "coordinates": [
          78.421358,
          17.4700988
        ]
      },
      "properties": {
        "node_id": "N101",
        "degree": 4,
        "signal_id": "SIG042",
        "cycle_s": 100.0,
        "green_ratio": 0.617,
        "is_signalized": true,
        "type": "intersection"
      }
    },
    {
      "type": "Feature",
      "geometry": {
        "type": "Point",
        "coordinates": [
          78.4412202,
          17.4726634
        ]
      },
      "properties": {
        "node_id": "N102",
        "degree": 4,
        "signal_id": "SIG044",
        "cycle_s": 100.0,
        "green_ratio": 0.465,
        "is_signalized": true,
        "type": "intersection"
      }
    },
    {
      "type": "Feature",
      "geometry": {
        "type": "Point",
        "coordinates": [
          78.4727399,
          17.4768962
        ]
      },
      "properties": {
        "node_id": "N103",
        "degree": 4,
        "signal_id": "SIG046",
        "cycle_s": 110.0,
        "green_ratio": 0.452,
        "is_signalized": true,
        "type": "intersection"
      }
    },
    {
      "type": "Feature",
      "geometry": {
        "type": "Point",
        "coordinates": [
          78.4955855,
          17.4800371
        ]
      },
      "properties": {
        "node_id": "N104",
        "degree": 4,
        "signal_id": "SIG043",
        "cycle_s": 100.0,
        "green_ratio": 0.472,
        "is_signalized": true,
        "type": "intersection"
      }
    },
    {
      "type": "Feature",
      "geometry": {
        "type": "Point",
        "coordinates": [
          78.5135683,
          17.482148
        ]
      },
      "properties": {
        "node_id": "N105",
        "degree": 4,
        "signal_id": "SIG047",
        "cycle_s": 110.0,
        "green_ratio": 0.461,
        "is_signalized": true,
        "type": "intersection"
      }
    },
    {
      "type": "Feature",
      "geometry": {
        "type": "Point",
        "coordinates": [
          78.5364847,
          17.4835247
        ]
      },
      "properties": {
        "node_id": "N106",
        "degree": 4,
        "signal_id": "SIG048",
        "cycle_s": 90.0,
        "green_ratio": 0.581,
        "is_signalized": true,
        "type": "intersection"
      }
    },
    {
      "type": "Feature",
      "geometry": {
        "type": "Point",
        "coordinates": [
          78.5518844,
          17.4833393
        ]
      },
      "properties": {
        "node_id": "N107",
        "degree": 4,
        "signal_id": "SIG039",
        "cycle_s": 100.0,
        "green_ratio": 0.454,
        "is_signalized": true,
        "type": "intersection"
      }
    },
    {
      "type": "Feature",
      "geometry": {
        "type": "Point",
        "coordinates": [
          78.5633747,
          17.4840012
        ]
      },
      "properties": {
        "node_id": "N108",
        "degree": 3,
        "signal_id": "SIG080",
        "cycle_s": 120.0,
        "green_ratio": 0.531,
        "is_signalized": true,
        "type": "intersection"
      }
    },
    {
      "type": "Feature",
      "geometry": {
        "type": "Point",
        "coordinates": [
          78.341935,
          17.4711462
        ]
      },
      "properties": {
        "node_id": "N109",
        "degree": 2,
        "signal_id": null,
        "cycle_s": null,
        "green_ratio": null,
        "is_signalized": false,
        "type": "intersection"
      }
    },
    {
      "type": "Feature",
      "geometry": {
        "type": "Point",
        "coordinates": [
          78.3567284,
          17.4741777
        ]
      },
      "properties": {
        "node_id": "N110",
        "degree": 3,
        "signal_id": "SIG081",
        "cycle_s": 110.0,
        "green_ratio": 0.447,
        "is_signalized": true,
        "type": "intersection"
      }
    },
    {
      "type": "Feature",
      "geometry": {
        "type": "Point",
        "coordinates": [
          78.3723605,
          17.477244
        ]
      },
      "properties": {
        "node_id": "N111",
        "degree": 3,
        "signal_id": "SIG082",
        "cycle_s": 110.0,
        "green_ratio": 0.507,
        "is_signalized": true,
        "type": "intersection"
      }
    },
    {
      "type": "Feature",
      "geometry": {
        "type": "Point",
        "coordinates": [
          78.3973498,
          17.4790993
        ]
      },
      "properties": {
        "node_id": "N112",
        "degree": 3,
        "signal_id": null,
        "cycle_s": null,
        "green_ratio": null,
        "is_signalized": false,
        "type": "intersection"
      }
    },
    {
      "type": "Feature",
      "geometry": {
        "type": "Point",
        "coordinates": [
          78.4194321,
          17.4826565
        ]
      },
      "properties": {
        "node_id": "N113",
        "degree": 3,
        "signal_id": "SIG083",
        "cycle_s": 90.0,
        "green_ratio": 0.494,
        "is_signalized": true,
        "type": "intersection"
      }
    },
    {
      "type": "Feature",
      "geometry": {
        "type": "Point",
        "coordinates": [
          78.4424598,
          17.4862906
        ]
      },
      "properties": {
        "node_id": "N114",
        "degree": 3,
        "signal_id": "SIG078",
        "cycle_s": 90.0,
        "green_ratio": 0.477,
        "is_signalized": true,
        "type": "intersection"
      }
    },
    {
      "type": "Feature",
      "geometry": {
        "type": "Point",
        "coordinates": [
          78.4722841,
          17.4888225
        ]
      },
      "properties": {
        "node_id": "N115",
        "degree": 3,
        "signal_id": "SIG086",
        "cycle_s": 110.0,
        "green_ratio": 0.529,
        "is_signalized": true,
        "type": "intersection"
      }
    },
    {
      "type": "Feature",
      "geometry": {
        "type": "Point",
        "coordinates": [
          78.4900181,
          17.4909409
        ]
      },
      "properties": {
        "node_id": "N116",
        "degree": 3,
        "signal_id": "SIG087",
        "cycle_s": 120.0,
        "green_ratio": 0.491,
        "is_signalized": true,
        "type": "intersection"
      }
    },
    {
      "type": "Feature",
      "geometry": {
        "type": "Point",
        "coordinates": [
          78.5069727,
          17.4926186
        ]
      },
      "properties": {
        "node_id": "N117",
        "degree": 3,
        "signal_id": "SIG077",
        "cycle_s": 120.0,
        "green_ratio": 0.444,
        "is_signalized": true,
        "type": "intersection"
      }
    },
    {
      "type": "Feature",
      "geometry": {
        "type": "Point",
        "coordinates": [
          78.5350808,
          17.4925467
        ]
      },
      "properties": {
        "node_id": "N118",
        "degree": 3,
        "signal_id": "SIG085",
        "cycle_s": 120.0,
        "green_ratio": 0.599,
        "is_signalized": true,
        "type": "intersection"
      }
    },
    {
      "type": "Feature",
      "geometry": {
        "type": "Point",
        "coordinates": [
          78.5484447,
          17.4933964
        ]
      },
      "properties": {
        "node_id": "N119",
        "degree": 3,
        "signal_id": "SIG084",
        "cycle_s": 90.0,
        "green_ratio": 0.459,
        "is_signalized": true,
        "type": "intersection"
      }
    },
    {
      "type": "Feature",
      "geometry": {
        "type": "Point",
        "coordinates": [
          78.5611398,
          17.4931491
        ]
      },
      "properties": {
        "node_id": "N120",
        "degree": 2,
        "signal_id": "SIG089",
        "cycle_s": 120.0,
        "green_ratio": 0.441,
        "is_signalized": true,
        "type": "intersection"
      }
    }
  ]
}